"Species","Record Share","Clears Screen","Range Share","Sample","Discovery (>=20%)"
"Discomorpha bisbiplagiata","100.00%","Yes","100.00%",3,"Yes"
"Gigantotrichoderes cummingi","100.00%","Yes","100.00%",3,"Yes"
"Eurycotis quadrisquamata","100.00%","Yes","100.00%",4,"Yes"
"Operclipygus marginipennis","100.00%","Yes",,2,
"Philipotabanus kompi","100.00%","Yes",,2,
"Eulissus oculatus","100.00%","Yes",,2,
"Bucculatrix caribbea","100.00%","Yes",,1,
"Coptotriche pulverea","100.00%","Yes",,2,
"Sermyle kujawskii","100.00%","Yes",,2,
"Bezzia cayoensis","100.00%","Yes",,1,
"Scaphytopius nanus","100.00%","Yes",,2,
"Phyllophaga bowditchi","100.00%","Yes",,1,
"Coptotriche forsteroniae","100.00%","Yes",,2,
"Agallia atra","100.00%","Yes",,1,
"Astrotischeria casila","100.00%","Yes",,2,
"Paratischeria tubifex","100.00%","Yes",,1,
"Piesocorynus sellatus","100.00%","Yes",,2,
"Ptomaphagus barbarae","100.00%","Yes",,1,
"Astrotischeria scutifera","100.00%","Yes",,1,
"Astrotischeria basilobata","100.00%","Yes",,1,
"Paratischeria robinsoni","100.00%","Yes",,1,
"Phaenithon castor","100.00%","Yes",,1,
"Megaplatypus godmani","100.00%","Yes",,1,
"Paraclius xibun","100.00%","Yes",,1,
"Dishkeya gouaniae","100.00%","Yes",,1,
"Erpetogomphus leptophis","100.00%","Yes",,2,
"Paratissa neotropica","100.00%","Yes",,2,
"Paryphoconus maya","100.00%","Yes",,1,
"Mayagryllus apterus","100.00%","Yes",,2,
"Planicephalus pallus","100.00%","Yes",,1,
"Eucyclotropis pylades","100.00%","Yes",,2,
"Euptychia wellingi","100.00%","Yes",,2,
"Deltocephalus buysi","100.00%","Yes",,1,
"Plagiogramma frontale","100.00%","Yes",,1,
"Glaucolepis argentosa","100.00%","Yes",,1,
"Clavilispinus paraguensis","100.00%","Yes",,1,
"Octavius belizensis","100.00%","Yes",,1,
"Molosoma opacum","100.00%","Yes",,1,
"Stenus macilentus","100.00%","Yes",,1,
"Leiodes nana","100.00%","Yes",,1,
"Megaphloeus imparilus","100.00%","Yes",,1,
"Paratischeria belizensis","100.00%","Yes",,1,
"Oreodera hoaedeni","100.00%","Yes",,1,
"Onthophagus longimanus","100.00%","Yes",,1,
"Onthophagus petenensis","100.00%","Yes",,1,
"Drycothaea spreta","100.00%","Yes",,1,
"Hydrochus mesoamericanus","100.00%","Yes",,1,
"Jikradia variabilis","100.00%","Yes",,1,
"Dictya garlandi","100.00%","Yes",,1,
"Hyptia pallidigena","100.00%","Yes",,1,
"Ochrotrichia blanca","100.00%","Yes",,1,
"Chaetochlorops scutellaris","100.00%","Yes",,1,
"Acrotaenia testudinea","100.00%","Yes",,1,
"Microlynchia furtiva","100.00%","Yes",,1,
"Culex yojoae","100.00%","Yes",,1,
"Anthrax xanthomeros","100.00%","Yes",,1,
"Dasypyga belizensis","100.00%","Yes",,1,
"Difundella dumiella","100.00%","Yes",,1,
"Heinrichiessa brunnella","100.00%","Yes",,1,
"Zamagiria lobata","100.00%","Yes",,1,
"Moodna subostrinella","100.00%","Yes",,1,
"Caviana fuscella","100.00%","Yes",,1,
"Nonia belizae","100.00%","Yes",,1,
"Caudellia pseudodeclivella","100.00%","Yes",,1,
"Dioryctria adamsi","100.00%","Yes",,1,
"Sematoneura albimaculata","100.00%","Yes",,1,
"Zonia zonia","100.00%","Yes",,1,
"Dumorpha gordana","100.00%","Yes",,1,
"Synogonia nasuta","100.00%","Yes",,1,
"Polana peda","100.00%","Yes",,1,
"Platypus darlingtoni","100.00%","Yes",,1,
"Exophthalmus lunaris","100.00%","Yes",,1,
"Sinuala schmidti","100.00%","Yes",,1,
"Bidessonotus caraibus","100.00%","Yes",,1,
"Physonota eucalypta","100.00%","Yes",,1,
"Ocoaxo ornatipennis","100.00%","Yes",,1,
"Macrophyllodromia rufidula","100.00%","Yes",,1,
"Pirangoclytus latithorax","100.00%","Yes",,1,
"Ponera nitidula","100.00%","Yes",,1,
"Dampfomyia disneyi","100.00%","Yes",,1,
"Anteon dykeae","100.00%","Yes",,1,
"Operclipygus wenzeli","100.00%","Yes",,1,
"Dryinus schueeppi","100.00%","Yes",,1,
"Zelus spatulosus","100.00%","Yes",,1,
"Coptotriche singularis","100.00%","Yes",,1,
"Acanthoscelides infractus","100.00%","Yes",,1,
"Aulacigaster belize","100.00%","Yes",,1,
"Ladoffa meiota","100.00%","Yes",,1,
"Halecia asperata","100.00%","Yes",,1,
"Helleriella rubricollis","100.00%","Yes",,1,
"Hesperolyra diskusi","100.00%","Yes",,1,
"Stigmella albilamina","100.00%","Yes",,1,
"Stigmella fuscilamina","100.00%","Yes",,1,
"Hegemona hondurensis","100.00%","Yes",,1,
"Centronopus bimaculatus","100.00%","Yes",,1,
"Astrotischeria furcata","100.00%","Yes",,1,
"Octavius peckorum","100.00%","Yes",,1,
"Ambrysus cayo","100.00%","Yes","100.00%",3,"Yes"
"Leucania mopan","100.00%","Yes","100.00%",3,"Yes"
"Hurleyella belizensis","100.00%","Yes","100.00%",5,"Yes"
"Paratetrapedia bifrons","100.00%","Yes","99.99%",3,"Yes"
"Paracalynda utilaensis","100.00%","Yes","99.98%",5,"Yes"
"Bidessonotus mobilis","100.00%","Yes","99.95%",11,"Yes"
"Diapetimorpha pedator","33.33%","Yes","99.94%",3,"Yes"
"Hegemona lineata","100.00%","Yes","99.32%",4,"Yes"
"Phanocles vosseleri","100.00%","Yes","98.68%",5,"Yes"
"Triatoma mopan","100.00%","Yes","98.30%",8,"Yes"
"Acrocercops ipomoeae","92.86%","Yes",,2,
"Chrysotus meridionalis","57.14%","Yes","92.32%",7,"Yes"
"Scaptotrigona ascheri","100.00%","Yes","91.66%",13,"Yes"
"Paratissa semilutea","90.91%","Yes",,2,
"Metcalfiella cinerea","90.00%","Yes",,2,
"Buchananius minutissimus","100.00%","Yes","89.01%",3,"Yes"
"Plecia rufithorax","87.50%","Yes",,2,
"Bidessonotus vicinus","73.91%","Yes","87.20%",20,"Yes"
"Rhyssomatus puncticollis","75.00%","Yes","81.17%",3,"Yes"
"Agallia teapae","80.00%","Yes",,2,
"Panchlora zendala","71.43%","Yes","79.34%",4,"Yes"
"Stenommatus fryi","75.00%","Yes",,2,
"Tabanus subruber","75.00%","Yes",,2,
"Aedes bertrami","40.00%","Yes","68.65%",5,"Yes"
"Astrotischeria selvica","66.67%","Yes",,2,
"Astrotischeria papilloma","66.67%","Yes",,2,
"Neocompsa thelgema","66.67%","Yes",,2,
"Megaplatypus chiriquensis","66.67%","Yes",,2,
"Amerohelea fasciata","66.67%","Yes",,2,
"Gypona aggluta","66.67%","Yes",,2,
"Basilia dubia","60.00%","Yes",,2,
"Heterogamus donstonei","7.04%","Yes","57.54%",17,"Yes"
"Conotrachelus diaconitus","95.83%","Yes","53.78%",6,"Yes"
"Saurita myrrha","12.50%","Yes","52.42%",3,"Yes"
"Ladoffa cavillator","57.14%","Yes","51.49%",7,"Yes"
"Syscia parva","26.67%","Yes","50.43%",7,"Yes"
"Ambrosiodmus devexus","50.00%","Yes",,2,
"Euplatypus longius","50.00%","Yes",,2,
"Neivamyrmex longiscapus","50.00%","Yes",,2,
"Ochrotrichia hondurenia","50.00%","Yes",,2,
"Paryphoconus flinti","50.00%","Yes",,2,
"Quentalia secatina","50.00%","Yes",,2,
"Hemiptiloceroides deltus","50.00%","Yes",,2,
"Diestostemma chinai","50.00%","Yes",,2,
"Phradmonicus fennahi","50.00%","Yes",,2,
"Gymnognathus clara","50.00%","Yes",,2,
"Bumaya knorozovi","50.00%","Yes",,2,
"Gnomidolon basicoeruleum","50.00%","Yes",,2,
"Prepops teapensis","50.00%","Yes",,2,
"Aporus chiapanus","50.00%","Yes",,2,
"Anteon pilicorne","50.00%","Yes",,2,
"Glyptotus yucatanus","50.00%","Yes",,2,
"Faula pilatei","50.00%","Yes",,2,
"Eresia eranites","50.00%","Yes",,2,
"Acaromimus sharpi","35.71%","Yes","46.48%",10,"Yes"
"Paratrigona lundelli","50.00%","Yes","45.66%",3,"Yes"
"Rugitermes unicolor","20.00%","Yes","44.01%",8,"Yes"
"Chromoteleia semilutea","75.00%","Yes","42.97%",4,"Yes"
"Euphoria leprosa","50.00%","Yes","38.80%",9,"Yes"
"Mayacephalus dickmanorum","18.18%","Yes","36.73%",10,"Yes"
"Trichobius hirsutulus","17.86%","Yes","33.97%",11,"Yes"
"Psapharochrus alboguttatus","33.33%","Yes",,3,
"Megaplatypus exaratus","33.33%","Yes",,2,
"Merosargus viridis","33.33%","Yes",,2,
"Anastrepha cordata","33.33%","Yes",,2,
"Hister bullatus","33.33%","Yes",,2,
"Operclipygus foveiventris","33.33%","Yes",,3,
"Metrobates porcus","33.33%","Yes",,2,
"Haemagogus aeritinctus","20.00%","Yes","31.76%",3,"Yes"
"Ollanta mexicana","20.00%","Yes","31.37%",20,"Yes"
"Hololepta bogotana","14.29%","Yes","31.23%",3,"Yes"
"Choreborogas jesseausubeli","6.67%","Yes","30.69%",6,"Yes"
"Syscia machaquila","8.70%","Yes","30.46%",10,"Yes"
"Platydema ornata","79.17%","Yes","29.40%",5,"Yes"
"Stenus amissus","33.33%","Yes","27.66%",4,"Yes"
"Ptilia versicolor","5.26%","Yes","27.65%",13,"Yes"
"Pterinoxylus spinulosus","11.11%","Yes","27.23%",9,"Yes"
"Diceroprocta heathi","43.75%","Yes","26.97%",16,"Yes"
"Symphyloxiphus varians","45.45%","Yes","26.37%",7,"Yes"
"Dysnos brevis","57.14%","Yes","26.07%",7,"Yes"
"Canthidium pseudoperceptibile","17.39%","Yes","25.93%",17,"Yes"
"Tetrasteira trimaculata","33.33%","Yes","25.92%",3,"Yes"
"Oreodera wappesi","25.00%","Yes",,3,
"Piezogaster humerosus","55.56%","Yes","24.08%",27,"Yes"
"Eurysternus obliteratus","6.67%","Yes","23.95%",17,"Yes"
"Dryinus gibbosus","66.67%","Yes","23.60%",3,"Yes"
"Stagmomantis venusta","13.64%","Yes","22.59%",22,"Yes"
"Strongylium sakaii","25.00%","Yes","22.56%",4,"Yes"
"Procollina mesomaculata","20.00%","Yes","22.06%",5,"Yes"
"Rasopone minuta","6.06%","Yes","22.05%",22,"Yes"
"Euparius similis","16.67%","Yes","21.81%",6,"Yes"
"Strategus longichomperus","7.41%","Yes","21.28%",17,"Yes"
"Pheidole tuxtlasana","4.13%","Yes","21.28%",208,"Yes"
"Proceratium tio","8.11%","Yes","20.82%",33,"Yes"
"Carystoides lila","10.00%","Yes","20.68%",8,"Yes"
"Hydrochus leei","28.57%","Yes","20.58%",5,"Yes"
"Culex limacifer","83.33%","Yes","20.02%",4,"Yes"
"Titanacris velazquezii","72.00%","Yes","20.01%",77,"Yes"
"Daza montezuma","46.94%","Yes","19.97%",45,"No"
"Griburius textus","16.67%","Yes","19.54%",6,"No"
"Meconemus championi","30.30%","Yes","19.11%",17,"No"
"Copiphora monoceros","30.00%","Yes","18.68%",20,"No"
"Calyptocephala gerstaeckeri","50.00%","Yes","18.63%",8,"No"
"Mozena lutea","17.07%","Yes","18.58%",35,"No"
"Aleiodes alanflemingi","11.11%","Yes","18.52%",6,"No"
"Goniaspis subaequalis","18.18%","Yes",,2,
"Dilobopterus quinquesignatus","7.14%","Yes","18.11%",12,"No"
"Macrostylus infucatus","42.86%","Yes","18.05%",7,"No"
"Stenus albipes","83.33%","Yes","17.74%",4,"No"
"Graminella kappa","17.65%","Yes",,2,
"Automeris zozinicaraguana","3.12%","Yes","17.61%",24,"No"
"Hoplocopturus mariae","27.78%","Yes","17.51%",13,"No"
"Syscia jennierussae","42.86%","Yes","17.38%",12,"No"
"Erythrogonia laudata","41.27%","Yes","17.28%",113,"No"
"Piesocorynus simplex","20.00%","Yes","16.12%",4,"No"
"Trypoxylon fitzgeraldi","2.60%","Yes","15.76%",24,"No"
"Phaenithon jucundus","18.18%","Yes","15.63%",7,"No"
"Leptogenys quiriguana","2.70%","Yes","15.39%",39,"No"
"Exophthalmus albofasciatus","29.41%","Yes","15.30%",15,"No"
"Nemotrichus inermis","40.00%","Yes","15.28%",24,"No"
"Cerapachys toltecus","11.11%","Yes","15.16%",8,"No"
"Macrophyllodromia maximiliani","11.11%","Yes","15.11%",9,"No"
"Macreupelmus dromedarius","25.00%","Yes","15.08%",3,"No"
"Chaetocoelia distinctissima","40.00%","Yes","15.00%",5,"No"
"Cosmisoma reticulatum","33.33%","Yes","14.87%",3,"No"
"Rhopalothrix stannardi","11.11%","Yes","14.68%",16,"No"
"Panagaeus quadrisignatus","16.67%","Yes","14.47%",5,"No"
"Aleiodes alanhalevii","12.50%","Yes","14.35%",7,"No"
"Meropria unidentata","20.00%","Yes","14.35%",3,"No"
"Carystoides mexicana","20.00%","Yes","14.30%",5,"No"
"Cristobalina sellata","20.00%","Yes","14.25%",4,"No"
"Enchophora sanguiflua","21.74%","Yes","14.19%",23,"No"
"Anteon panamense","66.67%","Yes","14.15%",3,"No"
"Melipona belizeae","65.96%","Yes","13.74%",12,"No"
"Canthon montanus","8.33%","Yes","13.73%",8,"No"
"Sphaeromachia gaumeri","5.00%","Yes","13.64%",13,"No"
"Platyneuromus honduranus","5.66%","Yes","13.54%",21,"No"
"Anodocheilus francescae","76.19%","Yes","13.50%",19,"No"
"Fibrenus gibbicollis","4.76%","Yes","13.47%",29,"No"
"Horatocera niponica","13.33%","Yes",,5,
"Parypheroides imperialis","10.00%","Yes","13.32%",9,"No"
"Clastoptera compta","15.38%","Yes","13.29%",24,"No"
"Strumigenys azteca","5.88%","Yes","13.28%",44,"No"
"Holotrochus newtoni","38.46%","Yes","13.01%",5,"No"
"Pawiloma jucunda","43.85%","Yes","12.99%",162,"No"
"Castolus bolivari","9.09%","Yes","12.89%",11,"No"
"Leptogenys rufa","18.52%","Yes","12.84%",18,"No"
"Lonomia quintanarooensis","4.62%","Yes","12.77%",23,"No"
"Hyporhicnoda ultima","44.44%","Yes","12.72%",9,"No"
"Robinsonia sabata","8.63%","Yes","12.69%",66,"No"
"Coelorhachis edithae","25.00%","Yes","12.39%",3,"No"
"Latinolister columellaris","20.00%","Yes","12.11%",4,"No"
"Trichophoroides albisparsus","4.00%","Yes","12.09%",14,"No"
"Mesene leucopus","4.17%","Yes","11.97%",19,"No"
"Eurytides salvini","2.19%","Yes","11.78%",36,"No"
"Lonomia serranoi","34.15%","Yes","11.77%",17,"No"
"Lycambes sargi","33.33%","Yes","11.62%",3,"No"
"Bdelyropsis bowditchi","3.60%","Yes","11.60%",103,"No"
"Epicauta vitticollis","11.90%","Yes","11.53%",28,"No"
"Agaraea longicornis","2.56%","Yes","11.49%",40,"No"
"Aedes cozumelensis","4.29%","Yes","11.43%",40,"No"
"Anisomorpha paromalus","18.18%","Yes","11.40%",11,"No"
"Basilia anomala","14.29%","Yes","11.37%",5,"No"
"Platydema brevis","11.11%","Yes",,2,
"Axarus rogersi","6.67%","Yes","11.10%",6,"No"
"Cephalotes kukulcan","6.90%","Yes","11.05%",24,"No"
"Platycycla deruta","37.50%","Yes","11.02%",8,"No"
"Leptogenys donisthorpei","6.90%","Yes","11.02%",12,"No"
"Zophobas signatus","4.92%","Yes","10.90%",60,"No"
"Rhyssomatus rugosus","28.57%","Yes","10.77%",5,"No"
"Wyeomyia melanopus","4.67%","Yes","10.62%",26,"No"
"Eranina pusilla","20.00%","Yes","10.51%",4,"No"
"Castolus trinotatus","8.47%","Yes","10.45%",59,"No"
"Neobidessus obtusoides","85.71%","Yes","10.28%",7,"No"
"Anthiera oculata","16.67%","Yes","10.23%",12,"No"
"Culex vexillifer","14.29%","Yes","10.14%",4,"No"
"Pheidole tikal","3.70%","Yes","10.13%",24,"No"
"Eurhopalothrix apharogonia","14.29%","Yes","9.97%",6,"No"
"Villala canoi","14.29%","Yes","9.97%",10,"No"
"Glyptapanteles nataliaivanovae","3.70%","Yes","9.91%",11,"No"
"Chetone ithomia","5.88%","Yes","9.89%",41,"No"
"Tabanus oculus","3.30%","Yes","9.88%",34,"No"
"Melipona solani","31.80%","Yes","9.88%",56,"No"
"Dacnochilus horridulus","25.00%","Yes","9.85%",3,"No"
"Nemotrichus armatus","44.44%","Yes","9.84%",9,"No"
"Apteromechus flavopunctatus","8.00%","Yes","9.71%",8,"No"
"Culex flabellifer","4.55%","Yes","9.63%",12,"No"
"Romoniella perfecta","12.50%","Yes","9.58%",6,"No"
"Meromacrus currani","12.50%","Yes","9.58%",8,"No"
"Nesoecia nigrispina","11.75%","Yes","9.54%",211,"No"
"Largus subligatus","4.76%","Yes","9.34%",20,"No"
"Strebla altmani","2.78%","Yes","9.30%",11,"No"
"Calamoptera imhoffiana","12.50%","Yes","9.20%",8,"No"
"Biolleyana pictifrons","4.08%","Yes","9.17%",49,"No"
"Piezocorynus atratus","33.33%","Yes","9.09%",3,"No"
"Pachycondyla apicalis","8.33%","Yes","8.91%",11,"No"
"Lepidoneiva caecum","6.38%","Yes","8.85%",41,"No"
"Culex rejector","18.88%","Yes","8.81%",45,"No"
"Strumigenys boneti","14.43%","Yes","8.73%",58,"No"
"Macrocephalus notatus","16.67%","Yes","8.70%",6,"No"
"Triatoma huehuetenanguensis","5.77%","Yes","8.59%",38,"No"
"Hemiphileurus laevicauda","5.56%","Yes","8.51%",16,"No"
"Canthon pacificus","3.85%","Yes","8.50%",6,"No"
"Phrictus tripartitus","21.05%","Yes","8.40%",18,"No"
"Colliuris tetrastigma","4.88%","Yes","8.37%",27,"No"
"Strumigenys","8.33%","Yes",,3,
"Onthophagus cyclographus","40.00%","Yes","8.29%",13,"No"
"Culex lactator","6.93%","Yes","8.25%",24,"No"
"Mylon salvia","2.38%","Yes","8.22%",27,"No"
"Psoloptera basifulva","5.56%","Yes","8.22%",77,"No"
"Stagmomantis fraterna","15.87%","Yes","8.15%",256,"No"
"Polistes stabilinus","4.44%","Yes","8.11%",93,"No"
"Vates pectinicornis","4.89%","Yes","8.04%",110,"No"
"Simulium ganalesense","51.61%","Yes","8.02%",8,"No"
"Callichila plagigera","30.00%","Yes","8.02%",9,"No"
"Goniocloeus curvatus","4.00%","Yes","7.99%",16,"No"
"Chrysina purulhensis","14.29%","Yes","7.92%",7,"No"
"Notioxenus ater","14.29%","Yes","7.89%",5,"No"
"Nyssodrysina polyspila","3.45%","Yes","7.85%",19,"No"
"Anodocheilus guatemalensis","60.00%","Yes","7.82%",5,"No"
"Auleutes inspersus","2.98%","Yes","7.79%",26,"No"
"Megalopinus kolbei","2.78%","Yes","7.78%",23,"No"
"Trioza russellae","46.15%","Yes","7.77%",10,"No"
"Stenamma diversum","2.27%","Yes","7.74%",95,"No"
"Paederus laetus","10.53%","Yes","7.74%",18,"No"
"Walterianella pavonina","33.33%","Yes","7.65%",3,"No"
"Horcias decoratus","20.00%","Yes","7.59%",5,"No"
"Carystoides escalantei","9.52%","Yes","7.54%",14,"No"
"Labena espinita","2.13%","Yes","7.46%",54,"No"
"Smodicum clancularium","16.67%","Yes","7.43%",6,"No"
"Belemnia inaurata","3.27%","Yes","7.43%",117,"No"
"Hylaeus knabi","3.35%","Yes","7.29%",51,"No"
"Holostilpna picipes","12.50%","Yes","7.26%",4,"No"
"Idalus septentrionalis","8.00%","Yes","7.24%",26,"No"
"Gymnognathus pulcher","20.00%","Yes","7.13%",5,"No"
"Ocoaxo lineatus","19.05%","Yes","7.01%",21,"No"
"Ladoffa dependens","5.00%","Yes","6.96%",15,"No"
"Hydraena longicollis","3.23%","Yes","6.94%",7,"No"
"Psyrassa androwi","33.33%","Yes","6.93%",3,"No"
"Octostruma trithrix","4.62%","Yes","6.92%",197,"No"
"Amithao erythropus","2.13%","Yes","6.91%",27,"No"
"Apateson albomaculatum","6.38%","Yes","6.87%",84,"No"
"Centris vidua","44.44%","Yes","6.85%",8,"No"
"Trichobius dugesioides","16.35%","Yes","6.83%",64,"No"
"Hegemona flibuster","28.89%","Yes","6.80%",45,"No"
"Poeciloxestia lanceolata","3.92%","Yes","6.73%",41,"No"
"Diceroprocta belizensis","12.50%","Yes","6.73%",14,"No"
"Balsameda pulverulenta","26.67%","Yes","6.73%",12,"No"
"Stenamma hojarasca","5.26%","Yes","6.72%",17,"No"
"Xylocopa maya","28.57%","Yes","6.70%",7,"No"
"Syscia persimilis","11.76%","Yes","6.68%",36,"No"
"Metamasius sellatus","5.21%","Yes","6.67%",27,"No"
"Chrysops scalaratus","2.45%","Yes","6.67%",31,"No"
"Trichobius yunkeri","7.89%","Yes","6.66%",60,"No"
"Corynomalus perforatus","5.56%","Yes","6.64%",6,"No"
"Carneades grandis","7.69%","Yes","6.64%",13,"No"
"Stenus schmidti","40.00%","Yes","6.62%",5,"No"
"Scaura argyrea","3.33%","Yes","6.61%",79,"No"
"Neivamyrmex impudens","5.36%","Yes","6.57%",22,"No"
"Osbornellus rarus","32.26%","Yes","6.55%",15,"No"
"Oricia truncata","6.78%","Yes","6.49%",105,"No"
"Amblyscarta ruficeps","11.74%","Yes","6.39%",67,"No"
"Episactus schusteri","16.67%","Yes","6.38%",6,"No"
"Syllepte angulifera","5.26%","Yes","6.38%",25,"No"
"Aegimia cultrifera","6.67%","Yes","6.37%",45,"No"
"Hypanthidioides panamensis","5.95%","Yes","6.28%",17,"No"
"Dryocoetoides capucinus","2.22%","Yes","6.27%",30,"No"
"Automeris macphaili","3.57%","Yes","6.25%",14,"No"
"Cephalotes cristatus","4.18%","Yes","6.24%",156,"No"
"Parygrus maya","40.00%","Yes","6.23%",5,"No"
"Polyctor enops","3.82%","Yes","6.22%",94,"No"
"Automeris moloneyi","4.37%","Yes","6.21%",57,"No"
"Procolpia inclarata","20.00%","Yes","6.15%",10,"No"
"Paraulacizes thunbergii","6.67%","Yes","6.15%",50,"No"
"Rogeria creightoni","10.00%","Yes","6.14%",71,"No"
"Sephina esquivalae","5.00%","Yes","6.10%",17,"No"
"Gymnognathus abundans","26.67%","Yes","6.08%",10,"No"
"Cecropterus phalaecus","18.75%","Yes","6.08%",15,"No"
"Epicauta major","12.50%","Yes","6.08%",28,"No"
"Anochetus micans","11.11%","Yes","6.07%",50,"No"
"Odontomachus yucatecus","9.75%","Yes","6.07%",232,"No"
"Anopheles vestitipennis","3.11%","Yes","6.05%",133,"No"
"Ptychoderes rugicollis","2.88%","Yes","6.02%",55,"No"
"Wyeomyia celaenocephala","6.76%","Yes","5.99%",79,"No"
"Pseudomyrmex evitus","2.78%","Yes","5.98%",11,"No"
"Heteragrion alienum","4.98%","Yes","5.98%",161,"No"
"Goniocloeus umbrinus","7.89%","Yes","5.96%",30,"No"
"Platyomus chrysopus","12.50%","Yes","5.96%",10,"No"
"Ilus apicicornis","3.85%","Yes","5.93%",13,"No"
"Harmostes nebulosus","6.67%","Yes","5.82%",11,"No"
"Macromantis nicaraguae","5.41%","Yes","5.81%",107,"No"
"Apiomerus elatus","2.87%","Yes","5.75%",195,"No"
"Acanthops godmani","4.65%","Yes","5.72%",36,"No"
"Blaberus craniifer","5.88%","Yes","5.72%",250,"No"
"Amblycratus fuscolineatus","33.33%","Yes","5.66%",3,"No"
"Eois escamata","9.09%","Yes","5.64%",8,"No"
"Piezocorynus occipitalis","20.00%","Yes","5.64%",5,"No"
"Syssphinx mexicana","3.03%","Yes","5.64%",62,"No"
"Enyo taedium","11.54%","Yes","5.64%",42,"No"
"Thaumatomyrmex ferox","3.10%","Yes","5.57%",268,"No"
"Ceratina abdominalis","4.55%","Yes","5.51%",8,"No"
"Rhodobaenus saginatus","9.09%","Yes","5.41%",8,"No"
"Epargyreus deleoni","3.92%","Yes","5.41%",17,"No"
"Megaloblatta blaberoides","5.80%","Yes","5.35%",220,"No"
"Chrysesthes auronotata","16.67%","Yes","5.35%",6,"No"
"Strebla hoogstraali","25.00%","Yes","5.34%",10,"No"
"Monitoriella elongata","10.71%","Yes","5.24%",28,"No"
"Monobia nigripennis","60.00%","Yes","5.24%",5,"No"
"Megalomyrmex megadrifti","5.09%","Yes","5.23%",159,"No"
"Micrathyria debilis","5.24%","Yes","5.22%",197,"No"
"Podalia habitus","5.95%","Yes","5.16%",70,"No"
"Culex mutator","57.14%","Yes","5.16%",4,"No"
"Bidessonotus mexicanus","25.00%","Yes","5.14%",5,"No"
"Caligo uranus","11.61%","Yes","5.13%",442,"No"
"Savius dilectus","14.29%","Yes","5.10%",7,"No"
"Platydema undata","2.02%","Yes","5.09%",36,"No"
"Pelecopselaphus chevrolatii","7.69%","Yes","5.08%",12,"No"
"Distichus octocoelus","4.55%","Yes","5.07%",14,"No"
"Kleter americanus","14.29%","Yes","5.06%",6,"No"
"Kirrostola metaxantha","2.94%","Yes","5.06%",26,"No"
"Octostruma rugiferoides","3.28%","Yes","5.04%",32,"No"
"Pacarina schumanni","4.43%","Yes","4.99%",148,"No"
"Pseudomyrmex peperi","12.37%","Yes","4.99%",110,"No"
"Neella floridula","11.11%","Yes","4.97%",9,"No"
"Melanonotus globosus","4.00%","Yes","4.96%",10,"No"
"Piezogaster rubronotatus","3.03%","Yes","4.95%",33,"No"
"Xestocephalus mexicanus","98.08%","Yes","4.93%",3,"No"
"Chromoteleia tricarinata","40.58%","Yes","4.92%",20,"No"
"Amithao cavifrons","3.12%","Yes","4.87%",104,"No"
"Ptiloscola dargei","3.21%","Yes","4.85%",83,"No"
"Gymnochilus reitteri","4.88%","Yes","4.83%",19,"No"
"Natada confusa","2.68%","Yes","4.82%",39,"No"
"Heilus bioculatus","9.84%","Yes","4.81%",37,"No"
"Solva tuberculata","12.50%","Yes","4.81%",5,"No"
"Isanthrene perboscii","5.43%","Yes","4.79%",74,"No"
"Alluaudomyia caribbeana","25.00%","Yes","4.78%",6,"No"
"Ptychoderes bivittatus","2.78%","Yes","4.77%",30,"No"
"Endoiastus caviceps","25.00%","Yes","4.77%",5,"No"
"Grypidiopsis variegatus","33.33%","Yes","4.77%",7,"No"
"Aides dysoni","5.45%","Yes","4.71%",232,"No"
"Plapigus circumcinctus","6.90%","Yes","4.70%",137,"No"
"Pheidole branstetteri","3.03%","Yes","4.67%",49,"No"
"Apsida boucardi","6.25%","Yes","4.66%",10,"No"
"Phaenobezzia maya","22.58%","Yes","4.65%",10,"No"
"Desmopachria glabricula","16.67%","Yes","4.63%",6,"No"
"Xyleborinus bicornatulus","7.14%","Yes","4.62%",5,"No"
"Goniocloeus pumilus","37.50%","Yes","4.54%",8,"No"
"Paralimna decipiens","36.36%","Yes","4.54%",7,"No"
"Apiomerus maya","4.17%","Yes","4.54%",20,"No"
"Leptoglossus crestalis","3.03%","Yes","4.52%",14,"No"
"Epimetopus costaricensis","28.57%","Yes","4.52%",8,"No"
"Cyrtonota tristigma","6.02%","Yes","4.51%",67,"No"
"Eurysternus angustulus","6.08%","Yes","4.50%",83,"No"
"Oreodera fasciculosa","11.76%","Yes","4.50%",13,"No"
"Blaberus atropos","11.11%","Yes","4.47%",9,"No"
"Damas clavus","2.09%","Yes","4.44%",130,"No"
"Pissonotus muiri","18.18%","Yes","4.43%",8,"No"
"Archimandrita tessellata","4.20%","Yes","4.42%",149,"No"
"Trigona silvestriana","4.05%","Yes","4.42%",304,"No"
"Ceratina virescens","5.56%","Yes","4.40%",14,"No"
"Egidemia inflata","8.11%","Yes","4.39%",27,"No"
"Archocopturus medeterae","9.09%","Yes","4.35%",33,"No"
"Portanus tesselatus","4.35%","Yes",,3,
"Hylomyrma versuta","2.82%","Yes","4.34%",908,"No"
"Amiga sericeella","7.69%","Yes","4.29%",13,"No"
"Cepheuptychia glaucina","2.23%","Yes","4.29%",289,"No"
"Mischocyttarus basimacula","2.04%","Yes","4.26%",199,"No"
"Eurysternus maya","10.24%","Yes","4.25%",9,"No"
"Behemothia godmanii","2.36%","Yes","4.25%",89,"No"
"Talima straminea","8.33%","Yes","4.24%",20,"No"
"Pseudacanthops caelebs","23.08%","Yes","4.22%",11,"No"
"Canthidium pseudopuncticolle","2.08%","Yes","4.21%",33,"No"
"Platyarthron bilineatum","20.00%","Yes","4.20%",5,"No"
"Prolimacodes triangulifera","3.45%","Yes","4.17%",80,"No"
"Taygetis nympha","6.45%","Yes","4.16%",28,"No"
"Canthon euryscelis","4.17%","Yes","4.15%",288,"No"
"Gymnognathus moranus","7.69%","Yes","4.15%",5,"No"
"Neacratus guatemalensis","50.00%","Yes","4.14%",3,"No"
"Pyrochlora motilonia","3.12%","Yes","4.11%",46,"No"
"Syscia tolteca","15.94%","Yes","4.09%",34,"No"
"Brachystylus microphthalmus","4.00%","Yes","4.09%",16,"No"
"Actinote guatemalena","2.89%","Yes","4.07%",172,"No"
"Diochus angustiformis","69.23%","Yes","4.07%",6,"No"
"Conchylodes terminipuncta","3.51%","Yes","4.07%",53,"No"
"Carphina arcifera","2.44%","Yes","4.06%",27,"No"
"Carebara intermedia","2.08%","Yes","4.05%",139,"No"
"Archimandrita marmorata","10.00%","Yes","4.02%",7,"No"
"Eumestorus luctuosus","2.63%","Yes","3.99%",47,"No"
"Strongylium brevipes","20.00%","Yes","3.98%",5,"No"
"Paratrichobius dunni","4.17%","Yes","3.98%",40,"No"
"Mischocyttarus deceptus","3.70%","Yes","3.95%",27,"No"
"Pleuromenus baccifer","5.56%","Yes","3.93%",13,"No"
"Gondwanocrypticus aterrimus","4.55%","Yes","3.92%",10,"No"
"Platydema fasciata","6.67%","Yes","3.91%",9,"No"
"Lechriops auritus","5.17%","Yes","3.88%",54,"No"
"Ladoffa lentiginosa","33.33%","Yes","3.87%",6,"No"
"Stolas illustris","9.30%","Yes","3.86%",43,"No"
"Tromba xanthura","2.63%","Yes","3.82%",111,"No"
"Calliscelio absum","43.87%","Yes","3.80%",10,"No"
"Phaeomolis lineatus","7.52%","Yes","3.79%",104,"No"
"Euphoria yucateca","2.07%","Yes","3.76%",300,"No"
"Syscia pervagata","4.27%","Yes","3.75%",88,"No"
"Jemadia pseudognetus","2.08%","Yes","3.71%",71,"No"
"Codatractus carlos","10.34%","Yes","3.70%",23,"No"
"Stilpnochlora quadrata","25.84%","Yes","3.67%",87,"No"
"Xestolabus corvinus","7.47%","Yes","3.65%",118,"No"
"Arthrocorynus dotatus","2.60%","Yes","3.64%",22,"No"
"Cephalotrigona zexmeniae","3.15%","Yes","3.62%",375,"No"
"Orophus tessellatus","3.45%","Yes","3.62%",20,"No"
"Anatrytone mella","3.64%","Yes","3.61%",38,"No"
"Osiris marginatus","3.85%","Yes","3.58%",17,"No"
"Aglaonice otignatha","6.25%","Yes","3.58%",9,"No"
"Panoquina pauper","11.11%","Yes","3.57%",17,"No"
"Phasmomantis sumichrasti","10.55%","Yes","3.56%",536,"No"
"Prisopus berosus","3.03%","Yes","3.55%",25,"No"
"Paratetrapedia calcarata","7.44%","Yes","3.54%",169,"No"
"Hemiosus maculatus","9.18%","Yes","3.53%",10,"No"
"Theorema eumenia","2.56%","Yes","3.52%",46,"No"
"Taygetis inconspicua","3.57%","Yes","3.50%",272,"No"
"Limnogonus recens","5.56%","Yes","3.46%",18,"No"
"Hololepta quadridentata","8.68%","Yes","3.45%",60,"No"
"Strongylaspis corticaria","2.56%","Yes","3.42%",42,"No"
"Octostruma wheeleri","9.19%","Yes","3.41%",207,"No"
"Erythrogonia areolata","5.94%","Yes","3.41%",318,"No"
"Pachygrontha compacta","20.00%","Yes","3.40%",5,"No"
"Moncheca pretiosa","11.11%","Yes","3.38%",113,"No"
"Semiotus lafertei","2.38%","Yes","3.37%",58,"No"
"Xylophanes belti","5.05%","Yes","3.37%",225,"No"
"Desmia albisectalis","9.09%","Yes","3.36%",11,"No"
"Phayllus minutus","5.26%","Yes","3.34%",11,"No"
"Platydema bimaculata","10.53%","Yes","3.33%",16,"No"
"Acanthocephala heissi","2.94%","Yes","3.30%",32,"No"
"Hydraena campbelli","40.00%","Yes","3.27%",3,"No"
"Eugonus subcylindricus","27.59%","Yes","3.27%",19,"No"
"Pseudosympycnus singularis","57.14%","Yes","3.27%",5,"No"
"Aides brilla","18.75%","Yes","3.26%",13,"No"
"Culex educator","20.85%","Yes","3.23%",70,"No"
"Omolabus corvinus","11.43%","Yes","3.22%",15,"No"
"Dynamine dyonis","2.24%","Yes","3.22%",285,"No"
"Parasa cebrenis","2.17%","Yes","3.22%",36,"No"
"Zophobas klingelhoefferi","18.18%","Yes","3.18%",18,"No"
"Meconemus tuberculatus","5.26%","Yes","3.17%",69,"No"
"Octostruma excertirugis","4.57%","Yes","3.16%",155,"No"
"Conocephalus ictus","4.70%","Yes","3.16%",147,"No"
"Cymatothes unicolor","10.81%","Yes","3.13%",37,"No"
"Euglossa variabilis","3.05%","Yes","3.11%",201,"No"
"Aspidoptera delatorrei","18.60%","Yes","3.09%",35,"No"
"Polydacrys depressifrons","5.28%","Yes","3.09%",75,"No"
"Zygops quadridentata","12.50%","Yes","3.08%",4,"No"
"Canthon leechi","2.58%","Yes","3.05%",163,"No"
"Nessaea aglaura","7.36%","Yes","3.03%",476,"No"
"Burnsius burnsi","2.21%","Yes","3.01%",224,"No"
"Trichobius galei","3.33%","Yes","3.01%",15,"No"
"Lethocerus collossicus","4.55%","Yes","3.01%",131,"No"
"Zelus ruficeps","2.63%","Yes","3.00%",65,"No"
"Pseudomyrmex ferrugineus","5.52%","Yes","2.97%",239,"No"
"Neobidessus persimilis","42.86%","Yes","2.97%",9,"No"
"Brachystethus rubromaculatus","4.28%","Yes","2.95%",270,"No"
"Oxychalepus balyanus","6.25%","Yes","2.89%",41,"No"
"Stolas punicea","2.14%","Yes","2.85%",183,"No"
"Hermierius testaceus","5.88%","Yes","2.83%",15,"No"
"Zygops mexicana","2.65%","Yes","2.82%",49,"No"
"Shannoniana moralesi","4.23%","Yes","2.82%",12,"No"
"Aeneolamia contigua","6.16%","Yes","2.79%",250,"No"
"Ripipteryx mopana","16.67%","Yes","2.78%",6,"No"
"Epagrius samson","37.50%","Yes","2.77%",5,"No"
"Eburodacrys triocellata","4.92%","Yes","2.75%",51,"No"
"Chariesterus albiventris","2.08%","Yes","2.73%",53,"No"
"Elbella scylla","2.73%","Yes","2.73%",186,"No"
"Neomida aeneipennis","2.67%","Yes","2.73%",11,"No"
"Molosoma carinicolle","29.73%","Yes","2.69%",11,"No"
"Noctiliostrebla traubi","8.89%","Yes","2.69%",27,"No"
"Hister latistrius","14.29%","Yes","2.67%",3,"No"
"Zethus matzicatzin","5.56%","Yes","2.67%",16,"No"
"Insara tolteca","6.25%","Yes","2.63%",12,"No"
"Eurytides ilus","2.04%","Yes","2.63%",141,"No"
"Canthon championi","4.76%","Yes","2.63%",15,"No"
"Adeloneivaia irrorata","16.67%","Yes","2.62%",36,"No"
"Agroiconota vilis","5.88%","Yes","2.58%",12,"No"
"Callipogon senex","8.23%","Yes","2.56%",237,"No"
"Chrysobothris melazona","9.52%","Yes","2.56%",19,"No"
"Enochrus pseudochraceus","8.77%","Yes","2.56%",39,"No"
"Parasa minima","3.27%","Yes","2.52%",168,"No"
"Platydema diophthalma","4.76%","Yes","2.48%",18,"No"
"Uvarus spretus","6.52%","Yes","2.47%",32,"No"
"Robinsonia deiopea","3.90%","Yes","2.46%",99,"No"
"Frieseomelitta nigra","2.03%","Yes","2.46%",616,"No"
"Sepedomerus macropus","10.00%","Yes","2.42%",9,"No"
"Partamona orizabaensis","2.68%","Yes","2.42%",394,"No"
"Neomida obsoleta","4.17%","Yes","2.42%",7,"No"
"Scutops chapmani","7.14%","Yes","2.41%",11,"No"
"Anoplius cuautemoc","33.33%","Yes","2.41%",5,"No"
"Juditha caucana","2.25%","Yes","2.40%",497,"No"
"Austrolimnius formosus","2.27%","Yes","2.39%",25,"No"
"Calliscelio punctatifrons","50.00%","Yes","2.37%",12,"No"
"Strebla diphyllae","9.09%","Yes","2.36%",9,"No"
"Microctenochira dissimilis","10.00%","Yes","2.36%",7,"No"
"Canthidium smithi","9.09%","Yes","2.36%",11,"No"
"Tetragonoschema humerale","5.88%","Yes","2.35%",15,"No"
"Bolla imbras","6.25%","Yes","2.30%",15,"No"
"Ambrosiodmus obliquus","2.13%","Yes","2.29%",20,"No"
"Simulium gonzalezi","3.08%","Yes","2.29%",63,"No"
"Toxorhynchites superbus","3.08%","Yes","2.28%",90,"No"
"Onthophagus maya","2.23%","Yes","2.28%",247,"No"
"Eufriesea rugosa","4.40%","Yes","2.27%",36,"No"
"Graminella nigripennis","3.39%","Yes","2.25%",52,"No"
"Silvitettix maculatus","2.56%","Yes","2.24%",17,"No"
"Apogonalia stalii","2.67%","Yes","2.24%",171,"No"
"Roelofa hegewischi","2.44%","Yes","2.23%",29,"No"
"Azeta versicolor","4.70%","Yes","2.22%",69,"No"
"Rhodobaenus cariniventris","14.29%","Yes","2.22%",6,"No"
"Solenopsis succinea","2.11%","Yes","2.19%",44,"No"
"Deloyala fuliginosa","3.53%","Yes","2.18%",158,"No"
"Eumaeus toxea","5.16%","Yes","2.18%",924,"No"
"Psyrassa subpicea","3.03%","Yes","2.16%",13,"No"
"Sarcophaga argyrostoma","2.16%","Yes",,120,
"Dichotomius sagittarius","33.33%","Yes","2.16%",4,"No"
"Trichobius dugesii","3.11%","Yes","2.16%",99,"No"
"Culex taeniopus","3.38%","Yes","2.15%",66,"No"
"Paiwarria antinous","4.76%","Yes","2.14%",19,"No"
"Prepona aedon","7.14%","Yes","2.13%",6,"No"
"Neoxeniades luda","2.41%","Yes","2.13%",64,"No"
"Cisthene polyzona","6.57%","Yes","2.12%",157,"No"
"Epilampra mexicana","18.18%","Yes","2.12%",8,"No"
"Lacon palliata","7.14%","Yes","2.11%",14,"No"
"Micrathetis tecnion","2.68%","Yes","2.10%",144,"No"
"Trioza anceps","6.38%","Yes","2.09%",90,"No"
"Basilia ferruginea","33.33%","Yes","2.08%",3,"No"
"Platythyrea punctata","2.79%","Yes","2.07%",532,"No"
"Edessa junix","2.90%","Yes","2.07%",55,"No"
"Cholus insignis","20.00%","Yes","2.06%",5,"No"
"Megathoposoma candezei","4.58%","Yes","2.05%",175,"No"
"Tetragona mayarum","2.94%","Yes","2.04%",14,"No"
"Epargyreus spinosa","14.29%","Yes","2.04%",7,"No"
"Culex interrogator","2.84%","Yes","2.02%",99,"No"
"Triraphis brianbrowni","6.67%","Yes","2.01%",12,"No"
"Megasoma elephas","4.73%","Yes","2.00%",1092,"No"
"Nannotrigona perilampoides","1.99%","No",,,
"Taeniopoda auricornis","3.45%","Yes","1.99%",16,"No"
"Cymatothes tristis","5.33%","Yes","1.99%",68,"No"
"Apoica pallens","1.98%","No",,,
"Pareuptychia metaleuca","1.98%","No",,,
"Ethmia festiva","1.98%","No",,,
"Dynastor macrosiris","1.98%","No",,,
"Unzela japix","1.97%","No",,,
"Psorophora champerico","14.29%","Yes","1.96%",7,"No"
"Gymnelia ethodaea","1.96%","No",,,
"Strumigenys excisa","1.96%","No",,,
"Cyrtoneuropsis neotrita","1.96%","No",,,
"Spongiphora croceipennis","1.96%","No",,,
"Megalopyge lampra","1.96%","No",,,
"Hemeroblemma dolosina","1.96%","No",,,
"Pseudomennis bipennis","1.96%","No",,,
"Piezogaster auriculatus","1.96%","No",,,
"Hololepta excisa","1.96%","No",,,
"Myodocha intermedia","1.96%","No",,,
"Pseudomya melanthoides","1.96%","No",,,
"Salyavata macmahanae","1.96%","No",,,
"Acanthoponera minor","2.03%","Yes","1.95%",173,"No"
"Ptychodes politus","1.94%","No",,,
"Disteniazteca pilati","2.70%","Yes","1.94%",48,"No"
"Automeris montezuma","2.94%","Yes","1.93%",53,"No"
"Metamasius hemipterus","1.93%","No",,,
"Zygops maculipes","1.93%","No",,,
"Sabethes tarsopus","1.92%","No",,,
"Graphisurus vexillaris","1.92%","No",,,
"Dorynota biplagiata","1.92%","No",,,
"Lento hermione","16.67%","Yes","1.92%",11,"No"
"Paratischeria neotropicana","2.04%","Yes","1.91%",14,"No"
"Megaloprepus diaboli","1.91%","No",,,
"Simulium paynei","1.91%","No",,,
"Chalybs cecina","6.38%","Yes","1.90%",46,"No"
"Agelaia areata","1.90%","No",,,
"Carystus phorcus","1.90%","No",,,
"Neomida nigricornis","15.38%","Yes","1.89%",5,"No"
"Rothschildia lebeau","1.89%","No",,,
"Thecla ambrax","1.89%","No",,,
"Osbornellus rurrens","94.59%","Yes","1.89%",4,"No"
"Chromacris colorata","2.90%","Yes","1.89%",607,"No"
"Neotrichobius delicatus","5.65%","Yes","1.88%",51,"No"
"Hemeroblemma dolosa","1.88%","No",,,
"Palpita flegia","1.87%","No",,,
"Tylozygus fuscolineellus","1.87%","No",,,
"Uranotaenia geometrica","1.86%","No",,,
"Sagotylus confluens","3.89%","Yes","1.85%",502,"No"
"Paratetrapedia albilabris","71.93%","Yes","1.85%",16,"No"
"Pheidole albipes","1.85%","No",,,
"Polyctor cleta","1.85%","No",,,
"Termes hispaniolae","1.85%","No",,,
"Leptostylus gibbulosus","1.85%","No",,,
"Ctenostoma maculicorne","1.85%","No",,,
"Melipona beecheii","1.84%","No",,,
"Tantulidia rufifrons","1.84%","No",,,
"Eudesmia menea","1.83%","No",,,
"Pyrrhopyge phidias","1.83%","No",,,
"Pirascca tyriotes","1.83%","No",,,
"Ambrysus circumcinctus","1.83%","No",,,
"Incarcha argentilinea","1.82%","No",,,
"Trichobius intermedius","1.82%","No",,,
"Taygetis salvini","1.82%","No",,,
"Actenodes chalybaeitarsis","1.82%","No",,,
"Eresia clio","1.81%","No",,,
"Nycterophilia parnelli","2.38%","Yes","1.81%",45,"No"
"Enochrus sayi","1.80%","No",,,
"Solenopsis laeviceps","1.80%","No",,,
"Diceroprocta bicosta","1.79%","No",,,
"Ormiscus walshii","1.79%","No",,,
"Hypsopygia amoenalis","1.79%","No",,,
"Eulepidotis croceipars","1.79%","No",,,
"Ethmia adrianforsythi","1.79%","No",,,
"Heraclides pallas","2.51%","Yes","1.79%",167,"No"
"Wyeomyia abebela","1.78%","No",,,
"Pycnoderes atratus","1.77%","No",,,
"Adelpha erymanthis","4.35%","Yes","1.77%",15,"No"
"Hylesia acuta","32.50%","Yes","1.76%",22,"No"
"Pseudomyrmex simplex","1.76%","No",,,
"Edessa rufomarginata","1.76%","No",,,
"Madoryx plutonius","1.76%","No",,,
"Aguna claxon","1.76%","No",,,
"Orphulella losamatensis","51.65%","Yes","1.76%",9,"No"
"Octostruma balzani","1.75%","No",,,
"Uroxys platypyga","1.75%","No",,,
"Rothschildia roxana","1.75%","No",,,
"Alphomelon disputabile","1.75%","No",,,
"Micropeza stigmatica","1.75%","No",,,
"Telles arcalaus","1.75%","No",,,
"Polybia tinctipennis","1.75%","No",,,
"Platydema woldai","1.75%","No",,,
"Polistes carnifex","1.74%","No",,,
"Pseudomyrmex boopis","1.74%","No",,,
"Vehilius stictomenes","1.74%","No",,,
"Bungalotis midas","1.74%","No",,,
"Valvaminor davisi","4.65%","Yes","1.73%",35,"No"
"Chloronia mexicana","1.73%","No",,,
"Remartinia secreta","2.44%","Yes","1.72%",30,"No"
"Robinsonia dewitzi","1.72%","No",,,
"Cosmosoma stilbosticta","1.72%","No",,,
"Epargyreus aspina","1.72%","No",,,
"Stenus costipennis","1.72%","No",,,
"Marpesia chiron","1.71%","No",,,
"Parachartergus apicalis","1.71%","No",,,
"Spilomela discordens","1.71%","No",,,
"Antiblemma perornata","1.71%","No",,,
"Culex chidesteri","1.71%","No",,,
"Graphigona regina","1.71%","No",,,
"Epeolus fulvopilosus","9.52%","Yes","1.70%",19,"No"
"Aethilla echina","1.70%","No",,,
"Anacroneuria perplexa","20.00%","Yes","1.69%",5,"No"
"Phaenithon curvipes","1.69%","No",,,
"Leptostales angulata","1.69%","No",,,
"Camponotus leonardi","1.69%","No",,,
"Scotura annulata","2.25%","Yes","1.69%",81,"No"
"Paches loxus","4.92%","Yes","1.69%",419,"No"
"Euphyllodromia angustata","5.26%","Yes","1.69%",56,"No"
"Canthon cyanellus","1.68%","No",,,
"Chlosyne erodyle","1.68%","No",,,
"Astraptes talus","1.68%","No",,,
"Gonodonta syrna","1.68%","No",,,
"Bidessodes elongatus","5.56%","Yes","1.67%",3,"No"
"Archaeoprepona demophoon","1.67%","No",,,
"Isognathus rimosa","1.67%","No",,,
"Culex iolambdis","1.67%","No",,,
"Zariaspes mys","1.67%","No",,,
"Psorophora lineata","1.67%","No",,,
"Isanthrene echemon","1.67%","No",,,
"Ptychoderes nebulosus","2.45%","Yes","1.66%",90,"No"
"Biblis aganisa","1.65%","No",,,
"Erinnyis yucatana","1.65%","No",,,
"Plecia plagiata","1.65%","No",,,
"Aleiodes rocioecheverri","25.00%","Yes","1.65%",4,"No"
"Ophthalmoblysis ibarrai","16.67%","Yes","1.64%",4,"No"
"Liodema maculata","1.64%","No",,,
"Polybia plebeja","4.43%","Yes","1.64%",814,"No"
"Euglossa viridissima","2.23%","Yes","1.63%",349,"No"
"Aedes angustivittatus","2.99%","Yes","1.63%",158,"No"
"Psaironeura remissa","1.63%","No",,,
"Eumorpha satellitia","1.62%","No",,,
"Haemagogus equinus","1.62%","No",,,
"Heza multiguttata","2.63%","Yes","1.62%",31,"No"
"Camponotus sericeiventris","1.61%","No",,,
"Pereirapis semiaurata","1.61%","No",,,
"Psorophora cingulata","1.61%","No",,,
"Palaemnema desiderata","1.61%","No",,,
"Pheidole absurda","1.61%","No",,,
"Coprophanaeus gilli","1.61%","No",,,
"Panacris microdonta","1.61%","No",,,
"Coenobela paucula","1.61%","No",,,
"Licontinia introducens","1.61%","No",,,
"Cautethia spuria","3.35%","Yes","1.60%",338,"No"
"Chromacris miles","1.60%","No",,,
"Madoryx bubastus","1.60%","No",,,
"Culex rooti","40.00%","Yes","1.60%",8,"No"
"Trigona corvina","1.59%","No",,,
"Ozineus arietinus","1.59%","No",,,
"Polystichtis parthaon","1.59%","No",,,
"Centris nitida","1.58%","No",,,
"Monomorium ebeninum","1.57%","No",,,
"Mantoida maya","1.56%","No",,,
"Polybia simillima","1.56%","No",,,
"Silvanoprus scuticollis","1.56%","No",,,
"Claeoteges granulosa","1.56%","No",,,
"Niconiades nikko","3.32%","Yes","1.56%",144,"No"
"Trigona fulviventris","1.55%","No",,,
"Callionima parce","1.55%","No",,,
"Pseudomyrmex elongatus","1.54%","No",,,
"Atrytone mazai","2.33%","Yes","1.53%",23,"No"
"Pyragra fuscata","2.50%","Yes","1.53%",67,"No"
"Catonephele mexicana","1.53%","No",,,
"Autochton potrillo","1.53%","No",,,
"Trigonopeltastes geometricus","1.53%","No",,,
"Cylloepus optatus","5.00%","Yes","1.52%",7,"No"
"Pheidole anastasii","1.52%","No",,,
"Asturodes bioalfae","1.52%","No",,,
"Tenaspis angularis","1.52%","No",,,
"Strongylium hoepfneri","1.52%","No",,,
"Corydalus luteus","1.50%","No",,,
"Pierella luna","1.50%","No",,,
"Evenus regalis","1.50%","No",,,
"Calpodes esperi","1.50%","No",,,
"Xylophanes turbata","3.80%","Yes","1.49%",141,"No"
"Culex bastagarius","1.49%","No",,,
"Dolichoderus lutosus","1.49%","No",,,
"Calycopis partunda","1.49%","No",,,
"Taeniopoda centurio","1.49%","No",,,
"Limnogonus franciscanus","1.49%","No",,,
"Enaphalodes coronatus","1.49%","No",,,
"Eucelatoria gladiatrix","1.49%","No",,,
"Anaxipha calusa","1.49%","No",,,
"Platydema biplagiata","1.49%","No",,,
"Adeloneivaia isara","1.48%","No",,,
"Pyramica alberti","1.48%","No",,,
"Eucalymnatus tessellatus","1.48%","No",,,
"Dialithis gemmifera","1.47%","No",,,
"Platydema quindecimmaculata","1.47%","No",,,
"Diachlorus ferrugatus","2.19%","Yes","1.47%",1204,"No"
"Castniomera atymnius","3.91%","Yes","1.46%",930,"No"
"Strephonota tephraeus","1.45%","No",,,
"Aeneolamia albofasciata","1.45%","No",,,
"Linogeraeus lineellus","1.45%","No",,,
"Papilio rogeri","1.45%","No",,,
"Bungalotis diophorus","1.45%","No",,,
"Xylophanes libya","4.44%","Yes","1.45%",305,"No"
"Trichobius parasparsus","40.00%","Yes","1.45%",5,"No"
"Cyclocephala gravis","1.44%","No",,,
"Prenesta rubrocinctalis","1.44%","No",,,
"Hemeroblemma malitiosa","1.44%","No",,,
"Camponotus rectangularis","1.43%","No",,,
"Platydema guatemalensis","1.43%","No",,,
"Xestolabus conicollis","1.43%","No",,,
"Belostoma subspinosum","1.43%","No",,,
"Xestoptera cornea","12.50%","Yes","1.43%",7,"No"
"Pseudomyrmex elongatulus","3.67%","Yes","1.43%",129,"No"
"Sethenira ferruginea","13.24%","Yes","1.42%",36,"No"
"Goniaspis lucia","2.86%","Yes","1.42%",3,"No"
"Copris laeviceps","1.42%","No",,,
"Hemiceras sparsipennis","1.42%","No",,,
"Uranotaenia pulcherrima","1.42%","No",,,
"Papilio androgeus","1.41%","No",,,
"Hister sallei","1.41%","No",,,
"Periplacis pretus","1.41%","No",,,
"Wyeomyia aporonoma","3.27%","Yes","1.40%",139,"No"
"Xyphon reticulatum","1.40%","No",,,
"Sosxetra grata","1.40%","No",,,
"Arawacus togarna","1.40%","No",,,
"Pyramica margaritae","1.40%","No",,,
"Automeris zozine","1.40%","No",,,
"Ostrinotes halciones","2.50%","Yes","1.40%",35,"No"
"Eulaema marcii","40.48%","Yes","1.39%",30,"No"
"Strumigenys cassicuspis","1.39%","No",,,
"Teloplatypus excisus","1.39%","No",,,
"Macrosoma cascaria","1.38%","No",,,
"Lochmaeocles basalis","11.11%","Yes","1.37%",8,"No"
"Euchroma giganteum","1.37%","No",,,
"Rhynchophorus palmarum","1.37%","No",,,
"Tachyphyle basiplaga","1.37%","No",,,
"Dismorphia fortunata","1.37%","No",,,
"Hololepta reichii","1.37%","No",,,
"Acalymma fairmairei","1.37%","No",,,
"Arota festae","1.37%","No",,,
"Cladus maxillaris","25.00%","Yes","1.36%",3,"No"
"Magneuptychia libye","1.36%","No",,,
"Cissia pseudoconfusa","1.36%","No",,,
"Hypocrita arcaei","1.36%","No",,,
"Phera obtusifrons","5.26%","Yes","1.35%",32,"No"
"Pteronymia cotytto","1.35%","No",,,
"Chlosyne gaudialis","1.35%","No",,,
"Sabethes chloropterus","1.35%","No",,,
"Paratrichobius longicrus","1.35%","No",,,
"Culex elevator","1.35%","No",,,
"Cheliomyrmex morosus","1.35%","No",,,
"Eudulophasia invaria","1.35%","No",,,
"Lestes scalaris","1.35%","No",,,
"Adhemarius ypsilon","2.98%","Yes","1.35%",464,"No"
"Onthophagus carpophilus","6.50%","Yes","1.34%",34,"No"
"Gymnognathus femoralis","2.50%","Yes","1.34%",7,"No"
"Xylophanes thyelia","1.34%","No",,,
"Atractocerus brasiliensis","1.34%","No",,,
"Simulium metallicum","1.34%","No",,,
"Fibragallia bidigitata","11.76%","Yes","1.34%",11,"No"
"Caligo memnon","15.07%","Yes","1.33%",35,"No"
"Catagramma astarte","1.33%","No",,,
"Anopheles neomaculipalpus","1.33%","No",,,
"Condylostylus armipes","1.33%","No",,,
"Narope testacea","1.33%","No",,,
"Ochrostomus pulchellus","3.88%","Yes","1.33%",177,"No"
"Anartia fatima","2.07%","Yes","1.32%",4603,"No"
"Euglossa imperialis","1.32%","No",,,
"Anopheles pseudopunctipennis","1.32%","No",,,
"Nasutitermes nigriceps","1.32%","No",,,
"Acontista cordillerae","1.32%","No",,,
"Proxenobius borgmeieri","1.32%","No",,,
"Manduca schausi","2.88%","Yes","1.32%",274,"No"
"Archocopturus regalis","11.11%","Yes","1.31%",4,"No"
"Trichobius parasiticus","5.23%","Yes","1.31%",144,"No"
"Doxocopa pavon","1.31%","No",,,
"Latebraria amphipyroides","1.31%","No",,,
"Calycopis trebula","1.31%","No",,,
"Divana diva","1.31%","No",,,
"Uranotaenia socialis","15.38%","Yes","1.30%",33,"No"
"Erinnyis crameri","1.30%","No",,,
"Hypselonotus lineatus","1.30%","No",,,
"Manduca dilucida","1.30%","No",,,
"Carcinops tenellus","1.30%","No",,,
"Oncideres albomarginata","4.41%","Yes","1.30%",48,"No"
"Xanthopygus cognatus","4.17%","Yes","1.30%",45,"No"
"Syrnia hypnois","7.61%","Yes","1.29%",180,"No"
"Cissia pompilia","1.29%","No",,,
"Heliconius aliphera","1.29%","No",,,
"Protographium philolaus","1.28%","No",,,
"Parides iphidamas","1.28%","No",,,
"Choeradodis rhombicollis","1.28%","No",,,
"Rhodobaenus deltoides","1.28%","No",,,
"Panoquina evadnes","1.28%","No",,,
"Pachythone gigas","1.28%","No",,,
"Plagiocephalus latifrons","1.28%","No",,,
"Unzela pronoe","3.23%","Yes","1.28%",68,"No"
"Orthemis schmidti","1.27%","No",,,
"Eryphanis aesacus","1.27%","No",,,
"Euglossa townsendi","1.27%","No",,,
"Urbanus albimargo","1.27%","No",,,
"Cryptocarenus seriatus","1.27%","No",,,
"Euphobetron cypris","1.27%","No",,,
"Emesis fulmen","1.27%","No",,,
"Biorbitella costaricana","9.30%","Yes","1.26%",27,"No"
"Epiperola vafera","1.26%","No",,,
"Heliconius hecale","1.25%","No",,,
"Manduca lefeburii","1.25%","No",,,
"Hypophylla sudais","1.25%","No",,,
"Astaenomoechus americanus","1.25%","No",,,
"Eccritosia zamon","1.25%","No",,,
"Cicindela cyaniventris","1.25%","No",,,
"Colliuris subdistincta","10.62%","Yes","1.25%",44,"No"
"Pseudosermyle phalangiphora","11.11%","Yes","1.25%",9,"No"
"Strumigenys cordovensis","1.24%","No",,,
"Coea acheronta","1.23%","No",,,
"Euglossa heterosticta","1.23%","No",,,
"Coquillettidia fasciolata","1.23%","No",,,
"Dalcerides sofia","1.23%","No",,,
"Cyrtoneurina geminata","1.23%","No",,,
"Amaxia carinosa","1.23%","No",,,
"Pandeleteius championi","1.23%","No",,,
"Daiphron lyciforme","1.23%","No",,,
"Pachycondyla carinulata","1.22%","No",,,
"Manduca albiplaga","1.22%","No",,,
"Diasporidion duplicatum","1.22%","No",,,
"Polythrix auginus","1.22%","No",,,
"Coptocycla rufonotata","1.22%","No",,,
"Mycetochara foveata","1.22%","No",,,
"Pseudosphex leovazquezae","1.22%","No",,,
"Passalus punctatostriatus","2.94%","Yes","1.22%",18,"No"
"Synoeca septentrionalis","1.21%","No",,,
"Xylophanes ceratomioides","1.21%","No",,,
"Castilia myia","1.21%","No",,,
"Ametris nitocris","1.21%","No",,,
"Jadera coturnix","1.21%","No",,,
"Eurhopalothrix procera","1.21%","No",,,
"Leptothorax aztecus","1.21%","No",,,
"Cosmosoma braconoides","28.57%","Yes","1.21%",6,"No"
"Proteides mercurius","1.20%","No",,,
"Hamadryas iphthime","1.20%","No",,,
"Macrosoma rubedinaria","1.20%","No",,,
"Sibine apicalis","1.20%","No",,,
"Dysschema leucophaea","1.20%","No",,,
"Siproeta superba","1.20%","No",,,
"Pseudomyrmex kuenckeli","1.20%","No",,,
"Zygops histrio","1.20%","No",,,
"Hypenula caminalis","1.20%","No",,,
"Periphoba arcaei","1.19%","No",,,
"Strongylium auratum","1.19%","No",,,
"Manduca hannibal","1.19%","No",,,
"Moeris crispinus","1.19%","No",,,
"Citheronia azteca","1.19%","No",,,
"Mecas rotundicollis","1.19%","No",,,
"Viviennea salma","2.97%","Yes","1.19%",66,"No"
"Eurysternus magnus","1.18%","No",,,
"Pachycondyla unidentata","1.18%","No",,,
"Anopheles apicimacula","1.18%","No",,,
"Ramphia albizona","1.18%","No",,,
"Calycopis bactra","1.18%","No",,,
"Danae testacea","1.18%","No",,,
"Epilampra maya","1.18%","No",,,
"Heliopetes arsalte","1.17%","No",,,
"Arsenura armida","1.17%","No",,,
"Hamadryas laodamia","1.17%","No",,,
"Achlyodes busirus","1.16%","No",,,
"Neococytius cluentius","1.16%","No",,,
"Urbanus tanna","1.16%","No",,,
"Emesis aurimna","1.16%","No",,,
"Talides sinois","1.16%","No",,,
"Platydema nigrata","2.70%","Yes","1.16%",107,"No"
"Conchylodes nolckenialis","1.15%","No",,,
"Sibine horrida","1.15%","No",,,
"Stenamma saenzae","1.15%","No",,,
"Thecla spurina","1.15%","No",,,
"Siderone syntyche","1.15%","No",,,
"Zelus nugax","1.15%","No",,,
"Deliathis buquetii","16.67%","Yes","1.15%",6,"No"
"Leptobasis vacillans","4.55%","Yes","1.14%",323,"No"
"Automeris banus","1.14%","No",,,
"Odontoptera carrenoi","1.14%","No",,,
"Cerogenes auricoma","1.14%","No",,,
"Rhagovelia plumbea","1.14%","No",,,
"Philophyllia guttulata","2.04%","Yes","1.14%",606,"No"
"Memphis moruus","1.13%","No",,,
"Pseudodebis valentina","1.13%","No",,,
"Cyrtosoma denticolle","1.13%","No",,,
"Aleuron chloroptera","1.13%","No",,,
"Brenthia hexaselena","11.11%","Yes","1.12%",14,"No"
"Lactista stramineus","1.12%","No",,,
"Emesis vulpina","1.12%","No",,,
"Aleiodes seriatus","1.12%","No",,,
"Canidia cincticornis","1.12%","No",,,
"Hypomicrogaster larga","1.12%","No",,,
"Xylophanes cyrene","4.33%","Yes","1.12%",245,"No"
"Pareuptychia hesione","1.11%","No",,,
"Aedes scapularis","1.11%","No",,,
"Perola repetita","1.11%","No",,,
"Tannea fabacicolor","1.11%","No",,,
"Cymatophoropsis heurippa","1.11%","No",,,
"Clavilispinus politus","1.11%","No",,,
"Zygops sellata","1.11%","No",,,
"Photinopygus calidus","1.11%","No",,,
"Antiblemma phoenicopyra","1.11%","No",,,
"Oncopeltus sandarachatus","1.11%","No",,,
"Dorisiana amoena","1.11%","No",,,
"Phloeoxena nigricollis","25.00%","Yes","1.11%",7,"No"
"Mydas rubidapex","2.66%","Yes","1.11%",176,"No"
"Strumigenys gundlachi","1.10%","No",,,
"Euglossa purpurea","1.10%","No",,,
"Limatus asulleptus","1.10%","No",,,
"Acraga coa","1.10%","No",,,
"Eurytides phaon","1.10%","No",,,
"Citheronia mexicana","1.10%","No",,,
"Arumecla galliena","1.10%","No",,,
"Nystalea lineiplena","2.22%","Yes","1.10%",26,"No"
"Polybia rejecta","1.09%","No",,,
"Urbanus esmeraldus","1.09%","No",,,
"Strumigenys ludia","1.09%","No",,,
"Hoodus pelopidas","1.09%","No",,,
"Gnamptogenys striatula","1.09%","No",,,
"Hemeroplanes ornatus","1.09%","No",,,
"Gonodonta uxor","1.09%","No",,,
"Mictris crispus","1.09%","No",,,
"Eumorpha triangulum","2.04%","Yes","1.09%",383,"No"
"Tribolium linsleyi","14.29%","Yes","1.08%",4,"No"
"Omophoita quadrinotata","5.52%","Yes","1.08%",98,"No"
"Condica subornata","2.44%","Yes","1.08%",26,"No"
"Tirumala petiverana","1.08%","No",,,
"Pachylia ficus","1.08%","No",,,
"Copaxa rufinans","1.08%","No",,,
"Parandra polita","1.08%","No",,,
"Laparus doris","1.08%","No",,,
"Gamelia septentrionalis","1.08%","No",,,
"Canthon antoniomartinezi","9.52%","Yes","1.08%",12,"No"
"Spongiphora prolixa","12.50%","Yes","1.07%",8,"No"
"Eulaema polychroma","1.07%","No",,,
"Taeniotes scalatus","1.07%","No",,,
"Pachylis nervosus","1.07%","No",,,
"Polistes pacificus","1.07%","No",,,
"Chetone angulosa","1.07%","No",,,
"Ebrietas anacreon","1.07%","No",,,
"Lepiselaga crassipes","1.07%","No",,,
"Paratrachymyrmex bugnioni","1.07%","No",,,
"Agallia lingula","13.33%","Yes","1.07%",23,"No"
"Xylophanes neoptolemus","6.11%","Yes","1.06%",116,"No"
"Nemoria adjunctaria","1.06%","No",,,
"Pachygonidia drucei","1.06%","No",,,
"Euglyphis thyatira","1.06%","No",,,
"Liturgusa maya","2.69%","Yes","1.06%",472,"No"
"Zammara smaragdina","1.05%","No",,,
"Automeris metzli","1.05%","No",,,
"Thecla syllis","1.05%","No",,,
"Morpho peleides","1.05%","No",,,
"Pheidole nitidicollis","1.05%","No",,,
"Malloewia vulgaris","1.05%","No",,,
"Aedes thorntoni","1.05%","No",,,
"Dallasiellus lugubris","1.05%","No",,,
"Strumigenys spathula","4.48%","Yes","1.05%",45,"No"
"Sabethes gymnothorax","10.00%","Yes","1.04%",10,"No"
"Syssphinx molina","1.04%","No",,,
"Eumorpha phorbas","1.04%","No",,,
"Peregrinus maidis","1.04%","No",,,
"Naevolus orius","1.04%","No",,,
"Priobium sericeum","1.04%","No",,,
"Lethocerus medius","1.03%","No",,,
"Parasa wellesca","1.03%","No",,,
"Stenopola dorsalis","1.03%","No",,,
"Pseudomyrmex salvini","1.03%","No",,,
"Eulepidotis viridissima","1.03%","No",,,
"Strumigenys emeryi","1.03%","No",,,
"Hypselonotus interruptus","1.02%","No",,,
"Simulium haematopotum","1.02%","No",,,
"Manduca occulta","1.02%","No",,,
"Nothus lunus","1.02%","No",,,
"Ceratina chloris","1.02%","No",,,
"Helias phalaenoides","1.01%","No",,,
"Stictia signata","1.01%","No",,,
"Pheidole roushae","1.01%","No",,,
"Culex panocossa","1.01%","No",,,
"Megacyllene angulata","1.01%","No",,,
"Ischnocerus infuscatus","1.01%","No",,,
"Piezogaster odiosus","1.01%","No",,,
"Styliceps sericatus","3.57%","Yes","1.01%",12,"No"
"Cyphomyrmex costatus","1.00%","No",,,
"Midila soror","1.00%","No",,,
"Euselasia pusilla","1.00%","No",,,
"Pheidole glomericeps","1.00%","No",,,
"Ercta vittata","1.00%","No",,,
"Neopamera neotropicalis","1.00%","No",,,
"Chrysobothris capitata","1.00%","No",,,
"Prepona demophon","0.99%","No",,,
"Perichares philetes","0.99%","No",,,
"Feigeria herilia","0.99%","No",,,
"Rogeria cuneola","0.99%","No",,,
"Dysdercus concinnus","0.99%","No",,,
"Draeculacephala soluta","0.99%","No",,,
"Callinola bifiliferata","0.99%","No",,,
"Culex dunni","3.43%","Yes","0.99%",77,"No"
"Exoprosopa argentifasciata","5.00%","Yes","0.98%",16,"No"
"Ectatomma tuberculatum","0.98%","No",,,
"Archaeoprepona demophon","0.98%","No",,,
"Pseudomyrmex ejectus","0.98%","No",,,
"Prepona meander","0.98%","No",,,
"Megalopyge lanata","0.98%","No",,,
"Uroxys deavilai","0.98%","No",,,
"Miathyria simplex","0.98%","No",,,
"Hydrophilus ensifer","0.98%","No",,,
"Mesocordylus bracteolatus","0.98%","No",,,
"Arthrocorynus brachialis","0.98%","No",,,
"Gnamptogenys mecotyle","0.98%","No",,,
"Polla hemeraria","0.98%","No",,,
"Adelpha iphiclus","0.97%","No",,,
"Culex mollis","0.97%","No",,,
"Composia fidelissima","0.97%","No",,,
"Plagioneurus univittatus","0.97%","No",,,
"Parphorus decora","0.97%","No",,,
"Ramosiana insignis","0.97%","No",,,
"Polythrix procerus","0.97%","No",,,
"Morpho helenor","0.96%","No",,,
"Euglossa tridentata","0.96%","No",,,
"Manduca lanuginosa","0.96%","No",,,
"Noctuana stator","0.96%","No",,,
"Oecanthus leptogrammus","0.96%","No",,,
"Astraptes granadensis","6.67%","Yes","0.96%",42,"No"
"Libellula gaigei","3.45%","Yes","0.96%",48,"No"
"Stenus alacer","2.02%","Yes","0.96%",21,"No"
"Caligo telamonius","5.98%","Yes","0.96%",2543,"No"
"Stenamma felixi","31.02%","Yes","0.95%",283,"No"
"Dyscophellus nicephorus","2.17%","Yes","0.95%",59,"No"
"Enyo ocypete","0.95%","No",,,
"Enyo gorgon","0.95%","No",,,
"Sabethes undosus","0.95%","No",,,
"Horama plumipes","0.95%","No",,,
"Dynamine theseus","0.95%","No",,,
"Isognathus scyron","0.95%","No",,,
"Dasymutilla pulchra","0.95%","No",,,
"Strebla hertigi","0.95%","No",,,
"Dolichoderus diversus","0.95%","No",,,
"Anotia firebugia","0.95%","No",,,
"Diabrotica biannularis","0.95%","No",,,
"Bungalotis erythus","0.95%","No",,,
"Aidemona azteca","0.94%","No",,,
"Tegosa guatemalena","0.94%","No",,,
"Erinnyis oenotrus","0.94%","No",,,
"Sibovia nielsoni","0.94%","No",,,
"Merosargus stamineus","2.38%","Yes","0.94%",18,"No"
"Pseudosphinx tetrio","0.93%","No",,,
"Trigona nigerrima","0.93%","No",,,
"Sitophilus zeamais","0.93%","No",,,
"Hypothyris euclea","0.93%","No",,,
"Eueides lineata","0.93%","No",,,
"Pseudomiopteryx infuscata","0.93%","No",,,
"Correbidia elegans","0.93%","No",,,
"Ethmia scythropa","0.93%","No",,,
"Glenurus luniger","0.93%","No",,,
"Phanaeus sallei","0.93%","No",,,
"Metamasius callizona","0.93%","No",,,
"Chimarra laguna","0.93%","No",,,
"Leucanella leucane","0.93%","No",,,
"Acanthodis curvidens","0.93%","No",,,
"Liris partitus","0.93%","No",,,
"Colobura dirce","0.92%","No",,,
"Eunica alcmena","0.92%","No",,,
"Thecla ziba","0.92%","No",,,
"Susuacanga stigmatica","0.92%","No",,,
"Magava multilinea","0.92%","No",,,
"Nisoniades bessus","0.92%","No",,,
"Cerastipsocus trifasciatus","0.92%","No",,,
"Paragonatas divergens","0.92%","No",,,
"Pseudomyrmex brunneus","0.92%","No",,,
"Eburia stigma","0.92%","No",,,
"Eumaeus minijas","4.00%","Yes","0.92%",34,"No"
"Historis odius","0.91%","No",,,
"Culex declarator","0.91%","No",,,
"Nyceryx riscus","0.91%","No",,,
"Gnamptogenys tornata","0.91%","No",,,
"Isochaetes rufescens","0.91%","No",,,
"Parachma rufoflavalis","0.91%","No",,,
"Pheidole wardi","0.91%","No",,,
"Simulium samboni","4.00%","Yes","0.91%",39,"No"
"Camponotus atriceps","0.90%","No",,,
"Limatus durhamii","0.90%","No",,,
"Caicella calchas","0.90%","No",,,
"Pachylioides resumens","0.90%","No",,,
"Prepona demophoon","0.90%","No",,,
"Thecla strophius","0.90%","No",,,
"Hoplopyga ocellata","0.90%","No",,,
"Eacles masoni","0.90%","No",,,
"Birandra angulicollis","0.90%","No",,,
"Proceratium micrommatum","0.90%","No",,,
"Zygops tridentatus","3.37%","Yes","0.90%",40,"No"
"Uloma mexicana","2.26%","Yes","0.90%",29,"No"
"Meccus dimidiatus","0.89%","No",,,
"Xyleborus volvulus","0.89%","No",,,
"Oncopeltus cingulifer","0.89%","No",,,
"Hemeroblemma mexicana","0.89%","No",,,
"Cerotoma ruficornis","0.89%","No",,,
"Chlamisus maculipes","2.94%","Yes","0.88%",24,"No"
"Phanaeus endymion","0.88%","No",,,
"Hydrobiomorpha casta","0.88%","No",,,
"Papilio victorinus","0.88%","No",,,
"Oryba achemenides","0.88%","No",,,
"Omalodes grossus","0.88%","No",,,
"Smicridea varia","0.88%","No",,,
"Zeugomantispa virescens","0.88%","No",,,
"Piesocorynus plagifer","2.63%","Yes","0.88%",57,"No"
"Phrixosoma minor","20.00%","Yes","0.87%",6,"No"
"Astraptes anaphus","0.87%","No",,,
"Timochares trifasciata","0.87%","No",,,
"Cocytius lucifer","0.87%","No",,,
"Moeris remus","0.87%","No",,,
"Culex zeteki","0.87%","No",,,
"Gnamptogenys continua","0.87%","No",,,
"Olceclostera nigripuncta","0.87%","No",,,
"Pheia albisigna","2.07%","Yes","0.86%",102,"No"
"Dryadula phaetusa","0.86%","No",,,
"Staphylus vulgata","0.86%","No",,,
"Epidelia damia","0.86%","No",,,
"Pantomallus fuligineus","0.86%","No",,,
"Brachymyrmex coactus","0.86%","No",,,
"Astraptes enotrus","0.85%","No",,,
"Alfaria minuta","0.85%","No",,,
"Tabanus colombensis","0.85%","No",,,
"Manduca ochus","0.85%","No",,,
"Anastrus obscurus","0.85%","No",,,
"Palyas micacearia","0.85%","No",,,
"Copidocephala viridiguttata","0.85%","No",,,
"Oebalus insularis","0.85%","No",,,
"Epierus fulvicornis","0.85%","No",,,
"Platydema transversa","0.85%","No",,,
"Operclipygus hamistrius","5.31%","Yes","0.84%",11,"No"
"Culex pilosus","0.84%","No",,,
"Adelpha basiloides","0.84%","No",,,
"Ceroctena amynta","0.84%","No",,,
"Megalomyrmex silvestrii","0.84%","No",,,
"Syntomeida syntomoides","0.84%","No",,,
"Eulaema luteola","3.03%","Yes","0.83%",42,"No"
"Exomalopsis mellipes","0.83%","No",,,
"Caligo eurilochus","0.83%","No",,,
"Copidocephala guttata","0.83%","No",,,
"Strumigenys schulzi","0.83%","No",,,
"Cirrhicera sallei","0.83%","No",,,
"Anopheles gabaldoni","0.83%","No",,,
"Monca telata","0.83%","No",,,
"Idolia gibba","0.83%","No",,,
"Nothodelphax slossonae","0.83%","No",,,
"Carpelimus mundus","25.00%","Yes","0.82%",4,"No"
"Dynamine mylitta","0.82%","No",,,
"Automeris excreta","0.82%","No",,,
"Rasahus sulcicollis","0.82%","No",,,
"Inca clathratus","0.82%","No",,,
"Cosmosoma sectinota","0.82%","No",,,
"Gonodonta holosericea","0.82%","No",,,
"Polygoniodes laciniata","0.82%","No",,,
"Apanteles raulacevedoi","0.82%","No",,,
"Glympis concors","0.82%","No",,,
"Megalopyge dyari","62.50%","Yes","0.82%",11,"No"
"Anastrepha obliqua","0.81%","No",,,
"Agallia repleta","0.81%","No",,,
"Xylophanes tyndarus","0.81%","No",,,
"Sabethes cyaneus","0.81%","No",,,
"Euselasia aurantiaca","0.81%","No",,,
"Parasa imitata","0.81%","No",,,
"Melinaea ethra","0.81%","No",,,
"Carcinops misellus","0.81%","No",,,
"Tribolium madens","0.81%","No",,,
"Vettius tertianus","2.44%","Yes","0.81%",29,"No"
"Merosargus azureus","10.00%","Yes","0.81%",10,"No"
"Quesada gigas","0.80%","No",,,
"Anopheles punctimacula","0.80%","No",,,
"Diabrotica porracea","0.80%","No",,,
"Lestrimelitta niitkib","0.80%","No",,,
"Urbanus pronta","0.80%","No",,,
"Eurysternus wittmerorum","0.80%","No",,,
"Erythrodiplax ochracea","0.80%","No",,,
"Euschistus bifibulus","0.80%","No",,,
"Lachnomyrmex scrobiculatus","0.79%","No",,,
"Feigeria buteo","0.79%","No",,,
"Thecla una","0.79%","No",,,
"Hyalorista taeniolalis","0.79%","No",,,
"Napata leucotelus","0.79%","No",,,
"Mischocyttarus melanarius","0.79%","No",,,
"Megachile nigripennis","0.79%","No",,,
"Nascus solon","0.79%","No",,,
"Centris analis","0.78%","No",,,
"Anastrepha fratercula","0.78%","No",,,
"Aspidoptera phyllostomatis","0.78%","No",,,
"Pellicia costimacula","0.78%","No",,,
"Mylon pelopidas","0.78%","No",,,
"Isanthrene felderi","0.78%","No",,,
"Talara phaeella","0.78%","No",,,
"Eburia hovorei","33.33%","Yes","0.77%",5,"No"
"Automeris janus","2.42%","Yes","0.77%",75,"No"
"Curvie emesia","0.77%","No",,,
"Aeria eurimedia","0.77%","No",,,
"Neoclytus cacicus","0.77%","No",,,
"Aedes fluviatilis","0.77%","No",,,
"Chlorotabanus mexicanus","0.77%","No",,,
"Chalepus bellulus","0.77%","No",,,
"Biturix venosata","0.77%","No",,,
"Strebla kohlsi","4.35%","Yes","0.77%",17,"No"
"Parides erithalion","0.76%","No",,,
"Spathilepia clonius","0.76%","No",,,
"Oligomyrmex urichi","0.76%","No",,,
"Opsiphanes quiteria","0.76%","No",,,
"Ormetica sicilia","0.76%","No",,,
"Napeogenes tolosa","0.76%","No",,,
"Strumigenys nigrescens","0.76%","No",,,
"Xanthopastis moctezuma","0.76%","No",,,
"Manduca barnesi","0.76%","No",,,
"Pantochlora vivida","0.76%","No",,,
"Dysschema lycaste","0.76%","No",,,
"Sisyracera subulalis","2.11%","Yes","0.76%",71,"No"
"Xylophanes pluto","0.75%","No",,,
"Pachycondyla stigma","0.75%","No",,,
"Ptecticus testaceus","0.75%","No",,,
"Xylophanes titana","0.75%","No",,,
"Cratoplastis diluta","0.75%","No",,,
"Manduca muscosa","0.75%","No",,,
"Coquillettidia nigricans","0.75%","No",,,
"Tauriphila azteca","0.75%","No",,,
"Culex inhibitator","0.75%","No",,,
"Dolichoderus validus","0.75%","No",,,
"Enyo cavifer","0.75%","No",,,
"Culex restrictor","2.17%","Yes","0.75%",66,"No"
"Quadrus cerialis","0.74%","No",,,
"Eudocima apta","0.74%","No",,,
"Cyclopis caecutiens","0.74%","No",,,
"Allophrys divaricata","0.74%","No",,,
"Crematogaster montezumia","0.74%","No",,,
"Carteris lineata","0.74%","No",,,
"Solenopsis terricola","0.74%","No",,,
"Uroxys microcularis","0.73%","No",,,
"Chiomara mithrax","0.73%","No",,,
"Gymnetis stellata","0.73%","No",,,
"Tritoma sanguinipennis","0.73%","No",,,
"Teloplatypus ustulatus","13.64%","Yes","0.73%",15,"No"
"Wasmannia auropunctata","0.72%","No",,,
"Thessalia theona","0.72%","No",,,
"Protambulyx strigilis","0.72%","No",,,
"Antigonus erosus","0.72%","No",,,
"Thisbe lycorias","0.72%","No",,,
"Cyclocephala stictica","0.72%","No",,,
"Hypoponera parva","0.72%","No",,,
"Sericomyrmex amabilis","0.72%","No",,,
"Phrygionis privignaria","0.72%","No",,,
"Phileurus didymus","0.72%","No",,,
"Tetyra antillarum","0.72%","No",,,
"Bothynus complanus","0.72%","No",,,
"Epimecis conjugaria","0.72%","No",,,
"Proceratium mancum","0.72%","No",,,
"Strebla christinae","4.76%","Yes","0.71%",24,"No"
"Pseudomyrmex subater","3.36%","Yes","0.71%",48,"No"
"Hamadryas feronia","0.71%","No",,,
"Culex inflictus","0.71%","No",,,
"Solenopsis pygmaea","0.71%","No",,,
"Synchlora pulchrifimbria","0.71%","No",,,
"Argyria lacteella","0.71%","No",,,
"Aedes terrens","0.71%","No",,,
"Trachymyrmex intermedius","0.71%","No",,,
"Cryptobotys zoilusalis","0.71%","No",,,
"Smicropus intercepta","0.71%","No",,,
"Epicharis lunulata","0.71%","No",,,
"Megastes praxiteles","0.71%","No",,,
"Camponotus formiciformis","4.55%","Yes","0.70%",16,"No"
"Chagasia bathana","10.29%","Yes","0.70%",33,"No"
"Anartia jatrophae","0.70%","No",,,
"Mestra amymone","0.70%","No",,,
"Thecla bathildis","0.70%","No",,,
"Salbia haemorrhoidalis","0.70%","No",,,
"Hemeroplanes triptolemus","0.70%","No",,,
"Strebla mirabilis","0.70%","No",,,
"Metelasmus pseudopterus","0.70%","No",,,
"Codatractus alcaeus","0.70%","No",,,
"Anoplius lepidus","0.70%","No",,,
"Perigonia ilus","3.88%","Yes","0.70%",142,"No"
"Paratrichobius salvini","4.00%","Yes","0.70%",11,"No"
"Parides eurimedes","0.69%","No",,,
"Onthophagus crinitus","0.69%","No",,,
"Euphyes peneia","0.69%","No",,,
"Steirodon stalii","2.24%","Yes","0.68%",132,"No"
"Taeniaptera lasciva","2.27%","Yes","0.68%",68,"No"
"Ascalapha odorata","0.68%","No",,,
"Eurysternus caribaeus","0.68%","No",,,
"Camponotus planatus","0.68%","No",,,
"Heliconius sapho","0.68%","No",,,
"Canthon femoralis","0.68%","No",,,
"Dynastor darius","0.68%","No",,,
"Eurhopalothrix gravis","0.68%","No",,,
"Ormetica guapisa","0.68%","No",,,
"Idalus borealis","0.68%","No",,,
"Milgithea suramisa","0.68%","No",,,
"Perophthalma lasus","0.68%","No",,,
"Eurhopalothrix xibalba","0.68%","No",,,
"Niconiades incomptus","0.68%","No",,,
"Hypocrita pylotis","5.26%","Yes","0.68%",15,"No"
"Doru taeniatum","0.67%","No",,,
"Nasutitermes corniger","0.67%","No",,,
"Corticea corticea","0.67%","No",,,
"Opsiphanes tamarindi","0.67%","No",,,
"Eusarca minucia","0.67%","No",,,
"Cosmosoma festivum","0.67%","No",,,
"Carrhenes canescens","0.67%","No",,,
"Achroblatta luteola","0.67%","No",,,
"Calpodes triangularis","2.00%","Yes","0.67%",40,"No"
"Gymnognathus ophiopsis","4.00%","Yes","0.66%",7,"No"
"Papilio thoas","0.66%","No",,,
"Partamona bilineata","0.66%","No",,,
"Zophobas atratus","0.66%","No",,,
"Castrica phalaenoides","0.66%","No",,,
"Protambulyx eurycles","0.66%","No",,,
"Alphitobius laevigatus","0.66%","No",,,
"Pheidole ursus","0.66%","No",,,
"Cyphomyia albitarsis","0.66%","No",,,
"Melanis agyrtus","0.66%","No",,,
"Podalia tympania","0.66%","No",,,
"Pyrophorus noctilucus","0.66%","No",,,
"Thracides phidon","0.66%","No",,,
"Diabrotica circulata","0.66%","No",,,
"Arawacus leucogyna","0.66%","No",,,
"Melissoptila otomita","8.40%","Yes","0.65%",108,"No"
"Piezocorynus homoeus","5.00%","Yes","0.65%",8,"No"
"Heliconius doris","0.65%","No",,,
"Eulepidotis testaceiceps","0.65%","No",,,
"Strumigenys lanuginosa","0.65%","No",,,
"Zelurus circumcinctus","0.65%","No",,,
"Lonchaea longicornis","0.65%","No",,,
"Nudur fractivittarum","0.65%","No",,,
"Cyclocephala prolongata","0.65%","No",,,
"Zelus janus","0.65%","No",,,
"Thecla gnosia","2.13%","Yes","0.65%",69,"No"
"Colletes punctipennis","5.23%","Yes","0.64%",63,"No"
"Abracris flavolineata","0.64%","No",,,
"Nica flavilla","0.64%","No",,,
"Euplatypus parallelus","0.64%","No",,,
"Monochaetoscinella anonyma","0.64%","No",,,
"Canthidium laetum","0.64%","No",,,
"Euclea plugma","0.64%","No",,,
"Automeris dagmarae","0.64%","No",,,
"Typhlomyrmex pusillus","0.64%","No",,,
"Chromacris trogon","0.64%","No",,,
"Papilio aristodemus","0.64%","No",,,
"Lebia bivittata","0.64%","No",,,
"Limenitis felderi","0.64%","No",,,
"Coenipeta damonia","0.64%","No",,,
"Moeris hyagnis","2.63%","Yes","0.63%",16,"No"
"Hypomicrogaster areolaris","8.33%","Yes","0.63%",11,"No"
"Eciton burchellii","0.63%","No",,,
"Taygetis andromeda","0.63%","No",,,
"Culex corniger","0.63%","No",,,
"Typhedanus undulatus","0.63%","No",,,
"Aclytia punctata","0.63%","No",,,
"Atarnes sallei","0.63%","No",,,
"Calydia osseata","0.63%","No",,,
"Coscinedes gracilis","0.63%","No",,,
"Orthognathus subparallelus","0.63%","No",,,
"Trichobioides perspicillatus","0.63%","No",,,
"Zelus grassans","0.63%","No",,,
"Polistes instabilis","0.62%","No",,,
"Phoenicoprocta sanguinea","0.62%","No",,,
"Oligocorynus zebra","0.62%","No",,,
"Euschistus quadrator","2.27%","Yes","0.62%",80,"No"
"Achlyodes busirus","2.02%","Yes","0.61%",43,"No"
"Eurysternus mexicanus","0.61%","No",,,
"Agelaia centralis","0.61%","No",,,
"Strumigenys elongata","0.61%","No",,,
"Yphthimoides renata","0.61%","No",,,
"Eumaeus childrenae","0.61%","No",,,
"Pheidole bilimeki","0.61%","No",,,
"Heterelmis obscura","0.61%","No",,,
"Nannotrigona mellaria","0.61%","No",,,
"Opsiphanes cassiae","0.61%","No",,,
"Midila daphne","0.61%","No",,,
"Remella vopiscus","2.13%","Yes","0.61%",39,"No"
"Epimetopus thermarum","2.17%","Yes","0.60%",29,"No"
"Euptoieta hegesia","0.60%","No",,,
"Adelomyrmex silvestrii","0.60%","No",,,
"Rhescyntis hippodamia","0.60%","No",,,
"Toxomerus pulchellus","0.60%","No",,,
"Callionima inuus","0.60%","No",,,
"Tapinaspis wesmaeli","0.60%","No",,,
"Spodistes mniszechi","0.60%","No",,,
"Bungalotis astylos","0.60%","No",,,
"Coptocycla sordida","0.60%","No",,,
"Tetragonisca angustula","0.59%","No",,,
"Papilio anchisiades","0.59%","No",,,
"Anochetus mayri","0.59%","No",,,
"Odontomachus laticeps","0.59%","No",,,
"Megachile zaptlana","0.59%","No",,,
"Zanola verago","0.59%","No",,,
"Calledema argenta","0.59%","No",,,
"Penichrus blapstinoides","0.59%","No",,,
"Speiseria ambigua","5.52%","Yes","0.58%",158,"No"
"Megistopoda aranea","2.83%","Yes","0.58%",234,"No"
"Culex theobaldi","9.51%","Yes","0.58%",106,"No"
"Hamadryas amphinome","0.58%","No",,,
"Anthanassa tulcis","0.58%","No",,,
"Urania fulgens","0.58%","No",,,
"Edessa bifida","0.58%","No",,,
"Xylophanes porcus","0.58%","No",,,
"Eumorpha anchemolus","0.58%","No",,,
"Anopheles eiseni","0.58%","No",,,
"Macrosoma conifera","0.58%","No",,,
"Cephalotes umbraculatus","0.58%","No",,,
"Leuronotina orizabae","0.58%","No",,,
"Temnochila virescens","0.58%","No",,,
"Polythrix caunus","0.58%","No",,,
"Phaeochlaena gyon","3.28%","Yes","0.57%",67,"No"
"Simulium callidum","3.93%","Yes","0.57%",106,"No"
"Scaptotrigona pectoralis","0.57%","No",,,
"Deinocerites cancer","0.57%","No",,,
"Macunolla ventralis","0.57%","No",,,
"Euptychia mollina","0.57%","No",,,
"Catagramma texa","0.57%","No",,,
"Rogeria belti","0.57%","No",,,
"Lagocheirus binumeratus","0.57%","No",,,
"Lepidokirbyia boreas","0.57%","No",,,
"Epargyreus socus","0.57%","No",,,
"Acinopterus angulatus","0.57%","No",,,
"Loxophlebia imitata","0.57%","No",,,
"Anopheles albimanus","4.15%","Yes","0.56%",968,"No"
"Siproeta stelenes","0.56%","No",,,
"Marpesia petreus","0.56%","No",,,
"Eulaema cingulata","0.56%","No",,,
"Taygetis thamyra","0.56%","No",,,
"Pseudovates chlorophaea","0.56%","No",,,
"Aedeomyia squamipennis","0.56%","No",,,
"Chilocorus nigritus","0.56%","No",,,
"Madoryx oiclus","0.56%","No",,,
"Aedes podographicus","0.56%","No",,,
"Microcerotermes septentrionalis","0.56%","No",,,
"Staphylus azteca","0.56%","No",,,
"Cydianerus argenteus","0.56%","No",,,
"Pseudomyrmex ita","0.56%","No",,,
"Triepeolus mexicanus","0.56%","No",,,
"Dichroplus notatus","0.56%","No",,,
"Thecla cithonius","0.56%","No",,,
"Ridens allyni","0.56%","No",,,
"Sargus speciosus","0.56%","No",,,
"Brachydeutera neotropica","4.17%","Yes","0.56%",13,"No"
"Anteos maerula","0.55%","No",,,
"Exaerete smaragdina","0.55%","No",,,
"Heliopetes macaira","0.55%","No",,,
"Diaethria astala","0.55%","No",,,
"Hoplopyga liturata","0.55%","No",,,
"Cocytius antaeus","0.55%","No",,,
"Synargis mycone","0.55%","No",,,
"Autochton neis","0.55%","No",,,
"Rogeria inermis","0.55%","No",,,
"Mapeta xanthomelas","0.55%","No",,,
"Cicindela roseiventris","0.55%","No",,,
"Coelioxys zapoteca","0.55%","No",,,
"Citheronia beledonon","0.55%","No",,,
"Myscelia cyaniris","0.54%","No",,,
"Autochton longipennis","0.54%","No",,,
"Canthon vazquezae","0.54%","No",,,
"Runchomyia magna","0.54%","No",,,
"Juiaparus mexicanus","0.54%","No",,,
"Pseudomyrmex seminole","0.54%","No",,,
"Symphlebia perflua","0.54%","No",,,
"Antaeotricha ribbei","0.54%","No",,,
"Udranomia orcinus","0.54%","No",,,
"Camponotus mucronatus","0.54%","No",,,
"Catonephele numilia","0.53%","No",,,
"Halictus hesperus","0.53%","No",,,
"Enochrus pygmaeus","0.53%","No",,,
"Piezodorus guildinii","0.53%","No",,,
"Pseudomyrmex tenuis","0.53%","No",,,
"Antigonus nearchus","0.53%","No",,,
"Quadrus lugubris","0.53%","No",,,
"Piletocera bufalis","0.53%","No",,,
"Semiothisa arenisca","0.53%","No",,,
"Ceratina eximia","0.53%","No",,,
"Parorectis rugosa","0.53%","No",,,
"Jalysus reductus","4.44%","Yes","0.52%",34,"No"
"Telemiades avitus","2.00%","Yes","0.52%",35,"No"
"Chromoteleia longa","20.00%","Yes","0.52%",10,"No"
"Anopheles argyritarsis","3.18%","Yes","0.52%",188,"No"
"Ceratina viridicincta","7.69%","Yes","0.52%",18,"No"
"Heliconius erato","0.52%","No",,,
"Pachycondyla harpax","0.52%","No",,,
"Lycorea cleobaea","0.52%","No",,,
"Pachycondyla apicalis","0.52%","No",,,
"Neoptychodes trilineatus","0.52%","No",,,
"Autochton zarex","0.52%","No",,,
"Platydema micans","0.52%","No",,,
"Mionochroma vittatum","0.52%","No",,,
"Leptotrachelus dorsalis","0.52%","No",,,
"Bicyrtes variegatus","0.52%","No",,,
"Pharypia pulchella","0.52%","No",,,
"Hypoptus macularis","0.52%","No",,,
"Cadrema pallida","0.52%","No",,,
"Massala abdara","0.52%","No",,,
"Decinea decinea","0.52%","No",,,
"Amnestus pusio","0.52%","No",,,
"Lutzia allostigma","0.52%","No",,,
"Scirtes oblongus","0.52%","No",,,
"Eciton hamatum","2.64%","Yes","0.52%",517,"No"
"Tanymecus confusus","8.33%","Yes","0.51%",402,"No"
"Paradyschiria lineata","10.42%","Yes","0.51%",32,"No"
"Acrocinus longimanus","0.51%","No",,,
"Camponotus novogranadensis","0.51%","No",,,
"Anthoptus epictetus","0.51%","No",,,
"Hyalurga sora","0.51%","No",,,
"Rhiginia cinctiventris","0.51%","No",,,
"Nacaeus planellus","0.51%","No",,,
"Agelaia cajennensis","0.51%","No",,,
"Panoquina fusina","0.51%","No",,,
"Semnia auritalis","0.51%","No",,,
"Coptocycla leprosa","0.51%","No",,,
"Pheidole acamata","0.51%","No",,,
"Edessa pictiventris","0.51%","No",,,
"Bertamyia notata","0.51%","No",,,
"Strategus aloeus","0.50%","No",,,
"Pompeius pompeius","0.50%","No",,,
"Cyphomyrmex rimosus","0.50%","No",,,
"Azya orbigera","0.50%","No",,,
"Discothyrea horni","0.50%","No",,,
"Oenomaus ortygnus","0.50%","No",,,
"Dysdaemonia boreas","0.50%","No",,,
"Ctenodactylomyia watsoni","0.50%","No",,,
"Adhemarius dariensis","0.50%","No",,,
"Sceliphron fistularium","0.50%","No",,,
"Amaxia lepida","0.50%","No",,,
"Emesis tegula","0.50%","No",,,
"Balbura fasciata","0.50%","No",,,
"Crematogaster obscurata","0.50%","No",,,
"Megeuptychia antonoe","3.99%","Yes","0.49%",306,"No"
"Syntomeida epilais","0.49%","No",,,
"Uroxys micros","0.49%","No",,,
"Toxomerus bistrigus","0.49%","No",,,
"Deltochilum parile","0.49%","No",,,
"Taurodemus sharpi","0.49%","No",,,
"Metapelma spectabile","0.49%","No",,,
"Xylophanes undata","0.49%","No",,,
"Fulvius imbecilis","0.49%","No",,,
"Cactophagus sanguinolentus","0.49%","No",,,
"Wyeomyia arthrostigma","3.22%","Yes","0.49%",143,"No"
"Basilia ortizi","18.18%","Yes","0.49%",8,"No"
"Dryas iulia","0.48%","No",,,
"Labidus praedator","0.48%","No",,,
"Taygetis virgilia","0.48%","No",,,
"Deltochilum scabriusculum","0.48%","No",,,
"Pheidole simonsi","0.48%","No",,,
"Opsiphanes boisduvalii","0.48%","No",,,
"Caio championi","0.48%","No",,,
"Pheidole deceptrix","0.48%","No",,,
"Simulium tarsatum","0.48%","No",,,
"Pycnopalpa bicordata","0.48%","No",,,
"Xylophanes germen","0.48%","No",,,
"Agrosoma placetis","0.48%","No",,,
"Acraephia perspicillata","0.48%","No",,,
"Pheidole celaena","0.48%","No",,,
"Termes melindae","0.48%","No",,,
"Hamadryas guatemalena","0.47%","No",,,
"Gorgythion begga","0.47%","No",,,
"Phobetron hipparchia","0.47%","No",,,
"Philaethria dido","0.47%","No",,,
"Consul electra","0.47%","No",,,
"Xylocopa mordax","0.47%","No",,,
"Neoponera moesta","0.47%","No",,,
"Hypercompe icasia","0.47%","No",,,
"Conocephalus cinereus","0.47%","No",,,
"Diabrotica viridula","0.47%","No",,,
"Ligyrus nasutus","0.47%","No",,,
"Rhodobaenus auctus","0.47%","No",,,
"Epiclea elaea","0.47%","No",,,
"Opanthribus tessellatus","0.47%","No",,,
"Oncometopia nigricans","0.47%","No",,,
"Lineostriastiria hachita","0.47%","No",,,
"Stictia maculata","3.77%","Yes","0.47%",104,"No"
"Catonephele nyctimus","2.04%","Yes","0.46%",72,"No"
"Junonia neildi","0.46%","No",,,
"Panoquina panoquinoides","0.46%","No",,,
"Pyramica subedentata","0.46%","No",,,
"Adeloneivaia jason","0.46%","No",,,
"Homostinea curviliniella","0.46%","No",,,
"Dilopharius otomitus","0.46%","No",,,
"Condylostylus purpureus","0.46%","No",,,
"Culicoides furens","0.46%","No",,,
"Thecla cerata","0.46%","No",,,
"Thecla batesii","0.46%","No",,,
"Azteca schimperi","4.23%","Yes","0.46%",28,"No"
"Solenopsis","13.94%","Yes","0.45%",79,"No"
"Heterelmis obesa","2.50%","Yes","0.45%",26,"No"
"Nascus phocus","2.41%","Yes","0.45%",162,"No"
"Eueides isabella","6.94%","Yes","0.45%",161,"No"
"Neomida cioides","4.17%","Yes","0.45%",10,"No"
"Culex coronator","0.45%","No",,,
"Melanis pixe","0.45%","No",,,
"Hypoponera nitidula","0.45%","No",,,
"Rothschildia erycina","0.45%","No",,,
"Eupyrrhoglossum sagra","0.45%","No",,,
"Cycnus phaleros","0.45%","No",,,
"Microsepsis furcata","0.45%","No",,,
"Oreodera glauca","0.45%","No",,,
"Diabrotica adelpha","0.45%","No",,,
"Athis inca","0.45%","No",,,
"Memphis hedemanni","0.45%","No",,,
"Memphis morvus","0.45%","No",,,
"Phrudocentra janeira","0.45%","No",,,
"Semaeopus nisa","3.70%","Yes","0.44%",72,"No"
"Heliconius charithonia","0.44%","No",,,
"Glutophrissa drusilla","0.44%","No",,,
"Mechanitis lysimnia","0.44%","No",,,
"Urbanus teleus","0.44%","No",,,
"Turesis lucas","0.44%","No",,,
"Nylanderia guatemalensis","0.44%","No",,,
"Xyleborus ferrugineus","0.44%","No",,,
"Pyramica emmae","0.44%","No",,,
"Odontomachus hastatus","0.44%","No",,,
"Camponotus","0.44%","No",,,
"Megalopta centralis","0.44%","No",,,
"Camponotus conspicuus","0.44%","No",,,
"Rhuda focula","0.44%","No",,,
"Emesis fatima","0.44%","No",,,
"Thespieus dalman","0.44%","No",,,
"Ornithia mexicana","0.44%","No",,,
"Asphaera discicollis","0.44%","No",,,
"Melitoma marginella","5.98%","Yes","0.44%",110,"No"
"Centris meaculpa","11.11%","Yes","0.43%",8,"No"
"Paraeuctenodes longipes","14.29%","Yes","0.43%",12,"No"
"Rhetus arcius","0.43%","No",,,
"Anopheles darlingi","0.43%","No",,,
"Metaleptea brevicornis","0.43%","No",,,
"Pheidole harrisonfordi","0.43%","No",,,
"Desmia bajulalis","0.43%","No",,,
"Ouleus fridericus","0.43%","No",,,
"Lebia bitaeniata","0.43%","No",,,
"Argia cupraurea","0.43%","No",,,
"Smyrna blomfildia","0.42%","No",,,
"Physonota alutacea","0.42%","No",,,
"Callimormus saturnus","0.42%","No",,,
"Palpada albifrons","0.42%","No",,,
"Anthanassa argentea","0.42%","No",,,
"Octostruma iheringi","0.42%","No",,,
"Automeris postalbida","0.42%","No",,,
"Pellicia dimidiata","0.42%","No",,,
"Dinia eagrus","0.42%","No",,,
"Pseudomyrmex tenuissimus","0.42%","No",,,
"Opsiphanes cassina","2.90%","Yes","0.42%",1377,"No"
"Cissura plumbea","5.81%","Yes","0.42%",72,"No"
"Eugaurax quadrilineatus","11.11%","Yes","0.41%",3,"No"
"Carpelimus dentiger","40.00%","Yes","0.41%",7,"No"
"Acropyga smithii","4.13%","Yes","0.41%",167,"No"
"Xestocephalus desertorum","0.41%","No",,,
"Pyrrhogyra neaerea","0.41%","No",,,
"Panthiades bitias","0.41%","No",,,
"Caligo brasiliensis","0.41%","No",,,
"Automeris belti","0.41%","No",,,
"Hypoleria lavinia","0.41%","No",,,
"Eulimnichus ater","0.41%","No",,,
"Xyleborinus intersetosus","0.41%","No",,,
"Hyperphara clusia","0.41%","No",,,
"Nystalea collaris","0.41%","No",,,
"Cymaenes tripunctata","0.41%","No",,,
"Harmostes serratus","0.41%","No",,,
"Cyptocephala antiguensis","0.41%","No",,,
"Podabrus modestus","0.41%","No",,,
"Callionima falcifera","2.94%","Yes","0.41%",534,"No"
"Syngamia florella","0.40%","No",,,
"Gonodonta pyrgo","0.40%","No",,,
"Solenopsis brevicornis","0.40%","No",,,
"Thyreodon atriventris","0.40%","No",,,
"Hylesia lineata","0.40%","No",,,
"Parides childrenae","0.40%","No",,,
"Anastrepha curvicauda","0.40%","No",,,
"Megachile azteca","0.40%","No",,,
"Stolidoptera tachasara","0.40%","No",,,
"Coptotermes testaceus","0.40%","No",,,
"Protalebrella conica","0.40%","No",,,
"Eurhinus magnificus","0.40%","No",,,
"Zelurus spinidorsis","0.40%","No",,,
"Ichnea marginella","4.00%","Yes","0.40%",10,"No"
"Jalysus sobrinus","2.56%","Yes","0.39%",26,"No"
"Membracis mexicana","0.39%","No",,,
"Holcoponera striatula","0.39%","No",,,
"Malacopterus tenellus","0.39%","No",,,
"Aclytia heber","0.39%","No",,,
"Thyreodon rufothorax","0.39%","No",,,
"Thaumatomyia annulata","0.39%","No",,,
"Peruveleon dorsalis","0.39%","No",,,
"Trichobius sparsus","9.09%","Yes","0.39%",29,"No"
"Sericochroa flavodiscata","5.13%","Yes","0.39%",34,"No"
"Myxosargus scutellatus","6.67%","Yes","0.39%",3,"No"
"Limenitis naxia","4.85%","Yes","0.39%",177,"No"
"Pseudomyrmex gracilis","0.38%","No",,,
"Chilocorus cacti","0.38%","No",,,
"Agapostemon nasutus","0.38%","No",,,
"Perigonia lusca","0.38%","No",,,
"Epia muscosa","0.38%","No",,,
"Heliastus sumichrasti","0.38%","No",,,
"Urbanus doryssus","0.38%","No",,,
"Thyanta perditor","0.38%","No",,,
"Eciton mexicanum","0.38%","No",,,
"Wyeomyia chalcocephala","0.38%","No",,,
"Eutelia ablatrix","0.38%","No",,,
"Antirrhea philoctetes","0.38%","No",,,
"Poekilloptera phalaenoides","0.38%","No",,,
"Leptobasis lucifer","0.38%","No",,,
"Fulgora laternaria","9.23%","Yes","0.38%",364,"No"
"Heliconius ismenius","2.43%","Yes","0.38%",1542,"No"
"Psorophora confinnis","2.19%","Yes","0.38%",220,"No"
"Paratetrapedia lugubris","21.85%","Yes","0.37%",42,"No"
"Culex commevynensis","11.54%","Yes","0.37%",16,"No"
"Chlosyne janais","0.37%","No",,,
"Junonia lavinia","0.37%","No",,,
"Partamona cupira","0.37%","No",,,
"Thecla yojoa","0.37%","No",,,
"Rhammatocerus viatorius","0.37%","No",,,
"Euglossa allosticta","0.37%","No",,,
"Godyris zavaleta","0.37%","No",,,
"Limenitis phylaca","0.37%","No",,,
"Calodesma maculifrons","0.37%","No",,,
"Opsiphanes fabricii","0.37%","No",,,
"Anasa scorbutica","0.37%","No",,,
"Lema confusa","0.37%","No",,,
"Condylostylus quadricolor","0.37%","No",,,
"Molippa nibasa","0.37%","No",,,
"Prepona deiphile","0.37%","No",,,
"Leucula meganira","0.37%","No",,,
"Tarpela micans","0.37%","No",,,
"Glyphipterix circumscriptella","0.37%","No",,,
"Euschistus emoorei","0.37%","No",,,
"Apanteles oscarchavezi","0.37%","No",,,
"Mastoptera minuta","6.77%","Yes","0.37%",59,"No"
"Thecla falerina","4.76%","Yes","0.37%",19,"No"
"Paratetrapedia connexa","15.79%","Yes","0.36%",65,"No"
"Autochton bipunctatus","4.35%","Yes","0.36%",57,"No"
"Agallissus lepturoides","12.00%","Yes","0.36%",16,"No"
"Xylophanes chiron","0.36%","No",,,
"Eueides isabella","0.36%","No",,,
"Azteca instabilis","0.36%","No",,,
"Patalene aenetusaria","0.36%","No",,,
"Leuciris fimbriaria","0.36%","No",,,
"Dismorphia theucharila","0.36%","No",,,
"Enema endymion","0.36%","No",,,
"Elaphria deltoides","0.36%","No",,,
"Leucotmemis nexa","0.36%","No",,,
"Thasus acutangulus","0.36%","No",,,
"Syssphinx jennyphillipsae","0.36%","No",,,
"Eupseudosoma involuta","0.36%","No",,,
"Dulcedo polita","0.36%","No",,,
"Taygetis kerea","0.36%","No",,,
"Euselasia mystica","0.36%","No",,,
"Sphacelodes quadrilineata","0.36%","No",,,
"Megachile antiqua","32.08%","Yes","0.36%",17,"No"
"Toxorhynchites theobaldi","2.46%","Yes","0.36%",148,"No"
"Tropidacris cristata","2.64%","Yes","0.36%",4270,"No"
"Psorophora albipes","2.32%","Yes","0.35%",136,"No"
"Adhemarius gannascus","2.07%","Yes","0.35%",1049,"No"
"Hamadryas februa","0.35%","No",,,
"Limenitis iphiclus","0.35%","No",,,
"Memphis forreri","0.35%","No",,,
"Urbanus simplicius","0.35%","No",,,
"Ischnocodia annulus","0.35%","No",,,
"Godyris nero","0.35%","No",,,
"Syllectra erycata","0.35%","No",,,
"Megalomyrmex drifti","0.35%","No",,,
"Orthemis cultriformis","0.35%","No",,,
"Culex conservator","0.35%","No",,,
"Halysidota orientalis","0.35%","No",,,
"Eresia nauplius","0.35%","No",,,
"Thecla schausi","0.35%","No",,,
"Callimormus radiola","0.35%","No",,,
"Rogeria tonduzi","0.35%","No",,,
"Ebrietas evanidus","3.85%","Yes","0.34%",31,"No"
"Desmia filicornis","2.99%","Yes","0.34%",54,"No"
"Callionima nomius","8.22%","Yes","0.34%",280,"No"
"Solenopsis geminata","0.34%","No",,,
"Brachygastra mellifica","0.34%","No",,,
"Prepona laertes","0.34%","No",,,
"Oncometopia clarior","0.34%","No",,,
"Archonias brassolis","0.34%","No",,,
"Phocides pigmalion","0.34%","No",,,
"Omophoita aequinoctialis","0.34%","No",,,
"Mimeoma acuta","0.34%","No",,,
"Paratetrapedia moesta","0.34%","No",,,
"Gonodonta sinaldus","0.34%","No",,,
"Chlorida cincta","0.34%","No",,,
"Memphis oenomais","0.34%","No",,,
"Isogona natatrix","0.34%","No",,,
"Astraptes creteus","0.34%","No",,,
"Philonthus jurgans","0.34%","No",,,
"Thisbe irenea","2.34%","Yes","0.33%",370,"No"
"Danaus eresimus","0.33%","No",,,
"Eunica tatila","0.33%","No",,,
"Pyramica eggersi","0.33%","No",,,
"Machaerocera mexicana","0.33%","No",,,
"Emesis mandana","0.33%","No",,,
"Deltochilum lobipes","0.33%","No",,,
"Eufriesea concava","0.33%","No",,,
"Cycloglypha thrasibulus","0.33%","No",,,
"Pheidole gulo","0.33%","No",,,
"Uloma punctulata","0.33%","No",,,
"Berosus aculeatus","0.33%","No",,,
"Feigeria magna","0.33%","No",,,
"Belonopelta deletrix","0.33%","No",,,
"Anasa bellator","0.33%","No",,,
"Epargyreus clavicornis","6.52%","Yes","0.32%",42,"No"
"Doxocopa laure","0.32%","No",,,
"Lycorea eva","0.32%","No",,,
"Epargyreus exadeus","0.32%","No",,,
"Agelaia yepocapa","0.32%","No",,,
"Tapinoma ramulorum","0.32%","No",,,
"Platydracus femoratus","0.32%","No",,,
"Maekistocera longipennis","0.32%","No",,,
"Erythemis mithroides","0.32%","No",,,
"Apiomerus pictipes","0.32%","No",,,
"Brangas neora","0.32%","No",,,
"Onthophagus gazellinus","0.32%","No",,,
"Lechriops analis","0.32%","No",,,
"Pseudomyrmex filiformis","0.32%","No",,,
"Lypotigris reginalis","0.32%","No",,,
"Thysanopyga abdominaria","0.32%","No",,,
"Phryxus caicus","0.32%","No",,,
"Rhodobaenus lebasii","0.32%","No",,,
"Discothyrea denticulata","2.70%","Yes","0.32%",46,"No"
"Centris varia","2.16%","Yes","0.32%",348,"No"
"Perola nitidissima","3.45%","Yes","0.31%",22,"No"
"Leptotes cassius","0.31%","No",,,
"Siproeta epaphus","0.31%","No",,,
"Diphthera festiva","0.31%","No",,,
"Arawacus sito","0.31%","No",,,
"Diabrotica balteata","0.31%","No",,,
"Pheidole rugiceps","0.31%","No",,,
"Canthidium centrale","0.31%","No",,,
"Dielis dorsata","0.31%","No",,,
"Omophoita cyanipennis","0.31%","No",,,
"Aellopos titan","0.31%","No",,,
"Citheronia bellavista","0.31%","No",,,
"Thecla polybe","0.31%","No",,,
"Deltochilum sublaeve","0.31%","No",,,
"Centris aethyctera","0.31%","No",,,
"Eutelia auratrix","0.31%","No",,,
"Celiptera levina","0.31%","No",,,
"Amphimoea walkeri","0.31%","No",,,
"Castilia ofella","0.31%","No",,,
"Mormidea pictiventris","0.31%","No",,,
"Xylophanes anubus","4.79%","Yes","0.31%",655,"No"
"Bactrodes biannulatus","10.00%","Yes","0.31%",6,"No"
"Manduca florestan","2.13%","Yes","0.30%",1732,"No"
"Platydema silphoides","11.11%","Yes","0.30%",8,"No"
"Battus polydamas","0.30%","No",,,
"Sphacelodes vulneraria","0.30%","No",,,
"Parides photinus","0.30%","No",,,
"Pieriballia viardi","0.30%","No",,,
"Odontomachus ruginodis","0.30%","No",,,
"Blaberus giganteus","0.30%","No",,,
"Cydosia curvinella","0.30%","No",,,
"Phoebis trite","0.30%","No",,,
"Brachymyrmex cavernicola","0.30%","No",,,
"Nyridela xanthocera","0.30%","No",,,
"Strophocerus thermesia","0.30%","No",,,
"Euphoria candezei","0.30%","No",,,
"Pepsis mexicana","0.30%","No",,,
"Euptychia cornelius","0.29%","No",,,
"Dichotomius satanas","0.29%","No",,,
"Burtinus notatipennis","0.29%","No",,,
"Xylophanes zurcheri","0.29%","No",,,
"Colla rhodope","0.29%","No",,,
"Thecla cestri","0.29%","No",,,
"Sophista bifasciata","0.29%","No",,,
"Arcas cypria","0.29%","No",,,
"Dasymutilla araneoides","0.29%","No",,,
"Canesia canescens","0.29%","No",,,
"Typhlomyrmex rogenhoferi","0.29%","No",,,
"Pheidole walkeri","0.29%","No",,,
"Argyrogrammana holosticta","0.29%","No",,,
"Ancyloscelis apiformis","2.12%","Yes","0.28%",203,"No"
"Clavilispinus minutus","22.22%","Yes","0.28%",6,"No"
"Uranotaenia lowii","0.28%","No",,,
"Emesis tenedia","0.28%","No",,,
"Oleria paula","0.28%","No",,,
"Itaballia demophile","0.28%","No",,,
"Sargus fasciatus","0.28%","No",,,
"Acropyga exsanguis","0.28%","No",,,
"Euclea norba","0.28%","No",,,
"Steirastoma senex","0.28%","No",,,
"Xylocopa viridis","0.28%","No",,,
"Mimetica incisa","0.28%","No",,,
"Letis mycerina","0.28%","No",,,
"Conchylodes platinalis","0.28%","No",,,
"Chlorocoris distinctus","0.28%","No",,,
"Panoquina hecebolus","0.28%","No",,,
"Cyclocephala sexpunctata","0.28%","No",,,
"Glaucostola guttipalpis","0.28%","No",,,
"Trigona fuscipennis","3.24%","Yes","0.28%",390,"No"
"Coelosis biloba","2.31%","Yes","0.28%",1734,"No"
"Brentus anchorago","2.15%","Yes","0.28%",525,"No"
"Aethria haemorrhoidalis","5.19%","Yes","0.27%",55,"No"
"Wasmannia rochai","6.90%","Yes","0.27%",51,"No"
"Marimatha nigrofimbria","0.27%","No",,,
"Utetheisa ornatrix","0.27%","No",,,
"Aphrissa statira","0.27%","No",,,
"Erinnyis ello","0.27%","No",,,
"Thyrinteina arnobia","0.27%","No",,,
"Panchlora nivea","0.27%","No",,,
"Dismorphia amphione","0.27%","No",,,
"Tmolus echion","0.27%","No",,,
"Thysania zenobia","0.27%","No",,,
"Feigeria scops","0.27%","No",,,
"Pseudomyrmex viduus","0.27%","No",,,
"Carrhenes fuscescens","0.27%","No",,,
"Osbornellus fulvomaculatus","0.27%","No",,,
"Oryba kadeni","0.27%","No",,,
"Culex ousqua","14.29%","Yes","0.26%",7,"No"
"Epicharis maculata","7.54%","Yes","0.26%",46,"No"
"Biblis hyperia","0.26%","No",,,
"Pachycondyla villosa","0.26%","No",,,
"Cyclocephala amazona","0.26%","No",,,
"Rothschildia orizaba","0.26%","No",,,
"Ellipsoptera hamata","0.26%","No",,,
"Aellopos clavipes","0.26%","No",,,
"Sarosesthes fulminans","0.26%","No",,,
"Xylocopa nautlana","0.26%","No",,,
"Culex conspirator","0.26%","No",,,
"Cyclocephala sanguinicollis","0.26%","No",,,
"Eueides vibilia","0.26%","No",,,
"Baniana ostia","0.26%","No",,,
"Insignorthezia insignis","0.26%","No",,,
"Othorene purpurascens","0.26%","No",,,
"Leptostales laevitaria","0.26%","No",,,
"Metapolybia aztecoides","4.55%","Yes","0.26%",42,"No"
"Clavilispinus exiguus","3.82%","Yes","0.26%",48,"No"
"Iatrophobia brasiliensis","3.30%","Yes","0.26%",297,"No"
"Rasahus scutellaris","2.70%","Yes","0.25%",22,"No"
"Pseudomops cinctus","2.94%","Yes","0.25%",31,"No"
"Paratrechina steinheili","6.40%","Yes","0.25%",51,"No"
"Phoebis philea","0.25%","No",,,
"Tapinoma melanocephalum","0.25%","No",,,
"Proxys punctulatus","0.25%","No",,,
"Pseudomyrmex pallidus","0.25%","No",,,
"Megalopyge albicollis","0.25%","No",,,
"Dircenna dero","0.25%","No",,,
"Psapharochrus circumflexus","0.25%","No",,,
"Protalebrella brasiliensis","0.25%","No",,,
"Leistotrophus versicolor","0.25%","No",,,
"Ptiloglossa eximia","0.25%","No",,,
"Trosia semirufa","0.25%","No",,,
"Battus ingenuus","0.25%","No",,,
"Othorene bernardoespinozai","0.25%","No",,,
"Tatuidris tatusia","0.25%","No",,,
"Gynacantha membranalis","0.25%","No",,,
"Semyra bella","0.25%","No",,,
"Automeris hamata","0.25%","No",,,
"Camponotus coruscus","0.25%","No",,,
"Limenitis paraena","0.25%","No",,,
"Metron zimra","12.50%","Yes","0.25%",24,"No"
"Liodema serricornis","8.51%","Yes","0.24%",25,"No"
"Junonia evarete","0.24%","No",,,
"Strumigenys brevicornis","0.24%","No",,,
"Heliconius cydno","0.24%","No",,,
"Hypoponera opaciceps","0.24%","No",,,
"Crematogaster crinosa","0.24%","No",,,
"Pachylia syces","0.24%","No",,,
"Ommatospila narcaeusalis","0.24%","No",,,
"Phereoeca uterella","0.24%","No",,,
"Prosapia simulans","0.24%","No",,,
"Astraptes alector","0.24%","No",,,
"Vettius fantasos","0.24%","No",,,
"Callionima denticulata","0.24%","No",,,
"Apilocrocis brumalis","0.24%","No",,,
"Copris lecontei","0.24%","No",,,
"Polybia bistriata","0.24%","No",,,
"Polythrix octomaculata","0.24%","No",,,
"Neomegalotomus parvus","0.24%","No",,,
"Taygetis mermeria","8.58%","Yes","0.24%",444,"No"
"Hydrochus obscurus","2.70%","Yes","0.23%",18,"No"
"Phaenithon semigriseus","7.07%","Yes","0.23%",55,"No"
"Hermeuptychia hermes","0.23%","No",,,
"Apogeshna stenialis","0.23%","No",,,
"Limenitis cytherea","0.23%","No",,,
"Pheidole browni","0.23%","No",,,
"Melipotis fasciolaris","0.23%","No",,,
"Eurysternus cayennensis","0.23%","No",,,
"Eurema boisduvaliana","0.23%","No",,,
"Trichromia cotes","0.23%","No",,,
"Stauropides persimilis","0.23%","No",,,
"Letis buteo","0.23%","No",,,
"Perigonia stulta","0.23%","No",,,
"Eryphanis polyxena","0.23%","No",,,
"Tylopelta gibbera","0.23%","No",,,
"Calligrapha argus","0.23%","No",,,
"Strebla obtusa","14.29%","Yes","0.22%",8,"No"
"Pseudomyrmex oculatus","0.22%","No",,,
"Phyciodes vesta","0.22%","No",,,
"Eurema albula","0.22%","No",,,
"Xenophanes tryxus","0.22%","No",,,
"Rudolfina exuberata","0.22%","No",,,
"Eumorpha labruscae","0.22%","No",,,
"Mellana eulogius","0.22%","No",,,
"Camponotus integellus","0.22%","No",,,
"Electrostrymon endymion","0.22%","No",,,
"Placosternus difficilis","0.22%","No",,,
"Synapte silius","0.22%","No",,,
"Camponotus sanctaefidei","0.22%","No",,,
"Eueides procula","0.22%","No",,,
"Dolichoderus bispinosus","3.65%","Yes","0.22%",1717,"No"
"Atta cephalotes","2.68%","Yes","0.21%",4061,"No"
"Anteos clorinde","0.21%","No",,,
"Eumorpha vitis","0.21%","No",,,
"Temenis laothoe","0.21%","No",,,
"Morpho polyphemus","0.21%","No",,,
"Cyclocephala melanocephala","0.21%","No",,,
"Neopamera bilobata","0.21%","No",,,
"Scopula umbilicata","0.21%","No",,,
"Chiothion georgina","0.21%","No",,,
"Megachile otomita","0.21%","No",,,
"Pyrrhogyra otolais","0.21%","No",,,
"Automeris tridens","0.21%","No",,,
"Aulonothroscus constrictor","0.21%","No",,,
"Rhabdatomis cora","0.21%","No",,,
"Trichaea pilicornis","0.21%","No",,,
"Parrhasius polibetes","0.21%","No",,,
"Euschistus crenator","0.21%","No",,,
"Strebla wiedemanni","8.45%","Yes","0.21%",150,"No"
"Trioza arribensis","12.50%","Yes","0.21%",8,"No"
"Periplacis menander","2.41%","Yes","0.20%",70,"No"
"Megachile exaltata","2.72%","Yes","0.20%",33,"No"
"Strebla guajiro","5.53%","Yes","0.20%",164,"No"
"Dermatobia hominis","9.43%","Yes","0.20%",165,"No"
"Pycnoscelus surinamensis","0.20%","No",,,
"Mechanitis polymnia","0.20%","No",,,
"Callizona acesta","0.20%","No",,,
"Melete lycimnia","0.20%","No",,,
"Stirellus bicolor","0.20%","No",,,
"Consul fabius","0.20%","No",,,
"Syssphinx colla","0.20%","No",,,
"Lechriops bicolor","0.20%","No",,,
"Hypercompe caudata","0.20%","No",,,
"Onthophagus rhinolophus","0.20%","No",,,
"Anisandrus sayi","0.20%","No",,,
"Strumigenys biolleyi","0.20%","No",,,
"Heriades bruneri","0.20%","No",,,
"Azeta melanea","0.20%","No",,,
"Manduca diffissa","0.20%","No",,,
"Xylophanes cthulhu","0.20%","No",,,
"Polythrix metallescens","16.67%","Yes","0.20%",5,"No"
"Centris bicornuta","3.51%","Yes","0.20%",25,"No"
"Aedes serratus","3.00%","Yes","0.19%",243,"No"
"Aguna aurunce","17.39%","Yes","0.19%",19,"No"
"Scaphytopius fuliginosus","2.72%","Yes","0.19%",11,"No"
"Aleuron iphis","2.54%","Yes","0.19%",99,"No"
"Aedes taeniorhynchus","0.19%","No",,,
"Hemiargus ceraunus","0.19%","No",,,
"Ascia monuste","0.19%","No",,,
"Pseudolycaena damo","0.19%","No",,,
"Umbonia crassicornis","0.19%","No",,,
"Trichoprosopon digitatum","0.19%","No",,,
"Crematogaster curvispinosa","0.19%","No",,,
"Copelatus debilis","0.19%","No",,,
"Ora texana","0.19%","No",,,
"Apoica pallida","0.19%","No",,,
"Epeolus pusillus","0.19%","No",,,
"Schistocerca pallens","0.19%","No",,,
"Semyra coarctata","0.19%","No",,,
"Hylesia dalina","0.19%","No",,,
"Actinote anteas","0.19%","No",,,
"Hyposcada virginiana","0.19%","No",,,
"Thecla joya","0.19%","No",,,
"Quinta cannae","0.19%","No",,,
"Conga chydaea","0.19%","No",,,
"Ceratina ignara","0.19%","No",,,
"Aristotelia corallina","0.19%","No",,,
"Pseudapanteles alvaroumanai","0.19%","No",,,
"Phyllophaga setifera","0.19%","No",,,
"Zeros flavipes","6.67%","Yes","0.19%",18,"No"
"Megistopoda proxima","2.65%","Yes","0.19%",177,"No"
"Thecla calatia","10.00%","Yes","0.18%",9,"No"
"Phoebis argante","0.18%","No",,,
"Eumorpha fasciatus","0.18%","No",,,
"Polygonus leo","0.18%","No",,,
"Tegosa anieta","0.18%","No",,,
"Cephalotes minutus","0.18%","No",,,
"Dorymyrmex pyramicus","0.18%","No",,,
"Chlorotettix emarginatus","0.18%","No",,,
"Achurum sumichrasti","0.18%","No",,,
"Idalus crinis","0.18%","No",,,
"Astraptes alardus","0.18%","No",,,
"Mallodon chevrolatii","0.18%","No",,,
"Lamprospilus collucia","0.18%","No",,,
"Dynamine artemisia","0.18%","No",,,
"Rhinoleucophenga punctulata","2.06%","Yes","0.18%",25,"No"
"Trichobius joblingi","2.87%","Yes","0.18%",284,"No"
"Chlosyne lacinia","0.17%","No",,,
"Eacles imperialis","0.17%","No",,,
"Pyrisitia dina","0.17%","No",,,
"Aguna asander","0.17%","No",,,
"Tranopelta gilva","0.17%","No",,,
"Odontomachus meinerti","0.17%","No",,,
"Pelidnota notata","0.17%","No",,,
"Paralimna punctipennis","0.17%","No",,,
"Paratettix aztecus","0.17%","No",,,
"Manduca corallina","0.17%","No",,,
"Eulepte concordalis","0.17%","No",,,
"Thecla celmus","0.17%","No",,,
"Callimormus juventus","0.17%","No",,,
"Camponotus linnaei","0.17%","No",,,
"Morpho amathonte","0.17%","No",,,
"Caenodelphax teapae","0.17%","No",,,
"Agaraea semivitrea","0.17%","No",,,
"Herminodes atrosignata","0.17%","No",,,
"Megachile angusta","3.57%","Yes","0.17%",23,"No"
"Rhinostomus barbirostris","2.41%","Yes","0.17%",1226,"No"
"Tricentra ignefumosa","25.00%","Yes","0.17%",7,"No"
"Orphulella punctata","3.86%","Yes","0.16%",1733,"No"
"Culex erraticus","0.16%","No",,,
"Phoebis agarithe","0.16%","No",,,
"Chioides catillus","0.16%","No",,,
"Hypoponera opacior","0.16%","No",,,
"Copris lugubris","0.16%","No",,,
"Eunica monima","0.16%","No",,,
"Gnamptogenys strigata","0.16%","No",,,
"Onthophagus sharpi","0.16%","No",,,
"Asturodes fimbriauralis","0.16%","No",,,
"Nyctelius nyctelius","0.16%","No",,,
"Augocoris gomesii","0.16%","No",,,
"Omiodes indicata","0.16%","No",,,
"Ampelomyia viticola","0.16%","No",,,
"Sphex dorsalis","0.16%","No",,,
"Schistocerca piceifrons","0.16%","No",,,
"Diathrausta harlequinalis","0.16%","No",,,
"Pythonides jovianus","0.16%","No",,,
"Tetragona ziegleri","0.16%","No",,,
"Conocephalus saltator","0.16%","No",,,
"Mimophisma delunaris","0.16%","No",,,
"Panstrongylus rufotuberculatus","0.16%","No",,,
"Oxytenis modestia","0.16%","No",,,
"Aedes hastatus","2.27%","Yes","0.16%",20,"No"
"Cocytius duponchel","2.01%","Yes","0.15%",1360,"No"
"Euglossa mixta","3.69%","Yes","0.15%",259,"No"
"Ammodonus tropicus","4.76%","Yes","0.15%",20,"No"
"Phyciodes phaon","0.15%","No",,,
"Urbanus dorantes","0.15%","No",,,
"Agrius cingulata","0.15%","No",,,
"Euglossa ignita","0.15%","No",,,
"Monomorium floricola","0.15%","No",,,
"Siderone galanthis","0.15%","No",,,
"Rasahus hamatus","0.15%","No",,,
"Chrysanthrax cypris","0.15%","No",,,
"Heliopetes alana","0.15%","No",,,
"Benacus griseus","0.15%","No",,,
"Trachyderes mandibularis","0.15%","No",,,
"Orthoperus scutellaris","0.15%","No",,,
"Mordellaria serval","0.15%","No",,,
"Sumitrosis pallescens","0.15%","No",,,
"Apoica thoracica","0.15%","No",,,
"Crematogaster brasiliensis","0.15%","No",,,
"Neivamyrmex pilosus","0.15%","No",,,
"Ocyptamus antiphates","0.15%","No",,,
"Anastrepha ludens","0.15%","No",,,
"Anastrepha striata","0.15%","No",,,
"Anomis illita","0.15%","No",,,
"Erinnyis lassauxi","0.15%","No",,,
"Hyperchiria nausica","0.15%","No",,,
"Copaxa multifenestrata","0.15%","No",,,
"Copiopteryx semiramis","0.15%","No",,,
"Perrhybris pamela","0.15%","No",,,
"Papilio torquatus","0.15%","No",,,
"Microtomus purcis","0.15%","No",,,
"Diareusa imitatrix","0.15%","No",,,
"Podalia orsilochus","0.15%","No",,,
"Cosmosoma auge","0.15%","No",,,
"Hypothyris lycaste","0.15%","No",,,
"Agroiconota propinqua","0.15%","No",,,
"Piezogaster achilles","14.29%","Yes","0.15%",4,"No"
"Latiblattella lucifrons","7.14%","Yes","0.15%",13,"No"
"Oleria victorine","9.23%","Yes","0.15%",29,"No"
"Probethylus callani","51.85%","Yes","0.15%",27,"No"
"Xylophanes tersa","0.14%","No",,,
"Pyrisitia lisa","0.14%","No",,,
"Urbanus procne","0.14%","No",,,
"Rekoa palegon","0.14%","No",,,
"Strymon bazochii","0.14%","No",,,
"Thecla herodotus","0.14%","No",,,
"Euglossa dilemma","0.14%","No",,,
"Crematogaster limata","0.14%","No",,,
"Megachile albitarsis","0.14%","No",,,
"Toxomerus virgulatus","0.14%","No",,,
"Notarctia proxima","0.14%","No",,,
"Gesta gesta","0.14%","No",,,
"Synchlora gerularia","0.14%","No",,,
"Glyphodes sibillalis","0.14%","No",,,
"Lagocheirus araneiformis","0.14%","No",,,
"Donacia cincticornis","0.14%","No",,,
"Neivamyrmex swainsonii","0.14%","No",,,
"Toxomerus dispar","0.14%","No",,,
"Amolita fessa","0.14%","No",,,
"Colomychus talis","0.14%","No",,,
"Culex ensiformis","6.38%","Yes","0.14%",26,"No"
"Citioica anthonilis","10.15%","Yes","0.14%",203,"No"
"Loyola croesus","14.29%","Yes","0.13%",14,"No"
"Pyrgus oileus","0.13%","No",,,
"Papilio rumiko","0.13%","No",,,
"Dione juno","0.13%","No",,,
"Eurema arbela","0.13%","No",,,
"Oarisma minima","0.13%","No",,,
"Melanchroia chephise","0.13%","No",,,
"Climaciella brunnea","0.13%","No",,,
"Ithomia patilla","0.13%","No",,,
"Araecerus fasciculatus","0.13%","No",,,
"Selenisa sueroides","0.13%","No",,,
"Augochlora nigrocyanea","0.13%","No",,,
"Nectopsyche ortizi","0.13%","No",,,
"Urbanus viterboana","0.13%","No",,,
"Halobates micans","0.13%","No",,,
"Lissonotus flavocinctus","0.13%","No",,,
"Baniana veluticollis","0.13%","No",,,
"Arthromacra aenea","0.13%","No",,,
"Pheidole dossena","0.13%","No",,,
"Ziegleria hesperitis","0.13%","No",,,
"Aelocampsomeris variegata","2.00%","Yes","0.13%",41,"No"
"Eichlinia pulchripes","2.86%","Yes","0.13%",34,"No"
"Simulium quadrivittatum","3.67%","Yes","0.12%",46,"No"
"Myscelia ethusa","0.12%","No",,,
"Labidus coecus","0.12%","No",,,
"Micrathyria hagenii","0.12%","No",,,
"Thecla demonassa","0.12%","No",,,
"Cymaenes tripunctus","0.12%","No",,,
"Melinaea lilis","0.12%","No",,,
"Phileurus truncatus","0.12%","No",,,
"Pseudocanthon perplexus","0.12%","No",,,
"Acanthocephala alata","0.12%","No",,,
"Disonycha leptolineata","0.12%","No",,,
"Leptoceletes basalis","0.12%","No",,,
"Pachycondyla impressa","0.12%","No",,,
"Nomamyrmex esenbeckii","0.12%","No",,,
"Calycomyza malvae","0.12%","No",,,
"Microchrysa bicolor","0.12%","No",,,
"Eulepidotis alabastraria","0.12%","No",,,
"Telemiades amphion","0.12%","No",,,
"Oospila venezuelata","0.12%","No",,,
"Euglyphis libnites","0.12%","No",,,
"Pheidole nitella","0.12%","No",,,
"Mylon maimon","0.12%","No",,,
"Coenipeta medina","0.12%","No",,,
"Strebla galindoi","6.00%","Yes","0.12%",19,"No"
"Xestocephalus albopunctatus","2.72%","Yes","0.12%",17,"No"
"Elkalyce comyntas","0.11%","No",,,
"Hymenia perspectalis","0.11%","No",,,
"Psorophora ciliata","0.11%","No",,,
"Hedone vibex","0.11%","No",,,
"Zeugomantispa minuta","0.11%","No",,,
"Oxypoda opaca","0.11%","No",,,
"Lophocampa annulosa","0.11%","No",,,
"Juditha lamis","0.11%","No",,,
"Phocides lilea","0.11%","No",,,
"Periplaneta australasiae","0.11%","No",,,
"Diaphania hyalinata","0.11%","No",,,
"Apterostigma pilosum","0.11%","No",,,
"Ocyptamus dimidiatus","0.11%","No",,,
"Melanagromyza obtusa","0.11%","No",,,
"Abacena mundula","0.11%","No",,,
"Gonodonta sicheas","0.11%","No",,,
"Ammalo helops","0.11%","No",,,
"Xylophanes loelia","0.11%","No",,,
"Sparagmia gonoptera","0.11%","No",,,
"Manataria maculata","0.11%","No",,,
"Neostylopyga rhombifolia","0.11%","No",,,
"Corticarina cavicollis","0.11%","No",,,
"Omiodes humeralis","0.11%","No",,,
"Hypselonotus fulvus","0.11%","No",,,
"Ptomaphagus medius","0.11%","No",,,
"Semiotus ligneus","0.11%","No",,,
"Macropygium spinolae","11.11%","Yes","0.11%",8,"No"
"Nyssodrysternum poriferum","2.08%","Yes","0.10%",20,"No"
"Eurema lisa","0.10%","No",,,
"Callicista columella","0.10%","No",,,
"Anaea pithyusa","0.10%","No",,,
"Achlyodes thraso","0.10%","No",,,
"Ganyra josephina","0.10%","No",,,
"Tylozygus geometricus","0.10%","No",,,
"Hamadryas glauconome","0.10%","No",,,
"Ateuchus rodriguezi","0.10%","No",,,
"Megaselia steptoeae","0.10%","No",,,
"Melanoplus mexicanus","0.10%","No",,,
"Hypocala andremona","0.10%","No",,,
"Eresia phillyra","0.10%","No",,,
"Solenopsis picea","0.10%","No",,,
"Limenitis serpa","0.10%","No",,,
"Neoponera verenae","0.10%","No",,,
"Euetheola humilis","0.10%","No",,,
"Dichotomius centralis","0.10%","No",,,
"Dynamine dyonis","0.10%","No",,,
"Strumigenys myllorhapha","0.10%","No",,,
"Melitoma segmentaria","0.10%","No",,,
"Scaura latitarsis","0.10%","No",,,
"Cydosia aurivitta","0.10%","No",,,
"Apistosia judas","0.10%","No",,,
"Eacles ormondei","0.10%","No",,,
"Cabares potrillo","0.10%","No",,,
"Erastria decrepitaria","0.10%","No",,,
"Rasahus biguttatus","0.10%","No",,,
"Odontotaenius striatopunctatus","0.10%","No",,,
"Pelonium leukotaxium","14.29%","Yes","0.10%",5,"No"
"Bosquiella pubescens","2.70%","Yes","0.09%",21,"No"
"Trichobius diphyllae","11.11%","Yes","0.09%",8,"No"
"Pyrisitia nise","0.09%","No",,,
"Samea ecclesialis","0.09%","No",,,
"Xyleborus affinis","0.09%","No",,,
"Cyphomyrmex minutus","0.09%","No",,,
"Scaptotrigona subobscuripennis","0.09%","No",,,
"Pseudaugochlora graminea","0.09%","No",,,
"Hoplitimyia mutabilis","0.09%","No",,,
"Aedes fulvus","0.09%","No",,,
"Conchylodes salamisalis","0.09%","No",,,
"Cyanophrys miserabilis","0.09%","No",,,
"Chiomara asychis","0.09%","No",,,
"Dysdercus bimaculatus","0.09%","No",,,
"Ellipes minuta","0.09%","No",,,
"Pieris angelika","0.09%","No",,,
"Mictopsichia mincae","8.33%","Yes","0.09%",12,"No"
"Trypoxylon opacum","16.67%","Yes","0.09%",6,"No"
"Diochus longicornis","8.33%","Yes","0.08%",11,"No"
"Culex nigripalpus","0.08%","No",,,
"Pyrisitia proterpia","0.08%","No",,,
"Zelus longipes","0.08%","No",,,
"Maruca vitrata","0.08%","No",,,
"Manduca rustica","0.08%","No",,,
"Oxelytrum discicolle","0.08%","No",,,
"Conchylodes ovulalis","0.08%","No",,,
"Staphylus mazans","0.08%","No",,,
"Phileurus valgus","0.08%","No",,,
"Pheidole flavens","0.08%","No",,,
"Hister coenosus","0.08%","No",,,
"Megaselia nealevenhuisi","0.08%","No",,,
"Cosmopolites sordidus","0.08%","No",,,
"Cylas formicarius","0.08%","No",,,
"Strumigenys rogeri","0.08%","No",,,
"Pheidole punctatissima","0.08%","No",,,
"Exaerete frontalis","0.08%","No",,,
"Hermetia flavipes","0.08%","No",,,
"Pachylia darceta","0.08%","No",,,
"Hylesia continua","0.08%","No",,,
"Vareuptychia similis","0.08%","No",,,
"Mechanitis menapis","0.08%","No",,,
"Pyrisitia venusta","0.08%","No",,,
"Pseudopachybrachius vinctus","0.08%","No",,,
"Diastema tigris","0.08%","No",,,
"Calleida cordicollis","0.08%","No",,,
"Clavilispinus junkii","7.14%","Yes","0.08%",8,"No"
"Clavilispinus megacephalus","4.17%","Yes","0.08%",16,"No"
"Hermetia illucens","0.07%","No",,,
"Periplaneta americana","0.07%","No",,,
"Eurema daira","0.07%","No",,,
"Psorophora ferox","0.07%","No",,,
"Pheidole fallax","0.07%","No",,,
"Leptoglossus zonatus","0.07%","No",,,
"Tropisternus collaris","0.07%","No",,,
"Dyscinetus dubius","0.07%","No",,,
"Calpodes ethlius","0.07%","No",,,
"Hypena lividalis","0.07%","No",,,
"Hortensia similis","0.07%","No",,,
"Stiretrus anchorago","0.07%","No",,,
"Neolema sexpunctata","0.07%","No",,,
"Xylosandrus morigerus","0.07%","No",,,
"Pygodasis ephippium","0.07%","No",,,
"Stilpnochlora azteca","0.07%","No",,,
"Schistocerca serialis","0.07%","No",,,
"Melipotis perpendicularis","0.07%","No",,,
"Polyhymno luteostrigella","0.07%","No",,,
"Doxocopa pavonii","0.07%","No",,,
"Thecla azia","0.07%","No",,,
"Cymaenes odilia","0.07%","No",,,
"Sericoptera mahometaria","0.07%","No",,,
"Epuraea ocularis","0.07%","No",,,
"Paragonia cruraria","0.07%","No",,,
"Phthiacnemia picta","0.07%","No",,,
"Ptichopus angulatus","0.07%","No",,,
"Holotrochus poundi","4.55%","Yes","0.07%",11,"No"
"Thoracophorus filum","4.17%","Yes","0.06%",19,"No"
"Ochthera exsculpta","8.00%","Yes","0.06%",6,"No"
"Anopheles crucians","0.06%","No",,,
"Urbanus proteus","0.06%","No",,,
"Mansonia titillans","0.06%","No",,,
"Panoquina ocola","0.06%","No",,,
"Prolimacodes badia","0.06%","No",,,
"Enyo lugubris","0.06%","No",,,
"Procryptocerus scabriusculus","0.06%","No",,,
"Eulaema meriana","0.06%","No",,,
"Coquillettidia venezuelensis","0.06%","No",,,
"Mansonia dyari","0.06%","No",,,
"Enoclerus nigripes","0.06%","No",,,
"Acontia dama","0.06%","No",,,
"Cyphomyrmex salvini","0.06%","No",,,
"Pheidole insipida","0.06%","No",,,
"Pheidole biconstricta","0.06%","No",,,
"Xylocopa fimbriata","0.06%","No",,,
"Toxomerus pictus","0.06%","No",,,
"Toxomerus floralis","0.06%","No",,,
"Hermetia albitarsis","0.06%","No",,,
"Acolasis bibitrix","0.06%","No",,,
"Pilocrocis ramentalis","0.06%","No",,,
"Epiphile adrasta","0.06%","No",,,
"Rhabdodryas trite","0.06%","No",,,
"Ocaria ocrisia","0.06%","No",,,
"Chlorogonalia coeruleovittata","0.06%","No",,,
"Pachycoris torridus","0.06%","No",,,
"Pseudococcus longispinus","0.06%","No",,,
"Mallodon dasystomum","0.06%","No",,,
"Polybia diguetana","0.06%","No",,,
"Camponotus sexguttatus","0.06%","No",,,
"Trigona guianae","0.06%","No",,,
"Lycaena cyna","0.06%","No",,,
"Lesmone formularis","0.06%","No",,,
"Nylanderia steinheili","0.06%","No",,,
"Gynacantha gracilis","2.41%","Yes","0.06%",79,"No"
"Idaea helleria","7.69%","Yes","0.05%",13,"No"
"Phoebis sennae","0.05%","No",,,
"Paratrechina longicornis","0.05%","No",,,
"Canthon subhyalinus","0.05%","No",,,
"Cyclocephala lunulata","0.05%","No",,,
"Atta mexicana","0.05%","No",,,
"Disonycha glabrata","0.05%","No",,,
"Erinnyis obscura","0.05%","No",,,
"Pyrausta tyralis","0.05%","No",,,
"Mocis latipes","0.05%","No",,,
"Brachinus elongatulus","0.05%","No",,,
"Mischocyttarus mexicanus","0.05%","No",,,
"Wyeomyia pertinans","0.05%","No",,,
"Tithorea harmonia","0.05%","No",,,
"Rekoa meton","0.05%","No",,,
"Dolymorpha jada","0.05%","No",,,
"Phymata fasciata","0.05%","No",,,
"Pangaeus bilineatus","0.05%","No",,,
"Odontomachus haematodus","0.05%","No",,,
"Ophisma tropicalis","0.05%","No",,,
"Hypselonotus punctiventris","0.05%","No",,,
"Leptoglossus gonagra","0.05%","No",,,
"Lophosis labeculata","0.05%","No",,,
"Brachygastra scutellaris","2.16%","Yes","0.04%",86,"No"
"Scutops fascipennis","9.09%","Yes","0.04%",10,"No"
"Culex quinquefasciatus","0.04%","No",,,
"Ectatomma ruidum","0.04%","No",,,
"Labidura riparia","0.04%","No",,,
"Polistes dorsalis","0.04%","No",,,
"Orphulella pelidna","0.04%","No",,,
"Polybia occidentalis","0.04%","No",,,
"Condylostylus longicornis","0.04%","No",,,
"Leptostales pannaria","0.04%","No",,,
"Uroxys boneti","0.04%","No",,,
"Polistes canadensis","0.04%","No",,,
"Nannotrigona testaceicornis","0.04%","No",,,
"Hapithus agitator","0.04%","No",,,
"Stegasta bosqueella","0.04%","No",,,
"Epipaschia superatalis","0.04%","No",,,
"Ministrymon clytie","0.04%","No",,,
"Nastra lherminier","0.04%","No",,,
"Hyalymenus tarsatus","0.04%","No",,,
"Eurysternus foedus","0.04%","No",,,
"Spodoptera dolichos","0.04%","No",,,
"Acrolophus texanella","0.04%","No",,,
"Petrophila fulicalis","0.04%","No",,,
"Limenitis fessonia","0.04%","No",,,
"Scymnus rubromaculatus","0.04%","No",,,
"Idaea tacturata","0.04%","No",,,
"Charidotis aurofasciata","10.00%","Yes","0.04%",10,"No"
"Cratocerus indupalmensis","5.00%","Yes","0.03%",21,"No"
"Sceliomorpha deplanata","11.76%","Yes","0.03%",14,"No"
"Hylephila phyleus","0.03%","No",,,
"Atteva punctella","0.03%","No",,,
"Cycloneda sanguinea","0.03%","No",,,
"Cheilomenes sexmaculata","0.03%","No",,,
"Toxomerus politus","0.03%","No",,,
"Evania appendigaster","0.03%","No",,,
"Greta morgane","0.03%","No",,,
"Calycopis isobeon","0.03%","No",,,
"Bicellonycha amoena","0.03%","No",,,
"Acharia stimulea","0.03%","No",,,
"Cicindela trifasciata","0.03%","No",,,
"Heraclides rogeri","0.03%","No",,,
"Polistes major","0.03%","No",,,
"Scaptotrigona mexicana","0.03%","No",,,
"Pseudoleon superbus","0.03%","No",,,
"Amblytropidia mysteca","0.03%","No",,,
"Magusa divaricata","0.03%","No",,,
"Hydriris ornatalis","0.03%","No",,,
"Dircenna klugii","0.03%","No",,,
"Phoebis neocypris","0.03%","No",,,
"Thecla marius","0.03%","No",,,
"Polites vibex","0.03%","No",,,
"Calosoma sayi","0.03%","No",,,
"Canthidium ardens","0.03%","No",,,
"Diaperis maculata","0.03%","No",,,
"Cissia similis","0.03%","No",,,
"Thoracophorus guadalupensis","16.52%","Yes","0.03%",38,"No"
"Notocyrtus dorsalis","4.17%","Yes","0.03%",22,"No"
"Pessoaia limai","14.29%","Yes","0.03%",6,"No"
"Psomizopelma macropterum","14.29%","Yes","0.03%",6,"No"
"Nezara viridula","0.02%","No",,,
"Hypercompe scribonia","0.02%","No",,,
"Schistocerca nitens","0.02%","No",,,
"Automeris io","0.02%","No",,,
"Coleomegilla maculata","0.02%","No",,,
"Lerema accius","0.02%","No",,,
"Gryllodes sigillatus","0.02%","No",,,
"Megalopyge opercularis","0.02%","No",,,
"Anaea troglodyta","0.02%","No",,,
"Lerodea eufala","0.02%","No",,,
"Dioprosopa clavatus","0.02%","No",,,
"Cicindela ocellata","0.02%","No",,,
"Charidotella sexpunctata","0.02%","No",,,
"Xyloryctes jamaicensis","0.02%","No",,,
"Trigonopeltastes delta","0.02%","No",,,
"Polites otho","0.02%","No",,,
"Tetramorium bicarinatum","0.02%","No",,,
"Ornidia obesa","0.02%","No",,,
"Poecilanthrax lucifer","0.02%","No",,,
"Tetanolita mynesalis","0.02%","No",,,
"Herpetogramma phaeopteralis","0.02%","No",,,
"Zaretis itys","0.02%","No",,,
"Heliopetes laviana","0.02%","No",,,
"Gelastocoris oculatus","0.02%","No",,,
"Eumaeus atala","0.02%","No",,,
"Romualdius scaber","0.02%","No",,,
"Phyllotreta striolata","0.02%","No",,,
"Isodontia cyanipennis","7.14%","Yes","0.02%",11,"No"
"Apis mellifera","0.01%","No",,,
"Halictus ligatus","0.01%","No",,,
"Aedes aegypti","0.01%","No",,,
"Clogmia albipunctatus","0.01%","No",,,
"Spoladea recurvalis","0.01%","No",,,
"Aphis nerii","0.01%","No",,,
"Psyllobora vigintimaculata","0.01%","No",,,
"Manduca sexta","0.01%","No",,,
"Elophila obliteralis","0.01%","No",,,
"Stomoxys calcitrans","0.01%","No",,,
"Anticarsia gemmatalis","0.01%","No",,,
"Brephidium exilis","0.01%","No",,,
"Atalopedes campestris","0.01%","No",,,
"Bemisia tabaci","0.01%","No",,,
"Olla v-nigrum","0.01%","No",,,
"Spodoptera ornithogalli","0.01%","No",,,
"Pyrgus communis","0.01%","No",,,
"Erynnis funeralis","0.01%","No",,,
"Trichodes ornatus","0.01%","No",,,
"Macrosoma satellitiata","6.25%","Yes","0.01%",15,"No"
"Gonodonta lecha","11.11%","Yes","0.00%",14,"No"
"Belosacris coccineipes","7.69%","Yes","0.00%",11,"No"
"Asyndetus interruptus","2.63%","Yes","0.00%",30,"No"
"Nannodastia atlantica","66.67%","Yes","0.00%",4,"No"
"Aedes albopictus","0.00%","No",,,
"Aedes vexans","0.00%","No",,,
"Nastra perigenes","2.53%","Yes","0.00%",64,"No"
"Mischocyttarus cleomens","6.45%","Yes","0.00%",22,"No"
"Parachartergus smithii","2.82%","Yes","0.00%",43,"No"
"Estigmene acrea","0.00%","No",,,
"Hyles lineata","0.00%","No",,,
"Dolichoderus taprobanae","2.02%","Yes","0.00%",86,"No"
"Solenopsis basalis","5.41%","Yes","0.00%",28,"No"
"Desmia odontoplaga","3.12%","Yes","0.00%",61,"No"
"Chromoteleia rara","2.78%","Yes","0.00%",22,"No"
"Cnemidophyllum eximium","2.27%","Yes","0.00%",41,"No"
"Antiblemma alcinoe","2.27%","Yes","0.00%",35,"No"
"Antheraea polyphemus","0.00%","No",,,
"Syngamia pepitalis","4.55%","Yes","0.00%",21,"No"
"Sacculosia isaralis","2.04%","Yes","0.00%",47,"No"
"Opoptera staudingeri","4.55%","Yes","0.00%",21,"No"
"Echinargus isola","0.00%","No",,,
"Eutomopepla vorda","3.03%","Yes","0.00%",27,"No"
"Lygaeus kalmii","0.00%","No",,,
"Arilus cristatus","0.00%","No",,,
"Polydrusus formosus","0.00%","No",,,
"Cyclocephala forsteri","2.50%","Yes","0.00%",30,"No"
"Mimetica mortuifolia","11.11%","Yes","0.00%",4,"No"
"Vesta thoracica","2.50%","Yes","0.00%",37,"No"
"Cryptocephalus quadriguttatus","2.13%","Yes","0.00%",46,"No"
"Episcepsis capysca","3.57%","Yes","0.00%",21,"No"
"Hypomicrogaster koinos","2.50%","Yes","0.00%",25,"No"
"Calcaritermes temnocephalus","2.94%","Yes","0.00%",23,"No"
"Horciasoides notatus","2.70%","Yes","0.00%",36,"No"
"Hamadryas arethusa",,"No",,,
