"Species","Record Share","Clears Screen","Range Share","Sample","Discovery (>=20%)"
"Lonchocarpus subsessilifolius","100.00%","Yes","100.00%",6,"Yes"
"Cynometra hondurensis","100.00%","Yes","100.00%",5,"Yes"
"Amyris rhomboidea","100.00%","Yes","100.00%",3,"Yes"
"Zyzyura mayana","100.00%","Yes","100.00%",3,"Yes"
"Eugenia cayoana","100.00%","Yes","100.00%",8,"Yes"
"Axonopus ciliatifolius","100.00%","Yes","100.00%",7,"Yes"
"Guettarda davidseorum","100.00%","Yes","100.00%",4,"Yes"
"Rhynchospora belizensis","100.00%","Yes","100.00%",3,"Yes"
"Syngonanthus oneillii","100.00%","Yes",,5,
"Eugenia ardisioides","100.00%","Yes",,2,
"Spathelia belizensis","100.00%","Yes",,2,
"Diplazium nelsonianum","100.00%","Yes",,1,
"Piper eldoradense","100.00%","Yes",,2,
"Piper holstii","100.00%","Yes",,1,
"Ageratum ellipticum","100.00%","Yes","100.00%",3,"Yes"
"Sterrocladia belizeana","100.00%","Yes",,1,
"Hypericum aphyllum","100.00%","Yes",,1,
"Heteropterys gentlei","100.00%","Yes",,2,
"Harpalyce torresii","100.00%","Yes",,1,
"Codonanthopsis elegans","100.00%","Yes",,1,
"Ceratozamia osbornei","100.00%","Yes",,1,
"Sarcodiotheca caribaea","100.00%","Yes",,1,
"Syngonanthus hondurensis","100.00%","Yes",,1,
"Masdevallia adamsii","100.00%","Yes",,1,
"Lundellianthus belizeanus","100.00%","Yes",,2,
"Pisonia proctorii","100.00%","Yes",,1,
"Dorstenia belizensis","100.00%","Yes",,2,
"Aegiphila pauciflora","100.00%","Yes",,1,
"Piper nitidulifolium","100.00%","Yes",,1,
"Laubertia peninsularis","100.00%","Yes",,1,
"Heterocentron belicense","100.00%","Yes",,2,
"Ruellia pereducta","100.00%","Yes",,2,
"Parasenegalia lundellii","100.00%","Yes",,1,
"Anthurium diabloense","100.00%","Yes",,1,
"Syngonanthus lundellianus","100.00%","Yes",,1,
"Lyroglossa pubicaulis","100.00%","Yes",,1,
"Habenaria bacata","100.00%","Yes",,1,
"Psychotria crebrinervia","100.00%","Yes",,1,
"Ipomoea bronsonii","100.00%","Yes",,1,
"Phoradendron lundellii","100.00%","Yes",,1,
"Piper cheyennense","100.00%","Yes",,1,
"Myrmecophila olmstediae","100.00%","Yes",,1,
"Heterocentron pulchellum","100.00%","Yes",,1,
"Waltheria belizensis","100.00%","Yes",,1,
"Sterculia petenensis","100.00%","Yes",,1,
"Epidendrum tripetaloides","100.00%","Yes",,1,
"Koanophyllon sorensenii","100.00%","Yes","100.00%",3,"Yes"
"Plinia peroblata","100.00%","Yes","100.00%",5,"Yes"
"Anemia bartlettii","100.00%","Yes","100.00%",6,"Yes"
"Syngonanthus bartlettii","100.00%","Yes","99.99%",9,"Yes"
"Zinowiewia pallida","100.00%","Yes","99.97%",12,"Yes"
"Myrcia cuneifolia","100.00%","Yes","99.96%",9,"Yes"
"Gymnopodium toledense","100.00%","Yes","99.89%",3,"Yes"
"Paepalanthus gentlei","100.00%","Yes","99.61%",6,"Yes"
"Zamia meermanii","100.00%","Yes","99.16%",8,"Yes"
"Hyptis maya","100.00%","Yes","99.00%",13,"Yes"
"Dalechampia schippii","99.15%","Yes","98.60%",92,"Yes"
"Louteridium chartaceum","100.00%","Yes","98.47%",13,"Yes"
"Myrcia bartlettii","97.92%","Yes","98.31%",40,"Yes"
"Alsobia baroniae","100.00%","Yes","98.30%",7,"Yes"
"Zamia decumbens","100.00%","Yes","97.93%",5,"Yes"
"Faramea belizensis","100.00%","Yes","95.17%",9,"Yes"
"Peperomia toledoana","100.00%","Yes","93.80%",4,"Yes"
"Randia genipifolia","92.59%","Yes",,18,
"Scutellaria lundellii","100.00%","Yes","89.92%",13,"Yes"
"Piper belicense","100.00%","Yes","87.16%",9,"Yes"
"Piper gentlei","90.00%","Yes","86.65%",8,"Yes"
"Ageratum peckii","93.75%","Yes","85.93%",57,"Yes"
"Philodendron dwyeri","88.89%","Yes","84.84%",8,"Yes"
"Oyedaea lundellii","44.44%","Yes","83.49%",5,"Yes"
"Lonchocarpus velizii","75.00%","Yes","81.90%",10,"Yes"
"Schippia concolor","84.85%","Yes","81.08%",53,"Yes"
"Mimosa pinetorum","75.00%","Yes",,2,
"Eugenia izabalana","5.00%","Yes","74.79%",8,"Yes"
"Acalypha gentlei","80.00%","Yes","72.84%",36,"Yes"
"Acmella lundellii","86.96%","Yes","67.98%",20,"Yes"
"Vatairea lundellii","66.67%","Yes",,2,
"Metopium gentlei","66.67%","Yes",,2,
"Piper dimorphophyllum","66.67%","Yes",,2,
"Goniopteris schippii","66.67%","Yes",,2,
"Comocladia mayana","87.50%","Yes","66.61%",8,"Yes"
"Purdiaea belizensis","80.65%","Yes","62.87%",38,"Yes"
"Piper cocquericotense","91.67%","Yes","59.65%",7,"Yes"
"Eugenia vacana","90.32%","Yes","57.26%",33,"Yes"
"Merostachys pauciflora","22.73%","Yes","55.57%",14,"Yes"
"Eugenia flavoviridis","46.24%","Yes","55.55%",31,"Yes"
"Eriocaulon schippii","11.43%","Yes","52.92%",27,"Yes"
"Eriocaulon williamsii","50.00%","Yes",,2,
"Piper imperspicuibracteum","50.00%","Yes",,2,
"Pitcairnia flagellaris","50.00%","Yes",,2,
"Diplazium subternatum","50.00%","Yes",,2,
"Justicia albobracteata","75.00%","Yes","49.62%",8,"Yes"
"Syrrhopodon autotomaius","71.43%","Yes","47.67%",20,"Yes"
"Myrcia petenensis","62.50%","Yes","45.85%",5,"Yes"
"Coccoloba lundellii","81.82%","Yes","44.05%",7,"Yes"
"Ocotea eucuneata","80.00%","Yes","44.00%",4,"Yes"
"Piper kantetulense","82.35%","Yes","43.33%",42,"Yes"
"Eugenia toledinensis","3.12%","Yes","41.66%",12,"Yes"
"Sloanea schippii","67.21%","Yes","40.97%",37,"Yes"
"Passiflora lancetillensis","71.43%","Yes","40.76%",20,"Yes"
"Piper viae-marginis","77.78%","Yes","39.91%",39,"Yes"
"Bonellia paludicola","31.03%","Yes","38.83%",24,"Yes"
"Eriocaulon kinlochii","70.00%","Yes","38.63%",7,"Yes"
"Hampea ovatifolia","7.14%","Yes","36.42%",6,"Yes"
"Acalypha lancetillae","26.09%","Yes","35.36%",14,"Yes"
"Piper mayanum","41.67%","Yes","35.34%",9,"Yes"
"Pluchea yucatanensis","47.06%","Yes","34.70%",16,"Yes"
"Passiflora urbaniana","93.71%","Yes","34.16%",129,"Yes"
"Sphagnum trirameum","66.67%","Yes","33.37%",5,"Yes"
"Cyathea grayumii","55.56%","Yes","32.52%",6,"Yes"
"Elvasia bisepala","91.67%","Yes","32.12%",9,"Yes"
"Aiouea bladenensia","90.91%","Yes","31.60%",4,"Yes"
"Goniopteris hondurensis","55.56%","Yes","31.58%",8,"Yes"
"Nectandra belizensis","44.68%","Yes","30.65%",27,"Yes"
"Piper vexans","40.00%","Yes","30.33%",4,"Yes"
"Inga davidsei","37.50%","Yes","30.25%",32,"Yes"
"Parathesis rufa","59.46%","Yes","29.85%",30,"Yes"
"Henriettea strigosa","37.50%","Yes","29.36%",17,"Yes"
"Amphitecna lundellii","42.86%","Yes","29.28%",5,"Yes"
"Piper atrichopus","10.00%","Yes","29.25%",10,"Yes"
"Chamguava gentlei","42.17%","Yes","28.54%",59,"Yes"
"Stelis johnsonii","75.00%","Yes","28.35%",3,"Yes"
"Psittacanthus pinicola","59.70%","Yes","27.76%",45,"Yes"
"Stenanona stenopetala","50.00%","Yes","27.62%",20,"Yes"
"Ouratea insulae","27.27%","Yes","27.54%",51,"Yes"
"Muscarella fimbriata","6.45%","Yes","27.50%",26,"Yes"
"Ctenitis lanceolata","21.05%","Yes","27.37%",10,"Yes"
"Rehdera penninervia","32.26%","Yes","27.36%",42,"Yes"
"Eugenia ibarrae","8.14%","Yes","27.12%",29,"Yes"
"Clusia suborbicularis","17.65%","Yes","26.30%",16,"Yes"
"Piper lundellii","71.43%","Yes","25.97%",5,"Yes"
"Habenaria brownelliana","42.86%","Yes","25.29%",14,"Yes"
"Pouteria amygdalina","36.21%","Yes","25.24%",68,"Yes"
"Piper stevensii","15.79%","Yes","24.85%",18,"Yes"
"Piper levilimbum","54.55%","Yes","24.65%",9,"Yes"
"Piper gracillimum","43.75%","Yes","24.12%",14,"Yes"
"Stigmaphyllon cordatum","25.00%","Yes","24.03%",4,"Yes"
"Eugenia chinajensis","50.00%","Yes","23.68%",8,"Yes"
"Metastelma stenomeres","87.69%","Yes","23.09%",38,"Yes"
"Urospatha grandis","4.42%","Yes","23.06%",154,"Yes"
"Ageratum littorale","14.29%","Yes","23.01%",37,"Yes"
"Acourtia hondurana","78.57%","Yes","22.96%",11,"Yes"
"Odontonema hondurense","46.49%","Yes","22.94%",90,"Yes"
"Eugenia chahalana","7.55%","Yes","22.50%",19,"Yes"
"Mortoniodendron vestitum","5.46%","Yes","22.27%",113,"Yes"
"Dalechampia laevigata","14.29%","Yes","22.06%",16,"Yes"
"Piper chanekii","66.67%","Yes","21.90%",17,"Yes"
"Calea longipedicellata","35.17%","Yes","21.82%",91,"Yes"
"Hypericum styphelioides","65.91%","Yes","21.73%",210,"Yes"
"Oxandra belizensis","60.00%","Yes","21.60%",7,"Yes"
"Lycianthes hypoleuca","27.52%","Yes","21.57%",71,"Yes"
"Pterolepis stenophylla","73.33%","Yes","21.14%",50,"Yes"
"Gonolobus dasystephanus","21.43%","Yes","21.07%",8,"Yes"
"Desmoncus chinantlensis","25.71%","Yes","21.03%",32,"Yes"
"Pithecellobium peckii","66.67%","Yes","20.77%",11,"Yes"
"Coccoloba reflexiflora","17.32%","Yes","20.56%",100,"Yes"
"Matelea micrantha","7.58%","Yes","20.53%",40,"Yes"
"Graffenrieda gentlei","40.00%","Yes","20.48%",3,"Yes"
"Piper allatum","20.00%","Yes",,3,
"Passiflora obovata","3.70%","Yes","19.91%",24,"No"
"Euphorbia cozumelensis","25.00%","Yes","19.85%",75,"No"
"Pinochia peninsularis","29.41%","Yes","19.68%",26,"No"
"Chrysochlamys guatemaltecana","21.88%","Yes","19.34%",60,"No"
"Eriocaulon fuliginosum","63.64%","Yes","19.17%",34,"No"
"Dioscorea bernoulliana","12.50%","Yes","19.08%",8,"No"
"Dorstenia lindeniana","37.37%","Yes","19.05%",84,"No"
"Roystonea dunlapiana","6.98%","Yes","19.05%",39,"No"
"Orthaea brachysiphon","20.59%","Yes","19.02%",28,"No"
"Pithecellobium macrandrium","30.92%","Yes","18.95%",111,"No"
"Calliandra belizensis","14.08%","Yes","18.76%",56,"No"
"Piper politifolium","9.09%","Yes","18.76%",8,"No"
"Galactia anomala","80.00%","Yes","18.75%",4,"No"
"Piper middlesexense","25.00%","Yes","18.66%",6,"No"
"Lisianthius meianthus","33.33%","Yes","18.64%",3,"No"
"Pireella papillosula","8.33%","Yes","18.57%",9,"No"
"Pithecellobium winzerlingii","12.33%","Yes","18.50%",99,"No"
"Goniopteris skinneri","60.00%","Yes","18.40%",4,"No"
"Chamguava schippii","41.86%","Yes","18.24%",35,"No"
"Piper tuerckheimii","12.41%","Yes","17.92%",86,"No"
"Colpothrinax cookii","73.13%","Yes","17.82%",51,"No"
"Matelea pusilliflora","19.05%","Yes","17.68%",26,"No"
"Critonia bartlettii","29.41%","Yes","17.68%",11,"No"
"Rondeletia belizensis","35.56%","Yes","17.63%",31,"No"
"Selenicereus tricae","80.00%","Yes","17.54%",4,"No"
"Fulfordianthus evansii","33.33%","Yes","17.34%",5,"No"
"Rhynchospora marliniana","32.29%","Yes","17.26%",73,"No"
"Bonellia longifolia","3.03%","Yes","17.22%",77,"No"
"Harleya oxylepis","21.05%","Yes","17.11%",32,"No"
"Calea fluviatilis","91.67%","Yes","17.11%",8,"No"
"Hoffmannia rhizantha","28.57%","Yes","17.00%",6,"No"
"Mouriri exilis","41.45%","Yes","16.96%",98,"No"
"Achimenes admirabilis","28.21%","Yes","16.87%",35,"No"
"Magnolia montebelloensis","16.67%","Yes",,2,
"Lisianthius auratus","35.19%","Yes","16.42%",44,"No"
"Odontonema albiflorum","24.11%","Yes","16.39%",96,"No"
"Tanaecium caudiculatum","35.29%","Yes","16.14%",62,"No"
"Eugenia riograndis","35.53%","Yes","16.10%",36,"No"
"Lisianthus axillaris","29.78%","Yes","15.92%",365,"No"
"Cymbopetalum mayanum","36.50%","Yes","15.91%",106,"No"
"Miconia oligocephala","10.26%","Yes","15.90%",27,"No"
"Coryanthes picturata","2.17%","Yes","15.87%",34,"No"
"Inga belizensis","35.29%","Yes","15.85%",22,"No"
"Passiflora prolata","13.89%","Yes","15.84%",28,"No"
"Acmella filipes","8.63%","Yes","15.81%",156,"No"
"Blakea cuneata","59.70%","Yes","15.77%",46,"No"
"Licaria guatemalensis","2.00%","Yes","15.65%",23,"No"
"Ilex tectonica","29.41%","Yes","15.49%",11,"No"
"Aeschynomene deamii","2.11%","Yes","15.49%",70,"No"
"Coussarea imitans","24.24%","Yes","15.36%",30,"No"
"Gonolobus cteniophorus","9.09%","Yes","15.29%",177,"No"
"Piper lundellianum","10.53%","Yes","15.26%",12,"No"
"Ouratea pyramidalis","11.76%","Yes","14.91%",13,"No"
"Cyathea austroamericana","76.92%","Yes","14.90%",4,"No"
"Rhyncholaelia digbyana","4.83%","Yes","14.83%",202,"No"
"Myrcia karlingii","37.93%","Yes","14.75%",45,"No"
"Tectaria moranii","50.00%","Yes","14.69%",5,"No"
"Zygia peckii","15.04%","Yes","14.67%",85,"No"
"Epidendrum galeottianum","5.56%","Yes","14.66%",45,"No"
"Peyssonnelia boergesenii","14.55%","Yes",,30,
"Eugenia tikalana","10.90%","Yes","14.51%",100,"No"
"Coccoloba belizensis","33.18%","Yes","14.47%",186,"No"
"Passiflora mayarum","32.86%","Yes","14.43%",50,"No"
"Amphitecna breedlovei","43.48%","Yes","14.36%",44,"No"
"Acmella pilosa","30.54%","Yes","14.30%",135,"No"
"Byrsonima roigii","27.27%","Yes","14.30%",11,"No"
"Billbergia viridiflora","26.67%","Yes","14.23%",27,"No"
"Piper curvatipes","8.33%","Yes","14.22%",14,"No"
"Haematoxylum calakmulense","29.23%","Yes","14.17%",58,"No"
"Sideroxylon stevensonii","36.51%","Yes","14.10%",31,"No"
"Passiflora cobanensis","39.51%","Yes","14.06%",51,"No"
"Psychotria pleuropoda","50.91%","Yes","14.00%",44,"No"
"Scutellaria orichalcea","30.53%","Yes","13.85%",102,"No"
"Myrcia hondurensis","4.39%","Yes","13.81%",85,"No"
"Eugenia farameoides","36.25%","Yes","13.78%",153,"No"
"Acalypha gummifera","16.67%","Yes","13.78%",60,"No"
"Heteropterys lindeniana","18.28%","Yes","13.68%",197,"No"
"Pilea chiapensis","31.25%","Yes","13.63%",12,"No"
"Verbesina lanata","26.67%","Yes","13.61%",58,"No"
"Amphitecna donnell-smithii","5.00%","Yes","13.55%",18,"No"
"Sideroxylon floribundum","19.44%","Yes","13.53%",54,"No"
"Ottoschulzia pallida","16.49%","Yes","13.51%",65,"No"
"Parathesis cubana","25.34%","Yes","13.42%",383,"No"
"Justicia albobractea","66.67%","Yes","13.39%",3,"No"
"Piper longepetiolatum","8.33%","Yes","13.32%",45,"No"
"Guettarda deamii","5.26%","Yes","13.29%",45,"No"
"Bartholomaea sessiliflora","31.25%","Yes","13.22%",15,"No"
"Specklinia yucatanensis","2.17%","Yes","13.21%",34,"No"
"Euphorbia xbacensis","48.15%","Yes","13.17%",29,"No"
"Miconia conoplumosa","53.49%","Yes","13.11%",32,"No"
"Trichocentrum lindenii","8.57%","Yes","12.92%",64,"No"
"Ctenodon pinetorus","4.23%","Yes","12.78%",52,"No"
"Fleischmannia blakei","54.55%","Yes","12.66%",17,"No"
"Gouania obamana","27.42%","Yes","12.63%",52,"No"
"Citharexylum hirtellum","17.05%","Yes","12.61%",67,"No"
"Eragrostis contrerasii","3.77%","Yes","12.56%",30,"No"
"Stromanthe hjalmarssonii","16.59%","Yes","12.55%",135,"No"
"Glicophyllum arcanum","52.67%","Yes","12.55%",104,"No"
"Beilschmiedia hondurensis","14.53%","Yes","12.54%",59,"No"
"Pouteria izabalensis","29.27%","Yes","12.52%",78,"No"
"Chamaedorea graminifolia","12.50%","Yes",,,
"Coussapoa oligocephala","13.06%","Yes","12.50%",173,"No"
"Ageratum maritimum","6.71%","Yes","12.44%",274,"No"
"Eugenia karwinskyana","11.39%","Yes","12.36%",172,"No"
"Ormosia velutina","17.57%","Yes","12.31%",38,"No"
"Balizia leucocalyx","16.94%","Yes","12.29%",86,"No"
"Rhipidocladum bartlettii","14.94%","Yes","12.26%",68,"No"
"Myrcia megistophylla","37.84%","Yes","12.25%",25,"No"
"Pera barbellata","28.95%","Yes","12.22%",44,"No"
"Passiflora xiikzodz","24.88%","Yes","12.21%",154,"No"
"Machaerium falciforme","2.20%","Yes","12.13%",186,"No"
"Amyris attenuata","23.26%","Yes","12.13%",35,"No"
"Tithonia hondurensis","18.18%","Yes","12.01%",9,"No"
"Clusia belizensis","6.00%","Yes","11.98%",37,"No"
"Licaria areolata","35.71%","Yes","11.98%",9,"No"
"Lindsaea mesoamericana","33.33%","Yes","11.93%",23,"No"
"Croton suyapensis","5.00%","Yes","11.92%",8,"No"
"Annona liebmanniana","28.70%","Yes","11.88%",94,"No"
"Frullanoides mexicana","5.88%","Yes","11.88%",8,"No"
"Goldmanella sarmentosa","8.27%","Yes","11.87%",114,"No"
"Coccoloba hondurensis","20.11%","Yes","11.87%",138,"No"
"Erythrostemon yucatanensis","3.51%","Yes","11.87%",564,"No"
"Alophia silvestris","36.00%","Yes","11.86%",148,"No"
"Phoradendron pedicellatum","25.23%","Yes","11.68%",86,"No"
"Angelonia ciliaris","47.96%","Yes","11.55%",85,"No"
"Ormosia velutina","32.43%","Yes","11.53%",31,"No"
"Hyperbaena winzerlingii","2.87%","Yes","11.51%",271,"No"
"Faramea brachysiphon","38.00%","Yes","11.50%",39,"No"
"Drypetes guatemalensis","14.29%","Yes","11.48%",5,"No"
"Synechanthus fibrosus","27.84%","Yes","11.44%",151,"No"
"Tournefortia umbellata","11.67%","Yes","11.37%",103,"No"
"Lisianthus skinneri","2.61%","Yes","11.35%",209,"No"
"Isachne pubescens","10.84%","Yes","11.35%",59,"No"
"Rinorea deflexiflora","3.05%","Yes","11.34%",195,"No"
"Appunia guatemalensis","30.26%","Yes","11.32%",151,"No"
"Codonanthopsis macradenia","2.86%","Yes","11.32%",162,"No"
"Desmanthus pubescens","4.80%","Yes","11.30%",96,"No"
"Sideroxylon durifolium","33.33%","Yes","11.28%",10,"No"
"Goniopteris praetermissa","44.21%","Yes","11.21%",61,"No"
"Manilkara staminodella","21.60%","Yes","11.08%",67,"No"
"Oxandra maya","88.89%","Yes","11.06%",14,"No"
"Hamelia rovirosae","13.65%","Yes","11.01%",311,"No"
"Hirtella guatemalensis","11.50%","Yes","10.92%",66,"No"
"Citharexylum crassifolium","5.26%","Yes","10.87%",17,"No"
"Begonia lindleyana","3.57%","Yes","10.87%",22,"No"
"Cyathea liebmannii","8.00%","Yes","10.82%",52,"No"
"Clusia massoniana","57.60%","Yes","10.77%",95,"No"
"Harpalyce rupicola","2.78%","Yes","10.72%",30,"No"
"Diospyros bumelioides","8.52%","Yes","10.70%",114,"No"
"Parathesis sessilifolia","9.88%","Yes","10.69%",107,"No"
"Eugenia trikii","10.05%","Yes","10.69%",72,"No"
"Swartzia cubensis","4.86%","Yes","10.68%",485,"No"
"Erythroxylum guatemalense","56.16%","Yes","10.67%",122,"No"
"Eugenia percivalii","20.37%","Yes","10.59%",17,"No"
"Serjania lundellii","28.57%","Yes","10.57%",87,"No"
"Oedochloa lanceolata","8.70%","Yes","10.56%",215,"No"
"Cordia stellifera","11.88%","Yes","10.56%",297,"No"
"Eugenia winzerlingii","19.38%","Yes","10.56%",153,"No"
"Damburneya longicaudata","23.56%","Yes","10.53%",136,"No"
"Calea trichotoma","28.27%","Yes","10.49%",208,"No"
"Itzaea sericea","8.19%","Yes","10.47%",134,"No"
"Miconia schippii","15.91%","Yes","10.42%",29,"No"
"Chamaedorea neurochlamys","28.93%","Yes","10.39%",149,"No"
"Maytenus guatemalensis","5.71%","Yes","10.34%",32,"No"
"Dalbergia tabascana","9.41%","Yes","10.32%",187,"No"
"Matelea campechiana","5.56%","Yes","10.31%",208,"No"
"Lonchocarpus hondurensis","8.37%","Yes","10.29%",385,"No"
"Anaxagorea guatemalensis","19.44%","Yes","10.26%",53,"No"
"Desmoncus chinantlensis","11.52%","Yes","10.23%",284,"No"
"Telanthophora bartlettii","95.00%","Yes","10.22%",18,"No"
"Mimosa hondurana","25.00%","Yes","10.16%",103,"No"
"Chionanthus oblanceolatus","12.79%","Yes","10.09%",215,"No"
"Compsoneura mexicana","4.90%","Yes","10.07%",323,"No"
"Tragia yucatanensis","2.38%","Yes","10.05%",84,"No"
"Mosannona depressa","12.83%","Yes","10.05%",427,"No"
"Dendropanax alaris","7.00%","Yes","10.05%",243,"No"
"Vanilla insignis","7.14%","Yes","10.04%",50,"No"
"Digitaria multiflora","80.00%","Yes","10.01%",4,"No"
"Euphorbia lancifolia","5.95%","Yes","9.97%",174,"No"
"Eugenia gaumeri","3.85%","Yes","9.97%",143,"No"
"Fridericia podopogon","13.14%","Yes","9.95%",190,"No"
"Bauhinia rubeleruziana","5.75%","Yes","9.88%",151,"No"
"Cupania spectabilis","36.62%","Yes","9.84%",54,"No"
"Zamia prasina","18.73%","Yes","9.82%",237,"No"
"Piper cubilquitzianum","11.64%","Yes","9.81%",89,"No"
"Lonchocarpus luteomaculatus","6.82%","Yes","9.79%",318,"No"
"Glicophyllum selerianum","3.76%","Yes","9.79%",228,"No"
"Pleradenophora tuerckheimiana","32.86%","Yes","9.72%",191,"No"
"Pinguicula sharpii","38.46%","Yes","9.71%",13,"No"
"Sapranthus campechianus","10.61%","Yes","9.63%",221,"No"
"Dichapetalum donnell-smithii","8.94%","Yes","9.62%",256,"No"
"Bacopa lacertosa","16.67%","Yes","9.59%",60,"No"
"Tontelea hondurensis","2.22%","Yes","9.57%",51,"No"
"Stachytarpheta miniacea","13.77%","Yes","9.56%",134,"No"
"Bourreria mollis","22.98%","Yes","9.55%",396,"No"
"Erythroxylum bequaertii","5.06%","Yes","9.55%",59,"No"
"Heisteria media","32.47%","Yes","9.53%",58,"No"
"Acalypha mortoniana","23.26%","Yes","9.46%",48,"No"
"Calliandra rhodocephala","2.48%","Yes","9.46%",76,"No"
"Epidendrum isthmi","2.44%","Yes","9.43%",30,"No"
"Mimosa bahamensis","2.32%","Yes","9.43%",1080,"No"
"Leptobalanus sparsipilis","11.89%","Yes","9.41%",81,"No"
"Casearia bartlettii","31.58%","Yes","9.40%",32,"No"
"Cionosicys excisus","5.10%","Yes","9.39%",375,"No"
"Udotea fibrosa","50.00%","Yes","9.38%",11,"No"
"Acalypha costaricensis","3.21%","Yes","9.37%",145,"No"
"Cupania belizensis","22.77%","Yes","9.28%",323,"No"
"Pouteria belizensis","14.29%","Yes","9.24%",30,"No"
"Salvia pansamalensis","42.86%","Yes","9.24%",26,"No"
"Piper yucatanense","14.34%","Yes","9.22%",351,"No"
"Turnera aromatica","56.52%","Yes","9.20%",149,"No"
"Androlepis skinneri","16.80%","Yes","9.17%",178,"No"
"Randia petenensis","13.04%","Yes","9.17%",59,"No"
"Serjania pterarthra","4.17%","Yes","9.16%",47,"No"
"Gonolobus stenanthus","13.98%","Yes","9.15%",56,"No"
"Bactris mexicana","14.57%","Yes","9.13%",261,"No"
"Tectaria michleriana","5.56%","Yes","9.10%",33,"No"
"Lacmellea standleyi","23.61%","Yes","9.08%",46,"No"
"Croton itzaeus","2.27%","Yes","9.08%",36,"No"
"Matelea gentlei","21.74%","Yes","9.07%",157,"No"
"Cayaponia longiloba","23.33%","Yes","9.04%",26,"No"
"Didymoglossum godmanii","2.34%","Yes","9.03%",66,"No"
"Myrmecophila christinae","4.94%","Yes","9.03%",351,"No"
"Xylosma cinerea","6.19%","Yes","9.00%",87,"No"
"Cyperus lundellii","5.13%","Yes","8.96%",32,"No"
"Polygala jamaicensis","2.24%","Yes","8.92%",89,"No"
"Morinda panamensis","12.02%","Yes","8.88%",313,"No"
"Ruellia matagalpae","12.00%","Yes","8.87%",129,"No"
"Aegiphila monstrosa","11.01%","Yes","8.80%",258,"No"
"Reinhardtia latisecta","15.58%","Yes","8.79%",55,"No"
"Allophylus camptostachys","6.62%","Yes","8.76%",230,"No"
"Philodendron smithii","12.23%","Yes","8.76%",228,"No"
"Leucobryum incurvifolium","4.71%","Yes","8.75%",65,"No"
"Otopappus guatemalensis","2.92%","Yes","8.75%",145,"No"
"Pireella pycnothallodes","4.71%","Yes","8.70%",62,"No"
"Licaria coriacea","11.11%","Yes","8.69%",34,"No"
"Peperomia emiliana","5.56%","Yes","8.67%",35,"No"
"Egletes liebmannii","12.20%","Yes","8.67%",94,"No"
"Selaginella idiospora","26.47%","Yes","8.64%",24,"No"
"Ruellia harveyana","42.31%","Yes","8.63%",46,"No"
"Passiflora rovirosae","15.61%","Yes","8.62%",153,"No"
"Crossopetalum filipes","36.49%","Yes","8.61%",150,"No"
"Mesosetum filifolium","41.86%","Yes","8.60%",94,"No"
"Xyris navicularis","42.19%","Yes","8.59%",51,"No"
"Miconia caelestis","12.84%","Yes","8.59%",109,"No"
"Albidella nymphaeifolia","3.61%","Yes","8.58%",61,"No"
"Zexmenia serrata","6.86%","Yes","8.57%",235,"No"
"Gonolobus leianthus","19.40%","Yes","8.57%",204,"No"
"Cojoba graciliflora","36.02%","Yes","8.56%",363,"No"
"Anthurium verapazense","30.00%","Yes","8.55%",108,"No"
"Lycianthes armentalis","2.35%","Yes","8.55%",141,"No"
"Piper sibunense","17.95%","Yes","8.53%",29,"No"
"Lycaste dowiana","4.55%","Yes","8.49%",16,"No"
"Perymenium gymnolomoides","10.61%","Yes","8.46%",121,"No"
"Cibotium regale","21.88%","Yes","8.44%",42,"No"
"Rotundanthus fulvidus","45.00%","Yes","8.41%",23,"No"
"Piper neesianum","5.46%","Yes","8.38%",286,"No"
"Galeandra batemanii","21.21%","Yes","8.35%",29,"No"
"Damburneya gentlei","22.58%","Yes","8.30%",117,"No"
"Strychnos brachistantha","22.84%","Yes","8.29%",133,"No"
"Protium confusum","19.23%","Yes","8.28%",409,"No"
"Tillandsia izabalensis","25.00%","Yes","8.26%",8,"No"
"Vachellia gentlei","30.34%","Yes","8.26%",194,"No"
"Morinda rojoc","50.00%","Yes","8.25%",3,"No"
"Malpighia spathulifolia","12.50%","Yes","8.23%",85,"No"
"Myrcia calderonii","20.59%","Yes","8.23%",18,"No"
"Buxus bartlettii","22.50%","Yes","8.21%",59,"No"
"Miconia hyperprasina","7.98%","Yes","8.20%",172,"No"
"Croton glandulosepalus","8.19%","Yes","8.19%",164,"No"
"Myrcia neolindeniana","37.65%","Yes","8.05%",67,"No"
"Guettarda gaumeri","4.02%","Yes","8.02%",321,"No"
"Machaonia cymosa","11.11%","Yes","8.01%",7,"No"
"Montanoa atriplicifolia","4.61%","Yes","8.00%",463,"No"
"Acrolejeunea heterophylla","10.20%","Yes","7.99%",33,"No"
"Myrcia millspaughii","2.55%","Yes","7.98%",82,"No"
"Ardisia nigrescens","7.51%","Yes","7.97%",168,"No"
"Ilex belizensis","30.83%","Yes","7.93%",69,"No"
"Tragia mexicana","15.00%","Yes","7.92%",56,"No"
"Heliconia mathiasiae","3.72%","Yes","7.92%",425,"No"
"Mariosousa usumacintensis","16.75%","Yes","7.90%",143,"No"
"Encyclia guatemalensis","8.26%","Yes","7.90%",94,"No"
"Symplocos jurgensenii","36.27%","Yes","7.89%",71,"No"
"Sicydium tuerckheimii","5.26%","Yes","7.89%",80,"No"
"Gliricidia maculata","3.97%","Yes","7.88%",266,"No"
"Dracaena ghiesbreghtii","10.73%","Yes","7.88%",361,"No"
"Piper cayoense","36.96%","Yes","7.87%",39,"No"
"Brassia maculata","4.76%","Yes","7.86%",52,"No"
"Pithecellobium johansenii","6.52%","Yes","7.84%",22,"No"
"Machaonia lindeniana","2.24%","Yes","7.82%",457,"No"
"Forchhammeria trifoliata","3.44%","Yes","7.82%",280,"No"
"Polystachya clavata","2.17%","Yes","7.81%",65,"No"
"Encyclia bractescens","7.41%","Yes","7.80%",217,"No"
"Gymnopodium floribundum","3.33%","Yes","7.79%",1003,"No"
"Hampea trilobata","6.77%","Yes","7.79%",923,"No"
"Croton oerstedianus","2.21%","Yes","7.79%",147,"No"
"Ornithocephalus inflexus","5.74%","Yes","7.73%",217,"No"
"Peperomia matlalucaensis","13.42%","Yes","7.71%",140,"No"
"Oedochloa standleyi","24.14%","Yes","7.70%",17,"No"
"Hampea stipitata","19.65%","Yes","7.70%",297,"No"
"Peperomia discolor","15.29%","Yes","7.68%",60,"No"
"Psychopterys rivularis","16.18%","Yes","7.68%",41,"No"
"Hiraea obovata","5.00%","Yes","7.67%",13,"No"
"Matelea lanceolata","15.65%","Yes","7.67%",78,"No"
"Smilax velutina","18.42%","Yes","7.60%",119,"No"
"Calypogeia uncinulatula","3.12%","Yes","7.60%",22,"No"
"Dicliptera sumichrastii","17.39%","Yes","7.59%",41,"No"
"Panicum bartlettii","18.01%","Yes","7.58%",123,"No"
"Maxillaria macleei","6.32%","Yes","7.55%",92,"No"
"Chamaedorea schippii","88.00%","Yes","7.55%",11,"No"
"Metastelma thalamosiphon","46.48%","Yes","7.51%",48,"No"
"Psittacanthus angustifolius","3.03%","Yes","7.44%",68,"No"
"Spathiphyllum blandum","21.51%","Yes","7.43%",172,"No"
"Miconia cymifera","16.67%","Yes","7.43%",5,"No"
"Dioscorea hondurensis","8.96%","Yes","7.42%",40,"No"
"Eugenia bumelioides","8.16%","Yes","7.40%",22,"No"
"Piper crassicaule","21.43%","Yes","7.39%",14,"No"
"Ipomoea heterodoxa","13.74%","Yes","7.37%",271,"No"
"Tynanthus guatemalensis","19.43%","Yes","7.36%",244,"No"
"Aristolochia ovalifolia","7.36%","Yes","7.36%",125,"No"
"Dioscorea bartlettii","14.86%","Yes","7.35%",319,"No"
"Callisia grandiflora","10.22%","Yes","7.34%",307,"No"
"Axonopus poiophyllus","13.38%","Yes","7.33%",107,"No"
"Kegeliella kupperi","50.00%","Yes","7.33%",4,"No"
"Solanum phaseoloides","3.36%","Yes","7.33%",81,"No"
"Selaginella huehuetenangensis","19.48%","Yes","7.32%",158,"No"
"Cnidoscolus souzae","4.99%","Yes","7.31%",309,"No"
"Passiflora serratifolia","10.15%","Yes","7.30%",582,"No"
"Fuirena camptotricha","11.75%","Yes","7.29%",338,"No"
"Phoradendron heydeanum","9.09%","Yes","7.29%",17,"No"
"Bauhinia erythrocalyx","3.68%","Yes","7.28%",156,"No"
"Argythamnia wheeleri","17.39%","Yes","7.28%",16,"No"
"Portulaca nicaraguensis","24.53%","Yes","7.26%",41,"No"
"Heliconia spissa","14.67%","Yes","7.25%",181,"No"
"Ipomoea peteri","5.31%","Yes","7.22%",515,"No"
"Panicum altum","8.70%","Yes","7.20%",43,"No"
"Brachistus nelsonii","8.55%","Yes","7.19%",117,"No"
"Karstia raspacula","27.27%","Yes","7.19%",9,"No"
"Deamia testudo","19.67%","Yes","7.19%",799,"No"
"Louteridium donnell-smithii","24.29%","Yes","7.18%",140,"No"
"Heliconia aurantiaca","15.05%","Yes","7.17%",170,"No"
"Arachnothryx stachyoidea","10.27%","Yes","7.13%",178,"No"
"Lomariopsis recurvata","13.53%","Yes","7.11%",88,"No"
"Diospyros yucatanensis","6.47%","Yes","7.10%",105,"No"
"Zygia conzattii","3.75%","Yes","7.10%",384,"No"
"Evolvulus alsinodes","11.11%","Yes","7.08%",8,"No"
"Malmea depressa","3.08%","Yes","7.06%",502,"No"
"Trichocentrum oerstedii","3.87%","Yes","7.06%",167,"No"
"Mesosetum blakei","8.16%","Yes","7.01%",33,"No"
"Encyclia alata","3.41%","Yes","6.98%",253,"No"
"Struthanthus hartwegii","3.80%","Yes","6.98%",60,"No"
"Ardisia tuerckheimii","6.48%","Yes","6.95%",193,"No"
"Jupunba idiopoda","14.80%","Yes","6.92%",154,"No"
"Drypetes brownii","22.94%","Yes","6.91%",141,"No"
"Acoelorraphe wrightii","2.60%","Yes","6.91%",999,"No"
"Lonchocarpus longistylus","2.79%","Yes","6.88%",129,"No"
"Goniopteris toganetra","18.33%","Yes","6.87%",47,"No"
"Syngonium chiapense","2.29%","Yes","6.87%",95,"No"
"Psittacanthus mayanus","5.79%","Yes","6.86%",171,"No"
"Pentalinon andrieuxii","4.63%","Yes","6.85%",914,"No"
"Agalinis harperi","13.56%","Yes","6.85%",91,"No"
"Marcgravia gentlei","33.33%","Yes","6.85%",6,"No"
"Vismia camparaguey","32.17%","Yes","6.83%",180,"No"
"Serjania yucatanensis","5.56%","Yes","6.82%",248,"No"
"Platymiscium dimorphandrum","8.75%","Yes","6.81%",177,"No"
"Monteverdia schippii","15.20%","Yes","6.80%",128,"No"
"Heliconia librata","3.14%","Yes","6.76%",185,"No"
"Piper lanciferum","25.00%","Yes","6.76%",3,"No"
"Elleanthus caricoides","5.66%","Yes","6.76%",119,"No"
"Specklinia microphylla","6.06%","Yes","6.76%",27,"No"
"Clethra occidentalis","26.67%","Yes","6.75%",88,"No"
"Hibiscus costatus","12.35%","Yes","6.75%",274,"No"
"Myrmecophila tibicinis","3.40%","Yes","6.73%",315,"No"
"Arthrostemma parvifolium","15.45%","Yes","6.73%",109,"No"
"Bunchosia lanieri","15.79%","Yes","6.73%",11,"No"
"Dalechampia spathulata","2.37%","Yes","6.72%",170,"No"
"Piper donnell-smithii","13.04%","Yes","6.69%",46,"No"
"Mortoniella pittieri","13.59%","Yes","6.69%",58,"No"
"Oreopanax geminatus","3.57%","Yes","6.68%",94,"No"
"Ctenardisia amplifolia","7.69%","Yes","6.66%",34,"No"
"Myriocarpa heterospicata","3.42%","Yes","6.64%",160,"No"
"Zygia cognata","9.23%","Yes","6.63%",157,"No"
"Byrsonima bucidifolia","4.17%","Yes","6.62%",459,"No"
"Monteverdia belizensis","10.34%","Yes","6.59%",38,"No"
"Justicia cystolithosa","33.33%","Yes","6.59%",3,"No"
"Passiflora helleri","2.97%","Yes","6.56%",240,"No"
"Syngonium angustifolium","50.00%","Yes","6.56%",4,"No"
"Trichocentrum luridum","5.47%","Yes","6.56%",233,"No"
"Blomia prisca","3.41%","Yes","6.55%",122,"No"
"Bunchosia polystachya","8.31%","Yes","6.52%",159,"No"
"Mimosa watsonii","11.59%","Yes","6.51%",133,"No"
"Echites tuxtlensis","7.19%","Yes","6.51%",254,"No"
"Masdevallia tubuliflora","4.76%","Yes","6.48%",13,"No"
"Cucurbita lundelliana","4.79%","Yes","6.48%",214,"No"
"Deherainia smaragdina","24.66%","Yes","6.47%",154,"No"
"Ipomoea splendor-sylvae","4.40%","Yes","6.46%",360,"No"
"Isochilus carnosiflorus","3.57%","Yes","6.46%",161,"No"
"Marcgravia nepenthoides","10.32%","Yes","6.42%",180,"No"
"Microgramma nitida","3.99%","Yes","6.41%",436,"No"
"Epidendrum cardiophorum","5.27%","Yes","6.41%",348,"No"
"Alseis yucatanensis","6.69%","Yes","6.41%",437,"No"
"Ardisia bracteosa","5.38%","Yes","6.40%",155,"No"
"Vitex gaumeri","7.56%","Yes","6.40%",1044,"No"
"Specklinia brighamii","9.88%","Yes","6.38%",134,"No"
"Hedyosmum brenesii","3.41%","Yes","6.38%",143,"No"
"Senna peralteana","13.55%","Yes","6.34%",393,"No"
"Licaria peckii","11.13%","Yes","6.34%",357,"No"
"Piper schippianum","42.55%","Yes","6.33%",33,"No"
"Rinorea guatemalensis","4.32%","Yes","6.30%",544,"No"
"Rourea schippii","7.07%","Yes","6.30%",124,"No"
"Serjania adiantoides","3.66%","Yes","6.30%",346,"No"
"Croton hildebrandtii","2.33%","Yes","6.28%",46,"No"
"Guettarda tikalana","4.84%","Yes","6.27%",92,"No"
"Begonia sericoneura","9.83%","Yes","6.26%",425,"No"
"Pleopeltis fallax","3.85%","Yes","6.23%",237,"No"
"Paullinia jamaicensis","11.32%","Yes","6.23%",46,"No"
"Volkameria ligustrina","4.06%","Yes","6.22%",263,"No"
"Protium multiramiflorum","19.54%","Yes","6.22%",230,"No"
"Vachellia globulifera","7.26%","Yes","6.21%",102,"No"
"Grias cauliflora","7.02%","Yes","6.18%",191,"No"
"Calopogonium galactoides","10.00%","Yes","6.17%",10,"No"
"Croton icche","2.53%","Yes","6.16%",138,"No"
"Anthurium lucens","12.33%","Yes","6.15%",200,"No"
"Pelexia olivacea","5.00%","Yes","6.15%",18,"No"
"Bignonia potosina","8.23%","Yes","6.14%",517,"No"
"Canavalia dura","2.17%","Yes","6.14%",41,"No"
"Miconia hondurensis","11.30%","Yes","6.14%",266,"No"
"Ornithocephalus iridifolius","3.85%","Yes","6.10%",20,"No"
"Lonchocarpus rugosus","3.28%","Yes","6.08%",1401,"No"
"Schistocarpha eupatorioides","25.00%","Yes","6.04%",3,"No"
"Russelia campechiana","13.35%","Yes","6.02%",247,"No"
"Digitaria cayoensis","16.67%","Yes","6.02%",17,"No"
"Selaginella guatemalensis","5.26%","Yes","5.98%",72,"No"
"Melampodium costaricense","4.46%","Yes","5.97%",104,"No"
"Stemodia fruticosa","9.09%","Yes","5.96%",18,"No"
"Miconia schlechtendalii","2.92%","Yes","5.96%",199,"No"
"Virola multiflora","16.86%","Yes","5.95%",111,"No"
"Oreopanax sanderianus","4.60%","Yes","5.93%",223,"No"
"Quercus purulhana","4.65%","Yes","5.93%",203,"No"
"Erythrina folkersii","22.99%","Yes","5.92%",196,"No"
"Crossopetalum gaumeri","6.06%","Yes","5.92%",303,"No"
"Eleocharis minutissima","15.00%","Yes","5.91%",15,"No"
"Parathesis hondurensis","25.00%","Yes","5.90%",19,"No"
"Otopappus scaber","2.31%","Yes","5.88%",114,"No"
"Maxillaria tenuifolia","2.89%","Yes","5.88%",305,"No"
"Clematis polygama","3.16%","Yes","5.85%",249,"No"
"Vachellia cookii","25.00%","Yes","5.84%",27,"No"
"Chamaedorea ernesti-augusti","15.62%","Yes","5.84%",509,"No"
"Piper pseudoasperifolium","4.76%","Yes","5.83%",71,"No"
"Magnolia yoroconte","26.92%","Yes","5.83%",23,"No"
"Ceiba schottii","6.25%","Yes","5.81%",243,"No"
"Trichomanes galeottii","8.93%","Yes","5.80%",255,"No"
"Hillia panamensis","15.91%","Yes","5.80%",66,"No"
"Forchhammeria trifoliata","9.18%","Yes","5.80%",104,"No"
"Mosquitoxylum jamaicense","5.60%","Yes","5.79%",416,"No"
"Oreopanax guatemalensis","7.63%","Yes","5.79%",382,"No"
"Phoradendron naviculare","20.00%","Yes","5.78%",18,"No"
"Casimiroa tetrameria","5.61%","Yes","5.77%",165,"No"
"Isotrema veracruzanum","11.90%","Yes","5.77%",29,"No"
"Clusia quadrangula","34.30%","Yes","5.77%",183,"No"
"Randia matudae","14.12%","Yes","5.76%",130,"No"
"Myrmecophila brysiana","10.64%","Yes","5.75%",40,"No"
"Cynometra hemitomophylla","16.22%","Yes","5.73%",64,"No"
"Ormosia isthmensis","2.56%","Yes","5.71%",92,"No"
"Anthurium huixtlense","8.08%","Yes","5.68%",217,"No"
"Epidendrum verrucosum","3.33%","Yes","5.67%",118,"No"
"Rhynchospora plumosa","3.13%","Yes","5.67%",701,"No"
"Eugenia savannarum","13.76%","Yes","5.66%",48,"No"
"Psychotria costivenia","7.07%","Yes","5.63%",977,"No"
"Monstera dissecta","3.12%","Yes","5.61%",192,"No"
"Pittoniotis protracta","16.08%","Yes","5.59%",383,"No"
"Piper cobanense","15.22%","Yes","5.59%",26,"No"
"Adiantum wilesianum","16.30%","Yes","5.59%",181,"No"
"Selaginella schizobasis","11.11%","Yes","5.56%",159,"No"
"Tradescantia schippii","4.93%","Yes","5.55%",108,"No"
"Matayba apetala","3.61%","Yes","5.55%",150,"No"
"Mariosousa dolichostachya","2.02%","Yes","5.54%",350,"No"
"Machaerium riparium","2.33%","Yes","5.53%",75,"No"
"Brassavola acaulis","9.09%","Yes","5.53%",10,"No"
"Malpighia macrocarpa","24.53%","Yes","5.53%",46,"No"
"Taxilejeunea jamaicensis","9.09%","Yes","5.52%",27,"No"
"Palicourea mediocris","8.33%","Yes","5.52%",8,"No"
"Solanum rojasianum","4.55%","Yes","5.51%",16,"No"
"Salvia miniata","8.51%","Yes","5.51%",42,"No"
"Acacia cornigera","7.14%","Yes","5.51%",10,"No"
"Forestiera corollata","40.00%","Yes","5.50%",6,"No"
"Heliocarpus donnellsmithii","6.40%","Yes","5.49%",112,"No"
"Bartlettina lanicaulis","13.11%","Yes","5.47%",103,"No"
"Sloanea meianthera","15.50%","Yes","5.47%",86,"No"
"Capparidastrum quiriguense","3.40%","Yes","5.45%",86,"No"
"Mitracarpus linearifolius","19.12%","Yes","5.44%",60,"No"
"Rinorea hummelii","8.83%","Yes","5.44%",800,"No"
"Trichilia erythrocarpa","41.40%","Yes","5.44%",115,"No"
"Dioscorea matagalpensis","8.42%","Yes","5.44%",202,"No"
"Psychotria fruticetorum","29.32%","Yes","5.43%",419,"No"
"Passiflora guatemalensis","12.62%","Yes","5.42%",92,"No"
"Cuphea decandra","3.50%","Yes","5.42%",106,"No"
"Inga pinetorum","31.68%","Yes","5.42%",82,"No"
"Paullinia costata","10.56%","Yes","5.41%",228,"No"
"Salvia whitefoordiae","48.94%","Yes","5.41%",30,"No"
"Licaria capitata","5.30%","Yes","5.39%",340,"No"
"Lepidaploa argyropappa","3.12%","Yes","5.37%",272,"No"
"Malpighia lundellii","6.49%","Yes","5.36%",60,"No"
"Specklinia pisinna","2.78%","Yes","5.34%",30,"No"
"Euphorbia armourii","6.98%","Yes","5.34%",86,"No"
"Quadrella calciphila","10.53%","Yes","5.34%",9,"No"
"Clusia lundellii","11.88%","Yes","5.33%",233,"No"
"Passiflora sexocellata","11.88%","Yes","5.31%",252,"No"
"Lasiacis grisebachii","7.63%","Yes","5.31%",296,"No"
"Elaphoglossum guatemalense","8.02%","Yes","5.29%",166,"No"
"Selaginella microdendron","8.11%","Yes","5.29%",29,"No"
"Aiouea areolata","10.48%","Yes","5.28%",75,"No"
"Sinclairia deamii","14.53%","Yes","5.27%",87,"No"
"Vatairea lundellii","5.58%","Yes","5.27%",164,"No"
"Peperomia griggsii","85.71%","Yes","5.26%",13,"No"
"Anemia speciosa","18.39%","Yes","5.26%",68,"No"
"Monstera acuminata","16.15%","Yes","5.26%",734,"No"
"Rogiera stenosiphon","5.25%","Yes",,251,
"Croton arboreus","7.47%","Yes","5.21%",548,"No"
"Ctenitis interjecta","36.84%","Yes","5.21%",38,"No"
"Serjania macrocarpa","9.57%","Yes","5.20%",149,"No"
"Casearia thamnia","12.47%","Yes","5.18%",564,"No"
"Myriocarpa obovata","6.94%","Yes","5.17%",168,"No"
"Piper jacquemontianum","15.08%","Yes","5.16%",236,"No"
"Vanilla hartii","13.33%","Yes","5.16%",53,"No"
"Protium copal","6.62%","Yes","5.16%",981,"No"
"Quercus oleoides","9.32%","Yes","5.16%",1080,"No"
"Crossopetalum parviflorum","7.27%","Yes","5.15%",738,"No"
"Psychotria subsessilis","4.24%","Yes","5.15%",501,"No"
"Adiantum tenerum","5.14%","Yes",,1637,
"Philodendron schottii","8.61%","Yes","5.14%",156,"No"
"Koanophyllon galeottii","9.26%","Yes","5.14%",86,"No"
"Sarcoglottis sceptrodes","3.15%","Yes","5.13%",200,"No"
"Diphysa yucatanensis","2.05%","Yes","5.13%",207,"No"
"Asterella echinella","12.63%","Yes","5.12%",78,"No"
"Piper variabile","2.60%","Yes","5.11%",97,"No"
"Zygia confusa","10.53%","Yes","5.11%",22,"No"
"Canavalia oxyphylla","3.52%","Yes","5.10%",185,"No"
"Dichapetalum brenesii","2.10%","Yes","5.10%",69,"No"
"Stachytarpheta friedrichsthalii","7.89%","Yes","5.09%",34,"No"
"Cryptochloa strictiflora","14.40%","Yes","5.09%",175,"No"
"Trichilia mexicoensis","14.08%","Yes","5.08%",256,"No"
"Gongora unicolor","3.12%","Yes","5.08%",106,"No"
"Vochysia guatemalensis","4.93%","Yes","5.07%",694,"No"
"Merinthopodium neuranthum","2.25%","Yes","5.07%",389,"No"
"Monstera acacoyaguensis","14.10%","Yes","5.07%",63,"No"
"Asplundia labela","11.74%","Yes","5.05%",155,"No"
"Stigmaphyllon lindenianum","5.67%","Yes","5.04%",760,"No"
"Dalbergia stevensonii","22.22%","Yes","5.04%",41,"No"
"Adelia barbinervis","6.18%","Yes","5.04%",736,"No"
"Gouania eurycarpa","7.11%","Yes","5.04%",204,"No"
"Erblichia odorata","4.93%","Yes","5.03%",323,"No"
"Scleria georgiana","10.44%","Yes","5.01%",294,"No"
"Schnella herrerae","8.46%","Yes","5.00%",560,"No"
"Licania hypoleuca","4.98%","Yes",,765,
"Clethra vicentina","2.20%","Yes","4.98%",128,"No"
"Guarea tuerckheimii","26.63%","Yes","4.97%",115,"No"
"Beaucarnea pliabilis","8.65%","Yes","4.96%",143,"No"
"Sobralia mucronata","9.20%","Yes","4.96%",56,"No"
"Ardisia paschalis","2.68%","Yes","4.94%",616,"No"
"Bunchosia swartziana","3.25%","Yes","4.93%",679,"No"
"Simira salvadorensis","10.10%","Yes","4.93%",277,"No"
"Miconia petiolaris","10.29%","Yes","4.93%",570,"No"
"Piper kerberi","4.76%","Yes","4.92%",80,"No"
"Parathesis aeruginosa","5.00%","Yes","4.92%",21,"No"
"Desmopsis schippii","3.49%","Yes","4.92%",249,"No"
"Merostachys latifolia","7.20%","Yes","4.90%",64,"No"
"Scaphyglottis behrii","12.61%","Yes","4.90%",164,"No"
"Scaphyglottis leucantha","10.59%","Yes","4.89%",61,"No"
"Heliocarpus mexicanus","2.10%","Yes","4.87%",358,"No"
"Lisianthus brevidentatus","15.19%","Yes","4.86%",71,"No"
"Lepidaploa uniflora","7.38%","Yes","4.86%",80,"No"
"Centrosema plumieri","4.85%","Yes",,1458,
"Palicourea glomerulata","7.70%","Yes","4.84%",464,"No"
"Struthanthus cassythoides","13.50%","Yes","4.84%",396,"No"
"Pinus tecunumanii","2.61%","Yes","4.84%",367,"No"
"Bouteloua scabra","4.76%","Yes","4.83%",25,"No"
"Annona primigenia","14.66%","Yes","4.83%",316,"No"
"Croton malvavisciifolius","2.63%","Yes","4.81%",109,"No"
"Souroubea loczyi","5.72%","Yes","4.81%",213,"No"
"Acalypha leptopoda","2.15%","Yes","4.79%",841,"No"
"Piper psilorhachis","16.93%","Yes","4.78%",328,"No"
"Cionosicys macranthus","6.76%","Yes","4.78%",173,"No"
"Scaphyglottis lindeniana","8.67%","Yes","4.77%",117,"No"
"Clethra hondurensis","8.20%","Yes","4.77%",147,"No"
"Eragrostis hirta","3.23%","Yes","4.76%",28,"No"
"Chionanthus panamensis","4.91%","Yes","4.75%",164,"No"
"Calyptrogyne ghiesbreghtiana","9.78%","Yes","4.74%",309,"No"
"Bernoullia flammea","2.45%","Yes","4.74%",243,"No"
"Cenostigma gaumeri","3.92%","Yes","4.73%",531,"No"
"Astrocaryum mexicanum","9.87%","Yes","4.73%",405,"No"
"Lycianthes stephanocalyx","4.23%","Yes","4.73%",119,"No"
"Dianthera breviflora","12.10%","Yes","4.73%",419,"No"
"Coccoloba cozumelensis","3.64%","Yes","4.72%",648,"No"
"Heliconia bourgaeana","4.64%","Yes","4.69%",255,"No"
"Pachyrhizus ferrugineus","7.57%","Yes","4.67%",294,"No"
"Stelis gracilis","14.93%","Yes","4.66%",55,"No"
"Niphidium oblanceolatum","8.76%","Yes","4.65%",174,"No"
"Lonchocarpus castilloi","11.86%","Yes","4.62%",273,"No"
"Critonia sexangularis","5.73%","Yes","4.61%",183,"No"
"Scaphyglottis fasciculata","2.48%","Yes","4.58%",176,"No"
"Mikania houstoniana","4.01%","Yes","4.57%",263,"No"
"Cuphea utriculosa","4.03%","Yes","4.56%",519,"No"
"Solanum steyermarkii","10.00%","Yes","4.55%",6,"No"
"Morronea cayoensis","3.12%","Yes","4.55%",23,"No"
"Piper jacquemontianum","9.24%","Yes","4.54%",784,"No"
"Dresslerella powellii","25.00%","Yes","4.53%",3,"No"
"Pseudolycopodiella floridana","60.00%","Yes","4.51%",12,"No"
"Callaeum malpighioides","8.73%","Yes","4.51%",86,"No"
"Disciphania calocarpa","7.21%","Yes","4.50%",155,"No"
"Cabomba palaeformis","4.37%","Yes","4.50%",257,"No"
"Tillandsia dasyliriifolia","2.32%","Yes","4.50%",420,"No"
"Hillia tetrandra","3.98%","Yes","4.47%",276,"No"
"Marcgravia schippii","11.03%","Yes","4.46%",88,"No"
"Habenaria mesodactyla","56.00%","Yes","4.46%",18,"No"
"Ampelocera hottlei","6.15%","Yes","4.45%",190,"No"
"Hyperbaena mexicana","2.34%","Yes","4.44%",378,"No"
"Havardia albicans","2.07%","Yes","4.41%",524,"No"
"Orthion malpighiifolium","9.90%","Yes","4.40%",78,"No"
"Vitex hemsleyi","10.14%","Yes","4.40%",223,"No"
"Ouratea lucens","5.79%","Yes","4.40%",980,"No"
"Lycianthes limitanea","8.82%","Yes","4.40%",33,"No"
"Callisia multiflora","2.26%","Yes","4.37%",189,"No"
"Coleataenia tenera","3.81%","Yes","4.36%",249,"No"
"Serjania goniocarpa","6.03%","Yes","4.36%",352,"No"
"Cameraria latifolia","19.23%","Yes","4.35%",305,"No"
"Spigelia humboldtiana","4.35%","Yes",,1361,
"Ateleia pterocarpa","3.14%","Yes","4.34%",169,"No"
"Dioscorea densiflora","6.38%","Yes","4.32%",288,"No"
"Ruehssia laxiflora","24.35%","Yes","4.32%",122,"No"
"Goniopteris mollis","6.31%","Yes","4.32%",150,"No"
"Erythrina standleyana","4.21%","Yes","4.30%",303,"No"
"Trichospermum lessertianum","2.11%","Yes","4.30%",176,"No"
"Dichanthelium viscidellum","4.05%","Yes","4.29%",388,"No"
"Epidendrum paranthicum","6.03%","Yes","4.29%",145,"No"
"Guadua longifolia","8.97%","Yes","4.29%",115,"No"
"Ageratum rugosum","8.54%","Yes","4.29%",60,"No"
"Masdevallia floribunda","4.10%","Yes","4.28%",88,"No"
"Selenicereus minutiflorus","6.25%","Yes","4.27%",14,"No"
"Clibadium arboreum","5.33%","Yes","4.26%",672,"No"
"Paspalum blodgettii","6.60%","Yes","4.24%",444,"No"
"Tillandsia brachycaulos","2.18%","Yes","4.23%",730,"No"
"Paspalum serpentinum","8.70%","Yes","4.23%",78,"No"
"Capparidastrum discolor","5.23%","Yes","4.23%",220,"No"
"Mittenothamnium salleanum","19.28%","Yes","4.23%",55,"No"
"Sinclairia polyantha","2.67%","Yes","4.23%",218,"No"
"Psychotria mexiae","5.21%","Yes","4.22%",285,"No"
"Paspalum campylostachyum","31.53%","Yes","4.21%",74,"No"
"Lonchocarpus guatemalensis","3.34%","Yes","4.20%",1322,"No"
"Ardisia nigropunctata","5.46%","Yes","4.19%",283,"No"
"Alseis hondurensis","6.25%","Yes","4.19%",15,"No"
"Combretum rovirosae","3.26%","Yes","4.19%",78,"No"
"Didymochlaena mesoamericana","8.57%","Yes","4.18%",170,"No"
"Passiflora costaricensis","2.86%","Yes","4.18%",282,"No"
"Eurystyles ananassocomos","4.17%","Yes","4.17%",21,"No"
"Polystachya lineata","4.35%","Yes","4.17%",21,"No"
"Stigmatopteris sordida","6.25%","Yes","4.17%",97,"No"
"Bignonia neoheterophylla","2.06%","Yes","4.16%",459,"No"
"Passiflora sublanceolata","4.91%","Yes","4.16%",181,"No"
"Eugenia capuli","3.39%","Yes","4.16%",45,"No"
"Justicia fimbriata","6.77%","Yes","4.15%",226,"No"
"Matayba glaberrima","2.34%","Yes","4.14%",106,"No"
"Metaxya elongata","5.70%","Yes","4.14%",141,"No"
"Russelia parvifolia","23.81%","Yes","4.14%",18,"No"
"Bravaisia grandiflora","8.57%","Yes","4.10%",23,"No"
"Quararibea funebris","3.86%","Yes","4.10%",578,"No"
"Condea scandens","40.00%","Yes","4.07%",4,"No"
"Licaria misantlae","4.77%","Yes","4.06%",234,"No"
"Machaerium cirrhiferum","12.22%","Yes","4.06%",63,"No"
"Heliconia vaginalis","4.01%","Yes","4.06%",441,"No"
"Hybanthus thiemei","4.86%","Yes","4.05%",132,"No"
"Sapium lateriflorum","3.27%","Yes","4.04%",225,"No"
"Passiflora guatemalensis","20.45%","Yes","4.04%",165,"No"
"Solanum erythrotrichum","40.54%","Yes","4.03%",108,"No"
"Ruellia pereducta","4.74%","Yes","4.03%",162,"No"
"Guettarda macrosperma","4.95%","Yes","4.02%",500,"No"
"Cattleya bowringiana","70.00%","Yes","4.02%",8,"No"
"Mendoncia guatemalensis","7.89%","Yes","4.02%",28,"No"
"Oncidium ensatum","5.74%","Yes","4.01%",179,"No"
"Sporobolus spartinae","3.26%","Yes","4.00%",600,"No"
"Koanophyllon albicaule","6.23%","Yes","3.99%",534,"No"
"Peperomia portobellensis","6.08%","Yes","3.98%",297,"No"
"Critonia campechensis","7.58%","Yes","3.98%",55,"No"
"Diospyros salicifolia","2.84%","Yes","3.98%",573,"No"
"Elaphoglossum correae","11.63%","Yes","3.97%",22,"No"
"Euphorbia blodgettii","2.26%","Yes","3.96%",687,"No"
"Cissus gossypiifolia","5.34%","Yes","3.96%",275,"No"
"Zanthoxylum petenense","14.29%","Yes","3.95%",8,"No"
"Allophylus cominia","3.25%","Yes","3.94%",1007,"No"
"Ficus crassinervia","4.80%","Yes","3.93%",610,"No"
"Tillandsia filifolia","3.05%","Yes","3.92%",403,"No"
"Palicourea domingensis","5.29%","Yes","3.92%",350,"No"
"Werauhia vittata","3.90%","Yes","3.92%",71,"No"
"Vachellia collinsii","2.42%","Yes","3.91%",1074,"No"
"Odontonema callistachyum","3.91%","Yes",,1010,
"Dioscorea gaumeri","4.29%","Yes","3.89%",90,"No"
"Virola koschnyi","6.52%","Yes","3.88%",235,"No"
"Arceuthobium hondurense","37.04%","Yes","3.88%",68,"No"
"Thouinia maestrensis","11.11%","Yes","3.88%",9,"No"
"Otopappus verbesinoides","2.08%","Yes","3.87%",147,"No"
"Catasetum integerrimum","3.39%","Yes","3.86%",763,"No"
"Gentlea micranthera","2.12%","Yes","3.84%",187,"No"
"Psychotria papantlensis","2.81%","Yes","3.84%",111,"No"
"Matayba oppositifolia","9.84%","Yes","3.83%",377,"No"
"Calliandra tergemina","3.82%","Yes",,1114,
"Piper pseudolindenii","2.77%","Yes","3.82%",214,"No"
"Senna racemosa","2.29%","Yes","3.82%",939,"No"
"Lycianthes nitida","13.13%","Yes","3.82%",254,"No"
"Senna hayesiana","4.55%","Yes","3.80%",890,"No"
"Passiflora choconiana","20.00%","Yes","3.80%",76,"No"
"Bruceholstia sidifolia","2.62%","Yes","3.80%",131,"No"
"Esenbeckia pentaphylla","2.82%","Yes","3.79%",237,"No"
"Hypericum pratense","3.45%","Yes","3.79%",190,"No"
"Amalophyllon rupestre","10.84%","Yes","3.79%",69,"No"
"Garcinia intermedia","3.49%","Yes","3.78%",692,"No"
"Pireella mariae","2.04%","Yes","3.77%",25,"No"
"Jacaratia dolichaula","4.41%","Yes","3.76%",317,"No"
"Myrcia chytraculia","6.37%","Yes","3.76%",521,"No"
"Xyris ambigua","5.28%","Yes","3.75%",1285,"No"
"Lycianthes gorgonea","4.23%","Yes","3.74%",58,"No"
"Cipura campanulata","8.48%","Yes","3.74%",551,"No"
"Ageratum gaumeri","2.76%","Yes","3.74%",121,"No"
"Bravaisia berlandieriana","3.99%","Yes","3.72%",594,"No"
"Caulerpa paspaloides","7.44%","Yes","3.72%",285,"No"
"Meineckia bartlettii","55.00%","Yes","3.71%",16,"No"
"Sphaeropteris myosuroides","18.42%","Yes","3.69%",298,"No"
"Thamnomalia tumidicaulis","8.82%","Yes","3.69%",49,"No"
"Pleurothallis pansamalae","10.42%","Yes","3.68%",85,"No"
"Malouetia guatemalensis","4.63%","Yes","3.68%",253,"No"
"Palicourea tetragona","8.95%","Yes","3.67%",930,"No"
"Trichocentrum ascendens","6.13%","Yes","3.67%",723,"No"
"Matayba clavelligera","11.76%","Yes","3.67%",78,"No"
"Piper purpusianum","18.18%","Yes","3.67%",8,"No"
"Piper uhdei","2.60%","Yes","3.66%",197,"No"
"Hymenachne stagnatilis","7.35%","Yes","3.66%",31,"No"
"Stelis ciliaris","4.82%","Yes","3.66%",68,"No"
"Acetabularia caliculus","3.66%","Yes",,,
"Lygodium heterodoxum","7.33%","Yes","3.65%",418,"No"
"Pseudolmedia spuria","8.32%","Yes","3.65%",357,"No"
"Rhynchospora brachychaeta","27.50%","Yes","3.63%",31,"No"
"Rhynchosia longeracemosa","5.00%","Yes","3.62%",663,"No"
"Pseuderanthemum verapazense","2.22%","Yes","3.60%",79,"No"
"Pseudobombax ellipticoideum","51.61%","Yes","3.60%",27,"No"
"Damburneya nitida","21.30%","Yes","3.59%",262,"No"
"Psychotria limonensis","3.95%","Yes","3.59%",633,"No"
"Tillandsia streptophylla","8.64%","Yes","3.59%",477,"No"
"Chamaedorea tepejilote","11.71%","Yes","3.58%",63,"No"
"Anthurium flexile","5.25%","Yes","3.56%",464,"No"
"Cycnoches ventricosum","4.05%","Yes","3.55%",66,"No"
"Petenaea cordata","3.38%","Yes","3.54%",204,"No"
"Tephrosia belizensis","3.23%","Yes","3.53%",75,"No"
"Ficus colubrinae","2.97%","Yes","3.52%",534,"No"
"Chamaecrista diphylla","3.52%","Yes",,1366,
"Cissus biformifolia","4.01%","Yes","3.52%",516,"No"
"Bauhinia jenningsii","4.85%","Yes","3.51%",443,"No"
"Tradescantia huehueteca","8.33%","Yes","3.51%",12,"No"
"Lomariopsis vestita","5.26%","Yes","3.51%",280,"No"
"Tectaria mexicana","3.51%","Yes",,780,
"Eugenia galalonensis","2.23%","Yes","3.51%",265,"No"
"Tradescantia poelliae","2.11%","Yes","3.49%",495,"No"
"Voyria truncata","3.54%","Yes","3.48%",93,"No"
"Casearia tacanensis","5.28%","Yes","3.48%",249,"No"
"Lepidaploa tortuosa","4.18%","Yes","3.47%",875,"No"
"Smilax mollis","2.78%","Yes","3.46%",1267,"No"
"Randia monantha","4.97%","Yes","3.45%",320,"No"
"Odontosoria schlechtendalii","5.70%","Yes","3.44%",228,"No"
"Justicia bartlettii","14.74%","Yes","3.44%",76,"No"
"Ternstroemia tepezapote","5.99%","Yes","3.44%",1285,"No"
"Goniopteris obliterata","10.39%","Yes","3.42%",172,"No"
"Jatropha gaumeri","4.09%","Yes","3.41%",330,"No"
"Croton repens","6.24%","Yes","3.40%",309,"No"
"Mickelia bernoullii","2.83%","Yes","3.40%",184,"No"
"Koanophyllon pittieri","4.92%","Yes","3.40%",359,"No"
"Xyris floridana","4.41%","Yes","3.39%",121,"No"
"Stigmaphyllon laciniatum","7.69%","Yes","3.39%",12,"No"
"Ctenitis excelsa","6.70%","Yes","3.38%",160,"No"
"Epidendrum macroclinium","2.41%","Yes","3.38%",65,"No"
"Carlowrightia myriantha","7.22%","Yes","3.38%",80,"No"
"Scaphyglottis minutiflora","2.92%","Yes","3.38%",91,"No"
"Psychotria lundellii","13.25%","Yes","3.38%",51,"No"
"Oryctanthus cordifolius","6.39%","Yes","3.38%",327,"No"
"Spigelia polystachya","3.53%","Yes","3.38%",73,"No"
"Porophyllum punctatum","2.41%","Yes","3.37%",1189,"No"
"Pithecellobium keyense","2.84%","Yes","3.37%",1006,"No"
"Andropogon bourgaei","7.69%","Yes","3.36%",11,"No"
"Diphysa carthagenensis","2.60%","Yes","3.36%",695,"No"
"Miconia desmantha","3.74%","Yes","3.36%",250,"No"
"Dalbergia glabra","3.06%","Yes","3.36%",1462,"No"
"Ctenitis melanosticta","20.99%","Yes","3.36%",203,"No"
"Zanthoxylum panamense","9.27%","Yes","3.34%",92,"No"
"Dinema polybulbon","2.16%","Yes","3.33%",248,"No"
"Cupania guatemalensis","2.68%","Yes","3.32%",322,"No"
"Ficus turrialbana","4.93%","Yes","3.31%",97,"No"
"Metastelma schlechtendalii","3.53%","Yes","3.31%",787,"No"
"Oncidium sphacelatum","3.40%","Yes","3.30%",932,"No"
"Miconia lundelliana","18.75%","Yes","3.30%",63,"No"
"Achimenes erecta","2.06%","Yes","3.30%",314,"No"
"Werauhia noctiflorens","16.67%","Yes","3.30%",11,"No"
"Metopium brownei","5.74%","Yes","3.30%",1367,"No"
"Sideroxylon americanum","3.59%","Yes","3.29%",467,"No"
"Croton billbergianus","13.64%","Yes","3.28%",498,"No"
"Wimmeria bartlettii","18.63%","Yes","3.27%",193,"No"
"Calea jamaicensis","4.12%","Yes","3.27%",297,"No"
"Roupala glaberrima","2.78%","Yes","3.27%",163,"No"
"Handroanthus guayacan","2.98%","Yes","3.27%",523,"No"
"Fissidens yucatanensis","2.13%","Yes","3.27%",35,"No"
"Miconia oinochrophylla","6.97%","Yes","3.27%",257,"No"
"Chiococca belizensis","8.28%","Yes","3.26%",245,"No"
"Paullinia costaricensis","4.26%","Yes","3.26%",270,"No"
"Morinda royoc","2.93%","Yes","3.25%",2184,"No"
"Sphaeropteris horrida","5.87%","Yes","3.25%",174,"No"
"Pharus vittatus","5.56%","Yes","3.24%",103,"No"
"Arundinella deppeana","2.82%","Yes","3.23%",312,"No"
"Pitcairnia wendlandii","3.23%","Yes","3.22%",66,"No"
"Cosmocalyx spectabilis","4.73%","Yes","3.22%",108,"No"
"Goeppertia micans","3.20%","Yes",,820,
"Escobedia laevis","2.54%","Yes","3.20%",173,"No"
"Miconia secunmexicana","9.41%","Yes","3.20%",299,"No"
"Palicourea pubescens","5.43%","Yes","3.19%",2105,"No"
"Dieffenbachia oerstedii","3.19%","Yes",,689,
"Mollinedia viridiflora","2.40%","Yes","3.19%",874,"No"
"Oestlundia distantiflora","25.00%","Yes","3.18%",17,"No"
"Vitis tiliifolia","3.17%","Yes",,1940,
"Oreopanax nymphaeifolius","66.67%","Yes","3.14%",3,"No"
"Trichostomum portoricense","5.45%","Yes","3.14%",44,"No"
"Casearia tremula","2.41%","Yes","3.14%",880,"No"
"Nephrolepis obtusiloba","3.03%","Yes","3.12%",50,"No"
"Augusta rivalis","10.71%","Yes","3.11%",606,"No"
"Tillandsia streptophylla","22.64%","Yes","3.11%",76,"No"
"Cyperus humilis","5.99%","Yes","3.11%",281,"No"
"Ceratozamia robusta","4.76%","Yes","3.09%",124,"No"
"Stenostomum lucidum","2.26%","Yes","3.09%",144,"No"
"Attalea cohune","23.12%","Yes","3.07%",437,"No"
"Dicranoloma serratum","16.67%","Yes","3.07%",21,"No"
"Macradenia brassavolae","2.44%","Yes","3.07%",33,"No"
"Senna cobanensis","3.47%","Yes","3.07%",425,"No"
"Xyris smalliana","2.12%","Yes","3.06%",519,"No"
"Eugenia aeruginea","22.96%","Yes","3.06%",260,"No"
"Cranichis sylvatica","2.05%","Yes","3.06%",115,"No"
"Gonolobus fraternus","10.51%","Yes","3.05%",299,"No"
"Semialarium mexicanum","2.95%","Yes","3.05%",991,"No"
"Tillandsia orogenes","4.38%","Yes","3.04%",103,"No"
"Orthion subsessile","3.02%","Yes","3.03%",157,"No"
"Piper vaccinum","37.50%","Yes","3.02%",11,"No"
"Brassavola nodosa","2.58%","Yes","3.02%",1773,"No"
"Coccoloba tuerckheimii","5.02%","Yes","3.01%",190,"No"
"Neea psychotrioides","4.75%","Yes","3.01%",1614,"No"
"Rhynchospora divergens","3.19%","Yes","3.00%",351,"No"
"Nectandra rubriflora","5.95%","Yes","2.99%",117,"No"
"Passiflora obovata","20.51%","Yes","2.97%",20,"No"
"Critonia billbergiana","16.00%","Yes","2.97%",58,"No"
"Campylocentrum tyrridion","8.82%","Yes","2.97%",20,"No"
"Sobralia macrantha","5.66%","Yes","2.96%",575,"No"
"Epidendrum glumarum","5.00%","Yes","2.95%",13,"No"
"Phippsiomeles microcarpa","15.79%","Yes","2.95%",173,"No"
"Guettarda foliacea","3.76%","Yes","2.94%",171,"No"
"Cordia diversifolia","8.03%","Yes","2.94%",351,"No"
"Miconia argentea","4.33%","Yes","2.93%",967,"No"
"Rhodospatha wendlandii","3.77%","Yes","2.93%",287,"No"
"Stigmaphyllon retusum","2.22%","Yes","2.92%",365,"No"
"Columnea linearis","3.26%","Yes","2.92%",222,"No"
"Lasianthaea fruticosa","2.04%","Yes","2.91%",1922,"No"
"Citharexylum caudatum","4.95%","Yes","2.90%",1562,"No"
"Damburneya salicifolia","3.47%","Yes","2.89%",2143,"No"
"Smilax ornata","2.84%","Yes","2.89%",109,"No"
"Zamia loddigesii","2.03%","Yes","2.89%",364,"No"
"Erythroxylum confusum","3.59%","Yes","2.89%",256,"No"
"Philodendron aurantiifolium","5.39%","Yes","2.87%",392,"No"
"Vanilla inodora","2.27%","Yes","2.87%",71,"No"
"Guatteria amplifolia","4.01%","Yes","2.85%",1167,"No"
"Hoffmannia huehueteca","8.33%","Yes","2.85%",24,"No"
"Anemia nicaraguensis","20.00%","Yes","2.85%",8,"No"
"Eugenia capuli","5.10%","Yes","2.84%",1216,"No"
"Prestonia longifolia","3.51%","Yes","2.83%",124,"No"
"Tabernaemontana donnell-smithii","5.87%","Yes","2.83%",1540,"No"
"Rhynchospora pusilla","5.33%","Yes","2.82%",358,"No"
"Cynanchum peraffine","2.29%","Yes","2.81%",89,"No"
"Diospyros tetrasperma","3.98%","Yes","2.80%",382,"No"
"Eugenia venezuelensis","8.38%","Yes","2.79%",279,"No"
"Saurauia laevigata","3.64%","Yes","2.79%",128,"No"
"Trophis mexicana","4.89%","Yes","2.78%",869,"No"
"Cupania rufescens","2.21%","Yes","2.78%",256,"No"
"Goniopteris reptans","2.86%","Yes","2.78%",350,"No"
"Maxillaria cobanensis","4.35%","Yes","2.77%",19,"No"
"Spiracantha cornifolia","2.22%","Yes","2.77%",345,"No"
"Mickelia pergamentacea","2.23%","Yes","2.77%",201,"No"
"Phyllanthus compressus","3.15%","Yes","2.75%",105,"No"
"Serjania acuta","10.00%","Yes","2.75%",38,"No"
"Passiflora pittieri","6.13%","Yes","2.75%",119,"No"
"Podocarpus guatemalensis","14.71%","Yes","2.75%",247,"No"
"Lysiloma latisiliquum","2.64%","Yes","2.75%",1852,"No"
"Quercus cortesii","6.01%","Yes","2.74%",264,"No"
"Chrysochlamys nicaraguensis","2.29%","Yes","2.74%",195,"No"
"Stanhopea inodora","22.22%","Yes","2.74%",7,"No"
"Leptolobium panamense","4.85%","Yes","2.74%",382,"No"
"Heliotropium glabrum","2.57%","Yes","2.73%",975,"No"
"Gurania makoyana","2.42%","Yes","2.73%",808,"No"
"Phyllanthus ovatus","2.17%","Yes","2.73%",39,"No"
"Tabernaemontana alba","6.60%","Yes","2.71%",2025,"No"
"Canavalia villosa","2.18%","Yes","2.70%",1569,"No"
"Aristida appressa","5.88%","Yes","2.69%",275,"No"
"Caulerpa verticillata","2.69%","Yes",,769,
"Coulteria cubensis","2.91%","Yes","2.68%",163,"No"
"Maxillaria lineolata","6.04%","Yes","2.67%",124,"No"
"Gymnosphaera salvinii","2.28%","Yes","2.67%",138,"No"
"Rhipiliopsis stri","66.67%","Yes","2.67%",6,"No"
"Coccocypselum herbaceum","5.14%","Yes","2.66%",412,"No"
"Phyllanthus liebmannianus","12.71%","Yes","2.66%",237,"No"
"Pectis bonplandiana","3.70%","Yes","2.64%",124,"No"
"Euphorbia trichotoma","6.12%","Yes","2.64%",50,"No"
"Heliconia aurantiaca","16.24%","Yes","2.63%",107,"No"
"Goniopteris ghiesbrechtii","22.22%","Yes","2.63%",9,"No"
"Miconia monantha","3.05%","Yes","2.61%",105,"No"
"Pleopeltis marginata","12.63%","Yes","2.61%",222,"No"
"Habenaria wercklei","6.06%","Yes","2.60%",28,"No"
"Trichilia breviflora","10.47%","Yes","2.60%",172,"No"
"Bunchosia lindeniana","5.92%","Yes","2.59%",1301,"No"
"Dichanthelium strigosum","3.16%","Yes","2.59%",523,"No"
"Heteropterys brachiata","2.53%","Yes","2.58%",1423,"No"
"Renealmia mexicana","3.46%","Yes","2.57%",464,"No"
"Sideroxylon persimile","2.66%","Yes","2.57%",405,"No"
"Ipomoea anisomeres","2.55%","Yes","2.56%",368,"No"
"Palicourea chiapensis","3.45%","Yes","2.56%",23,"No"
"Hirtella americana","4.28%","Yes","2.54%",808,"No"
"Pombalia sylvicola","37.14%","Yes","2.54%",28,"No"
"Casearia corymbosa","2.25%","Yes","2.53%",2263,"No"
"Phlegmariurus dichaeoides","4.83%","Yes","2.53%",167,"No"
"Ocotea bourgeauviana","4.46%","Yes","2.52%",82,"No"
"Maranta gibba","11.25%","Yes","2.52%",409,"No"
"Cyathea schiedeana","8.30%","Yes","2.52%",372,"No"
"Borrichia arborescens","2.26%","Yes","2.51%",1213,"No"
"Brymela cavifolia","31.25%","Yes","2.50%",10,"No"
"Souroubea gilgii","6.03%","Yes","2.49%",67,"No"
"Piper commutatum","3.50%","Yes","2.49%",203,"No"
"Dalbergia tucurensis","6.77%","Yes","2.48%",142,"No"
"Casearia icosandra","2.54%","Yes","2.48%",1126,"No"
"Piper pseudofuligineum","3.97%","Yes","2.48%",463,"No"
"Exothea paniculata","2.58%","Yes","2.47%",753,"No"
"Calatola uxpanapensis","45.24%","Yes","2.47%",20,"No"
"Rhynchospora chapmanii","2.54%","Yes","2.47%",372,"No"
"Hibiscus trilobus","12.50%","Yes","2.47%",15,"No"
"Spiranthes torta","3.27%","Yes","2.45%",190,"No"
"Elaphoglossum rubescens","2.35%","Yes","2.45%",67,"No"
"Tillandsia excelsa","6.70%","Yes","2.45%",141,"No"
"Russelia sarmentosa","4.14%","Yes","2.45%",1865,"No"
"Philodendron hederaceum","2.44%","Yes",,3168,
"Capsicophysalis potosina","19.05%","Yes","2.43%",19,"No"
"Fleischmannia pratensis","5.42%","Yes","2.43%",364,"No"
"Ateleia gummifera","3.43%","Yes","2.43%",145,"No"
"Udotea looensis","3.17%","Yes","2.43%",47,"No"
"Macairea lasiophylla","4.23%","Yes","2.42%",151,"No"
"Odontonema tubaeforme","2.42%","Yes",,2304,
"Citharexylum hexangulare","3.85%","Yes","2.42%",292,"No"
"Canna tuerckheimii","5.48%","Yes","2.41%",226,"No"
"Mappia multiflora","6.15%","Yes","2.41%",25,"No"
"Guettarda macrocarpa","14.29%","Yes","2.41%",6,"No"
"Megalastrum lunense","3.70%","Yes","2.40%",70,"No"
"Senna undulata","10.00%","Yes","2.40%",427,"No"
"Mucuna argyrophylla","5.70%","Yes","2.38%",349,"No"
"Hoffmannia bullata","4.52%","Yes","2.37%",209,"No"
"Coccoloba hirtella","6.00%","Yes","2.36%",37,"No"
"Hoffmannia ghiesbreghtii","10.77%","Yes","2.36%",111,"No"
"Bernardia dodecandra","9.20%","Yes","2.36%",318,"No"
"Piper numinica","2.86%","Yes","2.36%",10,"No"
"Parapolystichum excultum","7.49%","Yes","2.36%",157,"No"
"Cuphea mimuloides","5.56%","Yes","2.35%",41,"No"
"Pavonia paludicola","6.62%","Yes","2.35%",224,"No"
"Ruehssia mayana","2.70%","Yes","2.34%",24,"No"
"Fischeria scandens","13.07%","Yes","2.34%",180,"No"
"Anthurium interruptum","4.72%","Yes","2.33%",349,"No"
"Desmodium cinereum","3.54%","Yes","2.33%",168,"No"
"Ardisia hintonii","25.00%","Yes","2.33%",29,"No"
"Chamaedorea geonomiformis","8.84%","Yes","2.32%",100,"No"
"Piper schiedeanum","5.35%","Yes","2.32%",469,"No"
"Diphysa macrophylla","3.70%","Yes","2.32%",20,"No"
"Philodendron jacquinii","5.56%","Yes","2.31%",653,"No"
"Tectaria panamensis","6.85%","Yes","2.31%",324,"No"
"Parathesis donnell-smithii","6.17%","Yes","2.30%",367,"No"
"Macrohasseltia macroterantha","2.60%","Yes","2.29%",115,"No"
"Plukenetia penninervia","13.99%","Yes","2.29%",140,"No"
"Adiantum wilsonii","6.49%","Yes","2.28%",177,"No"
"Chamaedorea adscendens","16.67%","Yes","2.28%",14,"No"
"Gyminda tonduzii","2.93%","Yes","2.27%",249,"No"
"Bauhinia dipetala","3.42%","Yes","2.26%",100,"No"
"Strychnos panamensis","3.95%","Yes","2.26%",478,"No"
"Gymnosiphon panamensis","2.26%","Yes",,106,
"Desmodium hirsutum","2.27%","Yes","2.26%",33,"No"
"Croton xalapensis","3.76%","Yes","2.26%",422,"No"
"Begonia thiemei","5.26%","Yes","2.25%",17,"No"
"Ernodea littoralis","2.25%","Yes","2.25%",1165,"No"
"Paspalum microstachyum","2.19%","Yes","2.25%",104,"No"
"Mikania globosa","4.76%","Yes","2.24%",19,"No"
"Pilea glabra","9.71%","Yes","2.24%",110,"No"
"Cnestidium rufescens","4.35%","Yes","2.24%",379,"No"
"Moquilea platypus","3.14%","Yes","2.23%",385,"No"
"Ardisia schippii","82.35%","Yes","2.23%",9,"No"
"Pitcairnia imbricata","8.03%","Yes","2.23%",288,"No"
"Gonolobus salvinii","20.00%","Yes","2.23%",4,"No"
"Amauropelta struthiopteroides","11.11%","Yes","2.23%",16,"No"
"Miconia dentata","2.22%","Yes",,1545,
"Justicia ensiflora","20.00%","Yes","2.20%",19,"No"
"Chamaesaracha cernua","5.56%","Yes","2.19%",27,"No"
"Drypetes lateriflora","2.25%","Yes","2.19%",599,"No"
"Ischaemum latifolium","15.24%","Yes","2.17%",256,"No"
"Catopsis morreniana","3.97%","Yes","2.17%",211,"No"
"Guarea bijuga","7.87%","Yes","2.17%",126,"No"
"Tamonea spicata","8.27%","Yes","2.16%",286,"No"
"Gonzalagunia panamensis","4.18%","Yes","2.16%",521,"No"
"Syngonium macrophyllum","2.42%","Yes","2.15%",324,"No"
"Fissidens santa-clarensis","4.58%","Yes","2.14%",87,"No"
"Trichosalpinx blaisdellii","3.16%","Yes","2.14%",131,"No"
"Machaonia havanensis","10.71%","Yes","2.13%",24,"No"
"Hippobroma longiflora","2.11%","Yes",,4859,
"Peperomia berlandieri","4.22%","Yes","2.11%",401,"No"
"Leucoloma mariei","7.55%","Yes","2.11%",36,"No"
"Anathallis sertularioides","5.19%","Yes","2.11%",68,"No"
"Solenandra mexicana","2.19%","Yes","2.10%",572,"No"
"Cnidoscolus multilobus","2.43%","Yes","2.10%",697,"No"
"Rhynchospora oligantha","4.50%","Yes","2.10%",194,"No"
"Randia cookii","5.00%","Yes","2.09%",51,"No"
"Elachyptera floribunda","8.64%","Yes","2.09%",115,"No"
"Hiraea reclinata","4.71%","Yes","2.09%",470,"No"
"Cassia tagera","9.09%","Yes","2.07%",19,"No"
"Inga sapindoides","2.07%","Yes",,1380,
"Calathea lutea","2.07%","Yes",,1457,
"Amphitecna latifolia","4.07%","Yes","2.07%",598,"No"
"Panicum hirsutum","5.12%","Yes","2.07%",216,"No"
"Stemodia peduncularis","2.26%","Yes","2.07%",120,"No"
"Palicourea elata","2.30%","Yes","2.07%",2569,"No"
"Voyria parasitica","7.95%","Yes","2.06%",339,"No"
"Erithalis fruticosa","3.89%","Yes","2.06%",1280,"No"
"Inga cocleensis","7.64%","Yes","2.06%",188,"No"
"Tetrapterys schiedeana","2.51%","Yes","2.05%",814,"No"
"Philodendron jodavisianum","2.18%","Yes","2.05%",246,"No"
"Tournefortia gnaphalodes","2.05%","Yes",,2583,
"Vitis tiliifolia","3.12%","Yes","2.05%",22,"No"
"Palicourea simiarum","7.65%","Yes","2.05%",244,"No"
"Piper instabilipes","17.65%","Yes","2.04%",12,"No"
"Aristolochia leuconeura","9.75%","Yes","2.04%",199,"No"
"Quercus elliptica","2.09%","Yes","2.04%",874,"No"
"Freziera grisebachii","24.56%","Yes","2.03%",43,"No"
"Pteris mickelii","3.03%","Yes","2.03%",27,"No"
"Sacciolepis myuros","2.03%","Yes",,325,
"Euphorbia ocymoidea","2.61%","Yes","2.03%",406,"No"
"Brunellia mexicana","6.19%","Yes","2.03%",300,"No"
"Iresine nigra","2.40%","Yes","2.03%",342,"No"
"Elaphoglossum decursivum","7.25%","Yes","2.02%",93,"No"
"Miconia fulvostellata","15.71%","Yes","2.02%",105,"No"
"Trachypogon angustifolius","3.03%","Yes","2.02%",27,"No"
"Paspalum pulchellum","15.56%","Yes","2.02%",235,"No"
"Columnea sulfurea","39.13%","Yes","2.01%",58,"No"
"Rhipocephalus oblongus","11.21%","Yes","2.01%",76,"No"
"Pouteria gallifructa","11.67%","Yes","2.00%",43,"No"
"Pteridium caudatum","2.00%","No",,,
"Pleuranthodendron lindenii","2.00%","Yes",,1176,
"Castilla elastica","2.00%","No",,,
"Hydrogonium orientale","2.00%","No",,,
"Trophis racemosa","1.99%","No",,,
"Combretum fruticosum","1.99%","No",,,
"Palicourea acuminata","1.99%","No",,,
"Lycianthes heteroclita","1.99%","No",,,
"Coccoloba acapulcensis","1.99%","No",,,
"Euploca filiformis","1.99%","No",,,
"Bacopa reflexa","1.99%","No",,,
"Prestonia mexicana","1.98%","No",,,
"Compsoneura sprucei","1.98%","No",,,
"Nymphaea conardii","1.98%","No",,,
"Psychotria tenuifolia","1.97%","No",,,
"Zanthoxylum riedelianum","1.97%","No",,,
"Clitoria guianensis","1.97%","No",,,
"Lithachne pauciflora","1.97%","No",,,
"Diplazium werckleanum","1.97%","No",,,
"Muscarella marginata","3.85%","Yes","1.97%",20,"No"
"Guettarda combsii","9.19%","Yes","1.97%",614,"No"
"Biophytum dendroides","13.64%","Yes","1.97%",461,"No"
"Zornia reticulata","1.96%","No",,,
"Titanophycus validus","1.96%","No",,,
"Chamaedorea arenbergiana","1.96%","No",,,
"Strychnos nigricans","1.96%","No",,,
"Laurencia chondrioides","1.96%","No",,,
"Alternanthera truxillensis","1.96%","No",,,
"Melananthus ulei","1.96%","No",,,
"Melananthus guatemalensis","1.96%","No",,,
"Udotea luna","26.39%","Yes","1.95%",44,"No"
"Pireella cymbifolia","2.69%","Yes","1.95%",232,"No"
"Andira inermis","1.95%","No",,,
"Coelothrix irregularis","1.95%","No",,,
"Salacia impressifolia","1.95%","No",,,
"Goniopteris liebmannii","1.95%","No",,,
"Lockhartia hercodonta","3.97%","Yes","1.95%",113,"No"
"Cyathea tuerckheimii","3.61%","Yes","1.95%",209,"No"
"Penicillus lamourouxii","10.26%","Yes","1.95%",225,"No"
"Damburneya colorata","34.62%","Yes","1.94%",20,"No"
"Adiantum tricholepis","3.75%","Yes","1.94%",624,"No"
"Halimeda discoidea","1.94%","No",,,
"Quercus insignis","1.94%","No",,,
"Sigmoidotropis elegans","1.94%","No",,,
"Bromelia hemispherica","1.94%","No",,,
"Paspalum caespitosum","4.65%","Yes","1.94%",268,"No"
"Turnera curassavica","22.22%","Yes","1.93%",39,"No"
"Didymoglossum kraussii","1.93%","No",,,
"Paullinia tomentosa","1.93%","No",,,
"Pilotrichum evanescens","1.93%","No",,,
"Cuspidaria inaequalis","1.93%","No",,,
"Bazzania stolonifera","1.93%","No",,,
"Petrea volubilis","1.92%","No",,,
"Hedyosmum mexicanum","1.92%","No",,,
"Agalinis maritima","1.92%","No",,,
"Cayaponia racemosa","1.92%","No",,,
"Manettia reclinata","1.92%","No",,,
"Dichaea glauca","1.92%","No",,,
"Batophora occidentalis","1.92%","No",,,
"Ficus rensoniana","1.92%","No",,,
"Chamaedorea pittieri","1.92%","No",,,
"Stanhopea ruckeri","1.92%","No",,,
"Physostemon stenophyllus","1.92%","No",,,
"Kurzia flagellifera","1.92%","No",,,
"Tectaria subebenea","1.92%","No",,,
"Selaginella hoffmannii","2.94%","Yes","1.92%",297,"No"
"Mascagnia vacciniifolia","3.31%","Yes","1.91%",109,"No"
"Scleria distans","1.91%","No",,,
"Cissus microcarpa","1.91%","No",,,
"Lasiacis procerrima","1.91%","No",,,
"Clerodendrum quadriloculare","1.91%","No",,,
"Berrya cubensis","1.91%","No",,,
"Hirtella triandra","1.90%","No",,,
"Riccia membranacea","1.90%","No",,,
"Peperomia naranjoana","4.00%","Yes","1.90%",29,"No"
"Stylosanthes ingrata","66.67%","Yes","1.90%",3,"No"
"Lysiloma auritum","3.64%","Yes","1.90%",302,"No"
"Cordia dodecandra","1.89%","No",,,
"Saurauia yasicae","1.89%","No",,,
"Orthostichidium pentastichum","1.89%","No",,,
"Caulerpa nummularia","1.89%","No",,,
"Tephrosia rhodantha","1.89%","No",,,
"Utricularia guyanensis","1.89%","No",,,
"Gongora truncata","1.89%","No",,,
"Neea stenophylla","1.89%","No",,,
"Calypogeia lechleri","1.89%","No",,,
"Peperomia tuisana","1.89%","No",,,
"Persea longipes","7.69%","Yes","1.89%",58,"No"
"Lippia stoechadifolia","3.31%","Yes","1.88%",597,"No"
"Pleopeltis lindeniana","1.88%","No",,,
"Adiantum decoratum","2.93%","Yes","1.88%",144,"No"
"Adonidia merrillii","1.87%","No",,,
"Cuphea appendiculata","1.87%","No",,,
"Agarista mexicana","1.87%","No",,,
"Machaerium seemannii","2.57%","Yes","1.87%",371,"No"
"Ceramium nitens","5.64%","Yes","1.87%",430,"No"
"Mandevilla subsagittata","3.75%","Yes","1.86%",1656,"No"
"Callicarpa acuminata","1.86%","No",,,
"Vachellia cornigera","1.86%","No",,,
"Corchorus siliquosus","1.86%","No",,,
"Carex polystachya","1.86%","No",,,
"Peperomia deppeana","1.86%","No",,,
"Blakea watsonii","1.86%","No",,,
"Cissus cacuminis","1.86%","No",,,
"Platymiscium yucatanum","2.51%","Yes","1.86%",174,"No"
"Miconia schlimii","5.57%","Yes","1.85%",339,"No"
"Miconia xalapensis","1.85%","No",,,
"Lobelia xalapensis","1.85%","No",,,
"Rhynchospora filifolia","1.85%","No",,,
"Psittacanthus rhynchanthus","1.85%","No",,,
"Paspalum laxum","1.85%","No",,,
"Adenocalymma apurense","1.85%","No",,,
"Rhynchospora pedersenii","1.85%","No",,,
"Chysis laevis","1.85%","No",,,
"Cupania mollis","1.85%","No",,,
"Goniopteris paucipinnata","10.61%","Yes","1.85%",46,"No"
"Eugenia biflora","1.84%","No",,,
"Heliconia mariae","1.84%","No",,,
"Isodrepanium lentulum","1.84%","No",,,
"Octoblepharum cylindricum","1.84%","No",,,
"Mickelia hemiotis","5.83%","Yes","1.84%",71,"No"
"Vailia anomala","3.85%","Yes","1.83%",1230,"No"
"Amanoa guianensis","1.83%","No",,,
"Clusia salvinii","1.83%","No",,,
"Hyophiladelphus agrarius","1.83%","No",,,
"Peperomia angustata","1.83%","No",,,
"Radula flaccida","1.83%","No",,,
"Rhynchospora trispicata","1.83%","No",,,
"Ouratea nitida","13.27%","Yes","1.82%",406,"No"
"Dalechampia cissifolia","4.12%","Yes","1.82%",277,"No"
"Melanthera nivea","1.82%","No",,,
"Hirtella racemosa","1.82%","No",,,
"Damburneya coriacea","1.82%","No",,,
"Begonia heracleifolia","1.82%","No",,,
"Erigeron laevigatus","1.82%","No",,,
"Scleria macrophylla","1.82%","No",,,
"Amyris balsamifera","1.82%","No",,,
"Pilotrichella mauiensis","1.82%","No",,,
"Linum guatemalense","1.82%","No",,,
"Triumfetta discolor","1.82%","No",,,
"Sideroxylon foetidissimum","2.25%","Yes","1.82%",840,"No"
"Penicillus dumetosus","5.78%","Yes","1.82%",453,"No"
"Hoffmannia wilsonii","9.09%","Yes","1.81%",17,"No"
"Caperonia castaneifolia","1.81%","No",,,
"Scleria microcarpa","1.81%","No",,,
"Xyris elliottii","1.81%","No",,,
"Asplenium pumilum","1.81%","No",,,
"Securidaca sylvestris","1.81%","No",,,
"Lockhartia parthenoglossa","8.33%","Yes","1.81%",43,"No"
"Leucobryum polakowskyi","5.23%","Yes","1.81%",234,"No"
"Myriopus maculatus","1.80%","No",,,
"Triumfetta speciosa","1.80%","No",,,
"Cupania juglandifolia","1.80%","No",,,
"Sauvagesia erecta","1.79%","No",,,
"Combretum laxum","1.79%","No",,,
"Elaphoglossum latifolium","1.79%","No",,,
"Ocotea oblonga","1.79%","No",,,
"Terpsichore asplenifolia","1.79%","No",,,
"Funastrum bilobum","1.79%","No",,,
"Macroptilium gracile","1.79%","No",,,
"Plagiochila distinctifolia","1.79%","No",,,
"Monstera egregia","1.79%","No",,,
"Ficus cahuitensis","1.79%","No",,,
"Russelia sonorensis","1.79%","No",,,
"Caulerpa nummularia","1.79%","No",,,
"Ixora nicaraguensis","4.50%","Yes","1.79%",109,"No"
"Maxillaria cucullata","2.31%","Yes","1.78%",471,"No"
"Scleria latifolia","1.78%","No",,,
"Nissolia brasiliensis","1.78%","No",,,
"Marattia excavata","1.78%","No",,,
"Forsteronia myriantha","3.90%","Yes","1.77%",203,"No"
"Pithecellobium lanceolatum","1.77%","No",,,
"Polybotrya osmundacea","1.77%","No",,,
"Leucobryum antillarum","1.77%","No",,,
"Lundia puberula","1.77%","No",,,
"Oncidium cheirophorum","1.77%","No",,,
"Halophila engelmannii","1.77%","No",,,
"Leucotrichum mitchelliae","7.79%","Yes","1.77%",60,"No"
"Rhynchospora mexicana","5.13%","Yes","1.77%",34,"No"
"Connarus lambertii","5.48%","Yes","1.76%",273,"No"
"Alpinia purpurata","1.76%","No",,,
"Schizolobium parahyba","1.76%","No",,,
"Stemodia maritima","1.76%","No",,,
"Eleocharis retroflexa","1.76%","No",,,
"Specklinia grobyi","1.76%","No",,,
"Wrangelia bicuspidata","1.76%","No",,,
"Schultesia lisianthoides","4.40%","Yes","1.75%",294,"No"
"Mansoa hymenaea","1.75%","No",,,
"Costus pictus","1.75%","No",,,
"Manilkara chicle","1.75%","No",,,
"Lycaste aromatica","1.75%","No",,,
"Dictyosphaeria ocellata","1.75%","No",,,
"Tillandsia standleyi","1.75%","No",,,
"Laetia thamnia","1.75%","No",,,
"Thevetia ahouai","6.93%","Yes","1.74%",1969,"No"
"Miconia albicans","1.74%","No",,,
"Lacistema aggregatum","1.74%","No",,,
"Byttneria aculeata","1.74%","No",,,
"Sabicea panamensis","1.74%","No",,,
"Struthanthus interruptus","1.74%","No",,,
"Krameria ixine","1.74%","No",,,
"Frullanoides corticalis","1.74%","No",,,
"Lasiacis rugelii","6.10%","Yes","1.73%",426,"No"
"Sida linifolia","1.73%","No",,,
"Rhynchospora contracta","1.73%","No",,,
"Orthostichella pachygastrella","1.73%","No",,,
"Adiantum variopinnatum","4.35%","Yes","1.72%",16,"No"
"Miconia dodecandra","1.72%","No",,,
"Galaxaura rugosa","1.72%","No",,,
"Rhynchospora globosa","1.72%","No",,,
"Ocellochloa stolonifera","1.72%","No",,,
"Polyphlebium capillaceum","1.72%","No",,,
"Crotalaria cajanifolia","1.72%","No",,,
"Pleurothallis cardiothallis","1.72%","No",,,
"Utricularia hydrocarpa","1.72%","No",,,
"Prionolejeunea aemula","1.72%","No",,,
"Chondria curvilineata","1.72%","No",,,
"Notylia trisepala","1.72%","No",,,
"Goniopteris pellita","1.72%","No",,,
"Prosthechea baculus","4.63%","Yes","1.72%",175,"No"
"Valonia ventricosa","1.71%","No",,,
"Myriocarpa longipes","1.71%","No",,,
"Eragrostis rufescens","1.71%","No",,,
"Groutiella apiculata","1.71%","No",,,
"Mikania tonduzii","1.71%","No",,,
"Mniomalia viridis","1.71%","No",,,
"Cyperus planifolius","3.70%","Yes","1.71%",553,"No"
"Asplenium heterochroum","3.98%","Yes","1.71%",147,"No"
"Albizia adinocephala","2.33%","Yes","1.70%",360,"No"
"Cupania scrobiculata","1.70%","No",,,
"Chamaecrista hispidula","1.70%","No",,,
"Pseudocryphaea domingensis","1.70%","No",,,
"Campyloneurum costatum","1.70%","No",,,
"Maripa nicaraguensis","4.11%","Yes","1.70%",504,"No"
"Hamelia calycosa","12.86%","Yes","1.70%",212,"No"
"Lasiacis scabrior","3.44%","Yes","1.70%",252,"No"
"Liagora pinnata","22.00%","Yes","1.69%",58,"No"
"Inga punctata","1.69%","No",,,
"Psychotria horizontalis","1.69%","No",,,
"Leucoloma serrulatum","1.69%","No",,,
"Clusia stenophylla","1.69%","No",,,
"Unonopsis pittieri","1.69%","No",,,
"Fissidens scariosus","1.69%","No",,,
"Ficus crassiuscula","1.69%","No",,,
"Selaginella eurynota","1.69%","No",,,
"Campylocentrum poeppigii","1.69%","No",,,
"Aphelandra scabra","3.19%","Yes","1.69%",3282,"No"
"Meristotheca echinocarpa","2.86%","Yes","1.68%",30,"No"
"Cestrum nocturnum","1.68%","No",,,
"Condea verticillata","1.68%","No",,,
"Nymphoides humboldtiana","1.68%","No",,,
"Eumachia microdon","1.68%","No",,,
"Ficus schippii","1.68%","No",,,
"Micropholis melinoniana","1.68%","No",,,
"Diplazium riedelianum","1.68%","No",,,
"Eriosema crinitum","33.33%","Yes","1.67%",20,"No"
"Machaerium conzattii","33.33%","Yes","1.67%",3,"No"
"Byrsonima crassifolia","1.67%","No",,,
"Megaskepasma erythrochlamys","1.67%","No",,,
"Lasiacis divaricata","1.67%","No",,,
"Bulbostylis paradoxa","1.67%","No",,,
"Sageretia elegans","1.67%","No",,,
"Pilea hyalina","1.67%","No",,,
"Salvia urica","1.67%","No",,,
"Cryptarrhena guatemalensis","1.67%","No",,,
"Zornia burkartii","1.67%","No",,,
"Thouinia canescens","1.67%","No",,,
"Dictyosphaeria cavernosa","1.66%","No",,,
"Calyptrocarya glomerulata","1.66%","No",,,
"Miconia trichocalyx","1.66%","No",,,
"Dichotomaria obtusata","1.66%","No",,,
"Ichnanthus nemoralis","1.66%","No",,,
"Xyris baldwiniana","1.66%","No",,,
"Fissidens radicans","1.66%","No",,,
"Bulbostylis tenuifolia","1.66%","No",,,
"Hymenophyllum sieberi","4.82%","Yes","1.66%",106,"No"
"Turnera diffusa","11.21%","Yes","1.66%",194,"No"
"Rhynchospora intermixta","6.98%","Yes","1.66%",30,"No"
"Calathea crotalifera","1.65%","No",,,
"Mucura bipinnata","1.65%","No",,,
"Habenaria trifida","1.65%","No",,,
"Ocotea effusa","1.65%","No",,,
"Sloanea petenensis","1.65%","No",,,
"Selaginella pulcherrima","1.65%","No",,,
"Heliconia rostrata","1.64%","No",,,
"Doliocarpus dentatus","1.64%","No",,,
"Ichnanthus nemorosus","1.64%","No",,,
"Dioscorea mexicana","1.64%","No",,,
"Pseudolycopodiella meridionalis","1.64%","No",,,
"Arundinella deppeana","1.64%","No",,,
"Mendoncia retusa","1.64%","No",,,
"Prunus lundelliana","1.64%","No",,,
"Eugenia coloradoensis","1.64%","No",,,
"Peperomia san-felipensis","40.91%","Yes","1.63%",18,"No"
"Diospyros nigra","1.63%","No",,,
"Werauhia gladioliflora","1.63%","No",,,
"Ipomoea squamosa","1.63%","No",,,
"Quararibea yunckeri","1.63%","No",,,
"Isopterygium subbrevisetum","1.63%","No",,,
"Exothea diphylla","1.63%","No",,,
"Avrainvillea digitata","14.29%","Yes","1.63%",30,"No"
"Roupala plinervia","16.67%","Yes","1.62%",10,"No"
"Abrodictyum rigidum","1.62%","No",,,
"Lepidopilum scabrisetum","1.62%","No",,,
"Reinhardtia gracilis","1.62%","No",,,
"Koanophyllon solidaginoides","1.62%","No",,,
"Henriettea cuneata","1.62%","No",,,
"Solandra longiflora","1.62%","No",,,
"Elleanthus cordidactylus","4.00%","Yes","1.62%",22,"No"
"Faramea occidentalis","1.61%","No",,,
"Erycina pusilla","1.61%","No",,,
"Lonchitis hirsuta","1.61%","No",,,
"Xyris paraensis","1.61%","No",,,
"Miconia virescens","1.61%","No",,,
"Schlotheimia angustata","1.61%","No",,,
"Stelis oxypetala","1.61%","No",,,
"Solanum campechiense","3.05%","Yes","1.61%",481,"No"
"Miconia cephaloides","10.11%","Yes","1.60%",195,"No"
"Combretum cacoucia","4.69%","Yes","1.60%",204,"No"
"Montrichardia arborescens","1.60%","No",,,
"Scleria secans","1.60%","No",,,
"Lagenocarpus guianensis","1.60%","No",,,
"Ionopsis satyrioides","1.60%","No",,,
"Udotea unistratea","39.13%","Yes","1.59%",29,"No"
"Cyperus megalanthus","6.12%","Yes","1.59%",34,"No"
"Miconia punctata","1.59%","No",,,
"Macromitrium punctatum","1.59%","No",,,
"Ipomoea ramosissima","1.59%","No",,,
"Neea amplifolia","1.59%","No",,,
"Rugoloa hylaeica","1.59%","No",,,
"Anthurium crassinervium","1.59%","No",,,
"Acalypha polystachya","1.59%","No",,,
"Maxillaria fulgens","1.59%","No",,,
"Vanilla odorata","1.59%","No",,,
"Matelea belizensis","1.59%","No",,,
"Hibiscus lavateroides","1.59%","No",,,
"Struthanthus orbicularis","3.92%","Yes","1.59%",722,"No"
"Heliconia latispatha","1.58%","No",,,
"Tillandsia schiedeana","1.58%","No",,,
"Calea urticifolia","1.58%","No",,,
"Dalbergia brownei","1.58%","No",,,
"Aristida torta","1.58%","No",,,
"Anemia hirta","1.58%","No",,,
"Coussarea impetiolaris","1.58%","No",,,
"Pecluma atra","1.58%","No",,,
"Satyria meiantha","1.58%","No",,,
"Maxillaria aciantha","2.59%","Yes","1.57%",155,"No"
"Hamelia patens","1.57%","No",,,
"Caulerpa sertularioides","1.57%","No",,,
"Euphorbia tithymaloides","1.57%","No",,,
"Sicydium tamnifolium","1.57%","No",,,
"Byttneria catalpifolia","1.57%","No",,,
"Miconia cooperi","1.57%","No",,,
"Polygala tenella","1.57%","No",,,
"Aspidosperma desmanthum","1.57%","No",,,
"Frullania nodulosa","1.57%","No",,,
"Ochtodes secundiramea","1.57%","No",,,
"Ipomoea clavata","1.57%","No",,,
"Utricularia laciniata","1.57%","No",,,
"Coleataenia caricoides","1.57%","No",,,
"Encyclia belizensis","17.24%","Yes","1.57%",71,"No"
"Anemia adiantifolia","3.37%","Yes","1.57%",2094,"No"
"Spondias radlkoferi","2.36%","Yes","1.56%",2001,"No"
"Fridericia schumanniana","5.35%","Yes","1.56%",453,"No"
"Chrysobalanus icaco","1.56%","No",,,
"Stigmaphyllon ellipticum","1.56%","No",,,
"Lippia myriocephala","1.56%","No",,,
"Batophora oerstedi","1.56%","No",,,
"Machaerium chiapense","1.56%","No",,,
"Phlegmariurus pithyoides","1.56%","No",,,
"Lepanthes turialvae","1.56%","No",,,
"Hoya pubicalyx","1.56%","No",,,
"Passiflora itzensis","2.44%","Yes","1.56%",34,"No"
"Stelis cobanensis","3.51%","Yes","1.55%",49,"No"
"Asplenium lamprocaulon","5.88%","Yes","1.55%",15,"No"
"Piper prodigum","90.00%","Yes","1.55%",10,"No"
"Cosmos caudatus","1.55%","No",,,
"Bryopteris filicina","1.55%","No",,,
"Goniopteris poiteana","1.55%","No",,,
"Mimosa affinis","1.55%","No",,,
"Symphyotrichum bullatum","1.55%","No",,,
"Erythroxylum rotundifolium","3.39%","Yes","1.54%",841,"No"
"Lasiacis oaxacensis","2.80%","Yes","1.54%",90,"No"
"Piper peltatum","1.54%","No",,,
"Schwenckia americana","1.54%","No",,,
"Ficus apollinaris","1.54%","No",,,
"Notylia barkeri","1.54%","No",,,
"Phyllanthus brasiliensis","1.54%","No",,,
"Robinsonella lindeniana","1.54%","No",,,
"Lomariopsis kunzeana","1.54%","No",,,
"Pseudolycopodiella paradoxa","1.54%","No",,,
"Hypoxis humilis","5.41%","Yes","1.54%",78,"No"
"Lindsaea subalata","8.97%","Yes","1.53%",65,"No"
"Varronia spinescens","1.53%","No",,,
"Urera simplex","1.53%","No",,,
"Spermacoce prostrata","1.53%","No",,,
"Notopleura parasitica","1.53%","No",,,
"Cynometra retusa","1.53%","No",,,
"Coleataenia stenodes","1.53%","No",,,
"Dichanthelium chamaelonche","1.53%","No",,,
"Peperomia hoffmannii","1.53%","No",,,
"Ceratolejeunea fallax","1.53%","No",,,
"Piper chinantlense","4.00%","Yes","1.53%",54,"No"
"Xylosma oligandra","2.68%","Yes","1.53%",198,"No"
"Rhynchostegiopsis flexuosa","5.38%","Yes","1.52%",358,"No"
"Euphorbia lasiocarpa","1.52%","No",,,
"Tectaria rivalis","1.52%","No",,,
"Amauropelta cruciata","1.52%","No",,,
"Boehmeria brevirostris","1.52%","No",,,
"Callisia gentlei","1.52%","No",,,
"Terminalia molinetii","4.03%","Yes","1.52%",210,"No"
"Palicourea brachiata","3.83%","Yes","1.51%",699,"No"
"Chromolaena lundellii","2.35%","Yes","1.51%",72,"No"
"Dendropanax arboreus","1.51%","No",,,
"Palicourea violacea","1.51%","No",,,
"Justicia spicigera","1.51%","No",,,
"Cochranella pilosa","1.51%","No",,,
"Erythroxylum areolatum","1.51%","No",,,
"Rhipocephalus phoenix","15.64%","Yes","1.51%",482,"No"
"Simarouba glauca","2.27%","Yes","1.51%",1263,"No"
"Souroubea sympetala","3.41%","Yes","1.50%",300,"No"
"Hydrolea spinosa","1.50%","No",,,
"Palicourea deflexa","1.50%","No",,,
"Syrrhopodon prolifer","1.50%","No",,,
"Pachyrhizus erosus","1.50%","No",,,
"Fissidens flaccidus","1.50%","No",,,
"Miconia reducens","1.50%","No",,,
"Spathiphyllum phryniifolium","1.50%","No",,,
"Mikania vitifolia","1.50%","No",,,
"Calopogonium galactioides","1.50%","No",,,
"Hoffmannia regalis","1.50%","No",,,
"Syngonium standleyanum","16.67%","Yes","1.50%",16,"No"
"Epidendrum isomerum","2.95%","Yes","1.49%",247,"No"
"Microgramma percussa","1.49%","No",,,
"Hippocratea volubilis","1.49%","No",,,
"Chamaecrista flexuosa","1.49%","No",,,
"Solanum jamaicense","1.49%","No",,,
"Bertiera guianensis","1.49%","No",,,
"Utricularia resupinata","1.49%","No",,,
"Campylocentrum micranthum","1.49%","No",,,
"Aristolochia odoratissima","1.49%","No",,,
"Pecluma dispersa","1.49%","No",,,
"Avrainvillea mazei","1.49%","No",,,
"Epidendrum nitens","1.49%","No",,,
"Spermacoce tenuior","8.33%","Yes","1.49%",10,"No"
"Alsophila firma","3.33%","Yes","1.48%",492,"No"
"Mimosa somnians","1.48%","No",,,
"Phyllanthus acuminatus","1.48%","No",,,
"Thuidium tomentosum","1.48%","No",,,
"Miconia laevigata","1.48%","No",,,
"Croton reflexifolius","1.48%","No",,,
"Epiphyllum hookeri","1.48%","No",,,
"Selaginella sertata","3.30%","Yes","1.48%",387,"No"
"Brachymenium wrightii","14.63%","Yes","1.48%",29,"No"
"Rhynchosia longiracemosa","7.14%","Yes","1.47%",40,"No"
"Schistocarpha eupatorioides","4.00%","Yes","1.47%",745,"No"
"Xylosma characantha","2.44%","Yes","1.47%",105,"No"
"Tillandsia leiboldiana","1.47%","No",,,
"Onoseris onoseroides","1.47%","No",,,
"Terminalia bucidoides","1.47%","No",,,
"Trema integerrimum","1.47%","No",,,
"Tradescantia spathacea","1.46%","No",,,
"Fimbristylis spadicea","1.46%","No",,,
"Danaea nodosa","1.46%","No",,,
"Commelina rufipes","1.46%","No",,,
"Panicum trichanthum","1.46%","No",,,
"Mesosphaerum urticoides","1.46%","No",,,
"Jacquemontia sphaerostigma","1.46%","No",,,
"Scleria lacustris","1.46%","No",,,
"Scaphyglottis longicaulis","1.46%","No",,,
"Goniopteris biolleyi","1.46%","No",,,
"Maxillaria hedwigiae","1.46%","No",,,
"Pitcairnia punicea","2.65%","Yes","1.46%",110,"No"
"Eustachys petraea","1.45%","No",,,
"Maxillaria variabilis","1.45%","No",,,
"Mucuna holtonii","1.45%","No",,,
"Piper biseriatum","1.45%","No",,,
"Peperomia hirta","1.45%","No",,,
"Bonellia albiflora","1.45%","No",,,
"Buchnera pusilla","4.71%","Yes","1.45%",864,"No"
"Trimezia variegata","2.30%","Yes","1.45%",365,"No"
"Chromolaena glaberrima","2.84%","Yes","1.45%",281,"No"
"Polybotrya polybotryoides","8.02%","Yes","1.44%",223,"No"
"Acalypha diversifolia","1.44%","No",,,
"Hymenophyllum hirsutum","1.44%","No",,,
"Valeriana scandens","1.44%","No",,,
"Aspidosperma spruceanum","1.44%","No",,,
"Myrcia neopallens","1.44%","No",,,
"Panicum hirtum","1.44%","No",,,
"Elaphoglossum glaucum","1.44%","No",,,
"Scutellaria longifolia","1.44%","No",,,
"Yucca lacandonica","3.77%","Yes","1.44%",45,"No"
"Piper sanctum","2.70%","Yes","1.43%",32,"No"
"Melochia spicata","1.43%","No",,,
"Aristida purpurascens","1.43%","No",,,
"Acalypha hispida","1.43%","No",,,
"Phyllanthus stipulatus","1.43%","No",,,
"Campylopus arctocarpus","1.43%","No",,,
"Saccoloma elegans","1.43%","No",,,
"Musa ornata","1.43%","No",,,
"Meristotheca gelidium","1.43%","No",,,
"Glossostipula concinna","1.43%","No",,,
"Piper melanocladum","1.43%","No",,,
"Asplenium monodon","1.43%","No",,,
"Maxillaria elatior","1.43%","No",,,
"Epidendrum coriifolium","1.43%","No",,,
"Calypogeia subintegra","1.43%","No",,,
"Spermacoce tenuior","1.42%","No",,,
"Cirsium mexicanum","1.42%","No",,,
"Microlejeunea bullata","1.42%","No",,,
"Eucheumatopsis isiformis","2.01%","Yes","1.42%",429,"No"
"Platystele minimiflora","3.23%","Yes","1.42%",25,"No"
"Lithophyllum congestum","11.76%","Yes","1.41%",9,"No"
"Miconia insularis","13.79%","Yes","1.41%",63,"No"
"Halimeda opuntia","1.41%","No",,,
"Margaritaria nobilis","1.41%","No",,,
"Ocimum campechianum","1.41%","No",,,
"Amauropelta resinifera","1.41%","No",,,
"Acalypha setosa","1.41%","No",,,
"Ficus donnell-smithii","1.41%","No",,,
"Heliotropium petiolare","1.41%","No",,,
"Caulerpa ambigua","1.41%","No",,,
"Eleocharis pachystyla","1.41%","No",,,
"Piper patulum","1.41%","No",,,
"Alpinia vittata","1.41%","No",,,
"Meniscium falcatum","3.09%","Yes","1.40%",295,"No"
"Bauhinia divaricata","2.32%","Yes","1.40%",3434,"No"
"Rhynchospora watsonii","6.25%","Yes","1.40%",190,"No"
"Acalypha alopecuroidea","1.40%","No",,,
"Tillandsia multicaulis","1.40%","No",,,
"Chiococca pachyphylla","1.40%","No",,,
"Protium glabrum","1.40%","No",,,
"Panicum aquaticum","1.40%","No",,,
"Licaria campechiana","1.40%","No",,,
"Flahaultia tegetiformans","3.70%","Yes","1.40%",34,"No"
"Piper amalago","1.39%","No",,,
"Alibertia edulis","1.39%","No",,,
"Acalypha macrostachya","1.39%","No",,,
"Hibiscus archeri","1.39%","No",,,
"Jacquemontia pentanthos","1.39%","No",,,
"Cassia grandis","1.39%","No",,,
"Paspalum decumbens","1.39%","No",,,
"Uncaria tomentosa","1.39%","No",,,
"Mimosa ervendbergii","1.39%","No",,,
"Smilax aristolochiifolia","1.39%","No",,,
"Neomillspaughia paniculata","1.39%","No",,,
"Bromelia alsodes","1.39%","No",,,
"Thrinax parviflora","1.39%","No",,,
"Lepanthes johnsonii","5.56%","Yes","1.39%",14,"No"
"Anthurium bakeri","6.14%","Yes","1.39%",738,"No"
"Sisyrinchium tinctorium","3.60%","Yes","1.39%",335,"No"
"Ocotea leptobotra","1.38%","No",,,
"Securidaca diversifolia","1.38%","No",,,
"Eleocharis mutata","1.38%","No",,,
"Psiguria warscewiczii","1.38%","No",,,
"Tillandsia limbata","1.38%","No",,,
"Passiflora ambigua","1.38%","No",,,
"Polystachya masayensis","1.38%","No",,,
"Rochefortia spinosa","1.38%","No",,,
"Gloiocallis dendroidea","1.38%","No",,,
"Cyclopogon plantagineus","11.11%","Yes","1.38%",7,"No"
"Asterella lateralis","2.08%","Yes","1.37%",41,"No"
"Peperomia petrophila","12.22%","Yes","1.37%",67,"No"
"Phoradendron piperoides","1.37%","No",,,
"Fridericia patellifera","1.37%","No",,,
"Daltonia marginata","1.37%","No",,,
"Asemeia hondurana","1.37%","No",,,
"Turnera panamensis","1.37%","No",,,
"Miconia gracilis","2.89%","Yes","1.36%",588,"No"
"Swartzia standleyi","5.71%","Yes","1.36%",27,"No"
"Desmodium axillare","1.36%","No",,,
"Satyria warszewiczii","1.36%","No",,,
"Ossaea micrantha","1.36%","No",,,
"Piper fraguanum","2.35%","Yes","1.35%",72,"No"
"Lithoporella atlantica","3.45%","Yes","1.35%",24,"No"
"Serjania mexicana","6.09%","Yes","1.35%",752,"No"
"Dialium guianense","1.35%","No",,,
"Piper tuberculatum","1.35%","No",,,
"Tricleocarpa cylindrica","1.35%","No",,,
"Solanum candidum","1.35%","No",,,
"Cestrum racemosum","2.08%","Yes","1.35%",748,"No"
"Rhynchospora hirsuta","3.78%","Yes","1.35%",261,"No"
"Tetracera hydrophila","5.15%","Yes","1.35%",90,"No"
"Sisyrinchium subcernuum","23.08%","Yes","1.34%",11,"No"
"Eugenia choapamensis","2.35%","Yes","1.34%",54,"No"
"Paspalum millegranum","13.27%","Yes","1.34%",82,"No"
"Ficus obtusifolia","1.34%","No",,,
"Miconia ibaguensis","1.34%","No",,,
"Palicourea gracilenta","1.34%","No",,,
"Smallanthus maculatus","1.34%","No",,,
"Ionopsis utricularioides","1.34%","No",,,
"Caulerpa webbiana","1.34%","No",,,
"Heliotropium angustiflorum","1.34%","No",,,
"Gymnanthes belizensis","85.71%","Yes","1.34%",6,"No"
"Udotea occidentalis","15.18%","Yes","1.34%",75,"No"
"Piscidia piscipula","1.33%","No",,,
"Eragrostis maypurensis","1.33%","No",,,
"Bignonia diversifolia","1.33%","No",,,
"Odontadenia semidigyna","1.33%","No",,,
"Fridericia floribunda","1.33%","No",,,
"Calyptrion arboreum","1.33%","No",,,
"Fissidens weirii","1.33%","No",,,
"Odontocarya tamoides","1.33%","No",,,
"Amyris sylvatica","1.33%","No",,,
"Paspalum ligulare","1.33%","No",,,
"Maxillaria pulchra","1.33%","No",,,
"Sideroxylon rotundifolium","1.33%","No",,,
"Trophis cuspidata","1.33%","No",,,
"Cololejeunea contractiloba","1.33%","No",,,
"Eriopsis biloba","1.33%","No",,,
"Ageratum tomentosum","1.33%","No",,,
"Tetracera volubilis","7.15%","Yes","1.33%",740,"No"
"Prosthechea neurosa","3.23%","Yes","1.32%",22,"No"
"Caulerpa racemosa","1.32%","No",,,
"Callisia serrulata","1.32%","No",,,
"Dicliptera sexangularis","1.32%","No",,,
"Rhodobryum beyrichianum","1.32%","No",,,
"Lycianthes multiflora","1.32%","No",,,
"Ficus trigonata","1.32%","No",,,
"Doliocarpus multiflorus","1.32%","No",,,
"Steiropteris glandulosa","1.32%","No",,,
"Diplasiolejeunea unidentata","1.32%","No",,,
"Dendroceros crispatus","1.32%","No",,,
"Malaxis lepidota","1.32%","No",,,
"Davilla aspera","1.32%","No",,,
"Eugenia rufidula","57.14%","Yes","1.32%",3,"No"
"Dichanthelium longiligulatum","9.70%","Yes","1.32%",270,"No"
"Goeppertia inocephala","3.85%","Yes","1.31%",372,"No"
"Avrainvillea asarifolia","19.53%","Yes","1.31%",135,"No"
"Inga vera","1.31%","No",,,
"Desmanthus virgatus","1.31%","No",,,
"Gynerium sagittatum","1.31%","No",,,
"Campylopus surinamensis","1.31%","No",,,
"Dianthera candelariae","1.31%","No",,,
"Codium geppiorum","1.31%","No",,,
"Acianthera hondurensis","6.45%","Yes","1.31%",26,"No"
"Paspalum corcovadense","4.57%","Yes","1.31%",231,"No"
"Bonellia macrocarpa","1.30%","No",,,
"Myrsine floridana","1.30%","No",,,
"Gymnanthes lucida","1.30%","No",,,
"Machaonia erythrocarpa","1.30%","No",,,
"Ornithocephalus bicornis","1.30%","No",,,
"Piper elasmophyllum","1.30%","No",,,
"Saccoloma galeottii","1.30%","No",,,
"Ilex guianensis","22.68%","Yes","1.30%",383,"No"
"Acisanthera quadrata","5.30%","Yes","1.30%",104,"No"
"Anadyomene pavonina","2.15%","Yes","1.30%",33,"No"
"Guarianthe bowringiana","41.86%","Yes","1.29%",34,"No"
"Alvaradoa amorphoides","1.29%","No",,,
"Crotalaria verrucosa","1.29%","No",,,
"Ocotea macrophylla","1.29%","No",,,
"Cascabela gaumeri","1.29%","No",,,
"Paspalum fimbriatum","1.29%","No",,,
"Paspalum clavuliferum","1.29%","No",,,
"Dudresnaya crassa","1.29%","No",,,
"Nemaconia striata","6.81%","Yes","1.29%",192,"No"
"Cyperus tibialis","4.71%","Yes","1.29%",120,"No"
"Lemeltonia monadelpha","4.92%","Yes","1.28%",532,"No"
"Eriosema crinitum","1.28%","No",,,
"Dianthera pectoralis","1.28%","No",,,
"Cavendishia laurifolia","1.28%","No",,,
"Tillandsia chlorophylla","1.28%","No",,,
"Isochilus alatus","1.28%","No",,,
"Iresine flavescens","1.28%","No",,,
"Vachellia chiapensis","1.28%","No",,,
"Geonoma pinnatifrons","3.95%","Yes","1.28%",346,"No"
"Crassiphycus corneus","3.41%","Yes","1.27%",290,"No"
"Distimake tuberosus","1.27%","No",,,
"Hexasepalum sarmentosum","1.27%","No",,,
"Scleria lithosperma","1.27%","No",,,
"Columnea purpurata","1.27%","No",,,
"Cyclodictyon varians","1.27%","No",,,
"Aristolochia pentandra","1.27%","No",,,
"Brachymenium spirifolium","1.27%","No",,,
"Lepanthes scopula","1.27%","No",,,
"Neogoniolithon spectabile","6.41%","Yes","1.27%",58,"No"
"Asplenium tenerrimum","4.55%","Yes","1.26%",22,"No"
"Mittenothamnium scalpellifolium","9.18%","Yes","1.26%",75,"No"
"Drosera capillaris","1.26%","No",,,
"Mimosa albida","1.26%","No",,,
"Peperomia obtusifolia","1.26%","No",,,
"Geophila repens","1.26%","No",,,
"Malachra fasciata","1.26%","No",,,
"Hiraea fagifolia","1.26%","No",,,
"Clerodendrum speciosum","1.26%","No",,,
"Rhynchospora floridensis","1.26%","No",,,
"Theobroma bicolor","1.26%","No",,,
"Eragrostis elliottii","3.03%","Yes","1.26%",816,"No"
"Aeschynomene filosa","2.20%","Yes","1.26%",63,"No"
"Guzmania nicaraguensis","2.75%","Yes","1.25%",295,"No"
"Rhynchospora curvula","13.21%","Yes","1.25%",144,"No"
"Aristolochia grandiflora","3.21%","Yes","1.25%",855,"No"
"Asplenium cristatum","1.25%","No",,,
"Trichomanes crispum","1.25%","No",,,
"Aechmea magdalenae","1.25%","No",,,
"Pleiostachya pruinosa","1.25%","No",,,
"Ateleia cubensis","1.25%","No",,,
"Plagiochila tamariscina","1.25%","No",,,
"Sinclairia discolor","3.72%","Yes","1.24%",276,"No"
"Besleria laxiflora","1.24%","No",,,
"Dalechampia tiliifolia","1.24%","No",,,
"Acetabularia crenulata","1.24%","No",,,
"Jasminum grandiflorum","1.24%","No",,,
"Chiococca phaenostemon","1.24%","No",,,
"Otopappus curviflorus","1.24%","No",,,
"Pavonia schiedeana","2.28%","Yes","1.24%",1251,"No"
"Tripsacum latifolium","24.39%","Yes","1.23%",100,"No"
"Passiflora adenopoda","2.05%","Yes","1.23%",692,"No"
"Solanum erianthum","1.23%","No",,,
"Helosis cayennensis","1.23%","No",,,
"Pseudolycopodiella caroliniana","1.23%","No",,,
"Coccoloba swartzii","1.23%","No",,,
"Gracilaria blodgettii","1.23%","No",,,
"Digitaria fuscescens","1.23%","No",,,
"Solanum suaveolens","1.23%","No",,,
"Paullinia sessiliflora","1.23%","No",,,
"Frullania subtilissima","1.23%","No",,,
"Polypodium hispidulum","3.00%","Yes","1.22%",85,"No"
"Catopsis berteroniana","2.63%","Yes","1.22%",492,"No"
"Cakile lanceolata","1.22%","No",,,
"Phytolacca thyrsiflora","1.22%","No",,,
"Diplazium striatum","1.22%","No",,,
"Furcraea guatemalensis","1.22%","No",,,
"Philodendron advena","1.22%","No",,,
"Beilschmiedia mexicana","1.22%","No",,,
"Cyperus lentiginosus","1.22%","No",,,
"Groutiella mucronifolia","4.62%","Yes","1.22%",265,"No"
"Hypericum nitidum","15.30%","Yes","1.21%",218,"No"
"Schizaea poeppigiana","4.76%","Yes","1.21%",97,"No"
"Rubus schiedeanus","3.45%","Yes","1.21%",91,"No"
"Piparea dentata","1.21%","No",,,
"Andropogon virgatus","1.21%","No",,,
"Dioscorea floribunda","1.21%","No",,,
"Dasycladus vermicularis","1.21%","No",,,
"Squamidium macrocarpum","1.21%","No",,,
"Platystele stenostachya","1.21%","No",,,
"Neomirandea araliifolia","1.21%","No",,,
"Jania pedunculata","1.21%","No",,,
"Dichaea hystricina","1.21%","No",,,
"Sobralia warszewiczii","1.21%","No",,,
"Lycianthes chiapensis","1.21%","No",,,
"Pseudorhipsalis ramulosa","3.12%","Yes","1.21%",217,"No"
"Hymenophyllum abruptum","2.13%","Yes","1.21%",70,"No"
"Euphorbia leucantha","3.85%","Yes","1.21%",21,"No"
"Didymoglossum ekmanii","3.36%","Yes","1.21%",86,"No"
"Najas wrightiana","10.00%","Yes","1.21%",78,"No"
"Wrightiella blodgetti","9.09%","Yes","1.20%",80,"No"
"Heliotropium verdcourtii","1.20%","No",,,
"Cnidoscolus aconitifolius","1.20%","No",,,
"Terminalia oblonga","1.20%","No",,,
"Specklinia picta","1.20%","No",,,
"Terpsichore lehmanniana","1.20%","No",,,
"Porotrichum variabile","1.20%","No",,,
"Zapoteca tetragona","3.20%","Yes","1.20%",618,"No"
"Solanum cordovense","11.69%","Yes","1.20%",308,"No"
"Penicillus pyriformis","14.60%","Yes","1.19%",337,"No"
"Camonea umbellata","1.19%","No",,,
"Phoradendron chrysocladon","1.19%","No",,,
"Podachaenium eminens","1.19%","No",,,
"Cyperus obtusatus","1.19%","No",,,
"Hypolepis repens","1.19%","No",,,
"Sloanea laurifolia","1.19%","No",,,
"Disocactus crenatus","1.19%","No",,,
"Corymborkis forcipigera","1.19%","No",,,
"Manettia coccinea","1.19%","No",,,
"Clowesia russelliana","1.19%","No",,,
"Becquerelia tuberculata","1.19%","No",,,
"Aristida purpurescens","4.92%","Yes","1.19%",26,"No"
"Ichnanthus tenuis","1.18%","No",,,
"Lycianthes purpusii","1.18%","No",,,
"Xylosma quichensis","1.18%","No",,,
"Eleocharis tiarata","2.67%","Yes","1.18%",37,"No"
"Guapira petenensis","2.30%","Yes","1.17%",124,"No"
"Neckeropsis foveolata","7.14%","Yes","1.17%",32,"No"
"Conocarpus erectus","1.17%","No",,,
"Cyperus luzulae","1.17%","No",,,
"Vesicularia vesicularis","1.17%","No",,,
"Eragrostis atrovirens","1.17%","No",,,
"Miconia triplinervis","1.17%","No",,,
"Ambrosia hispida","1.17%","No",,,
"Maxillaria uncata","1.17%","No",,,
"Steiropteris decussata","1.17%","No",,,
"Serjania atrolineata","1.17%","No",,,
"Ardisia pellucida","1.17%","No",,,
"Abuta panamensis","2.70%","Yes","1.17%",225,"No"
"Machaerium kegelii","3.30%","Yes","1.17%",328,"No"
"Heliconia aurantiaca","56.25%","Yes","1.16%",13,"No"
"Groutiella reesei","20.00%","Yes","1.16%",5,"No"
"Miconia lacera","4.28%","Yes","1.16%",1006,"No"
"Pseudolmedia glabrata","1.16%","No",,,
"Ichnanthus calvescens","1.16%","No",,,
"Dennstaedtia dissecta","1.16%","No",,,
"Ficus yoponensis","1.16%","No",,,
"Centrosema schottii","1.16%","No",,,
"Symplococarpon purpusii","1.16%","No",,,
"Selaginella flagellata","1.16%","No",,,
"Spermacoce tetraquetra","1.16%","No",,,
"Hypoderris nicotianifolia","1.16%","No",,,
"Banisteriopsis elegans","1.16%","No",,,
"Hiraea smilacina","1.16%","No",,,
"Hoffmannia discolor","1.16%","No",,,
"Cyathea decurrens","1.16%","No",,,
"Plagiochila stricta","1.16%","No",,,
"Philodendron radiatum","6.97%","Yes","1.16%",1607,"No"
"Physostemon macrorhizus","14.29%","Yes","1.16%",7,"No"
"Rugoloa pilosa","1.15%","No",,,
"Tabernaemontana amygdalifolia","1.15%","No",,,
"Gibasis geniculata","1.15%","No",,,
"Fissidens polypodioides","1.15%","No",,,
"Diphysa americana","1.15%","No",,,
"Ravenala madagascariensis","1.15%","No",,,
"Miconia ampla","1.15%","No",,,
"Verbesina gigantea","1.15%","No",,,
"Abutilon permolle","1.15%","No",,,
"Scaphyglottis confusa","1.15%","No",,,
"Polygala gracilis","1.15%","No",,,
"Elaphoglossum herrerae","2.22%","Yes","1.15%",22,"No"
"Trichilia havanensis","2.12%","Yes","1.15%",2271,"No"
"Aechmea lueddemanniana","3.45%","Yes","1.14%",145,"No"
"Ichnanthus pallens","1.14%","No",,,
"Godmania aesculifolia","1.14%","No",,,
"Costus guanaiensis","1.14%","No",,,
"Erythrina berteroana","1.14%","No",,,
"Lundellianthus guatemalensis","1.14%","No",,,
"Nama jamaicense","1.14%","No",,,
"Agave sisalana","1.14%","No",,,
"Frullania setigera","1.14%","No",,,
"Allosidastrum pyramidatum","2.78%","Yes","1.14%",323,"No"
"Lepanthes disticha","2.94%","Yes","1.13%",51,"No"
"Serjania impressa","14.29%","Yes","1.13%",11,"No"
"Swietenia macrophylla","1.13%","No",,,
"Miconia stenostachya","1.13%","No",,,
"Eugenia axillaris","1.13%","No",,,
"Bactris major","1.13%","No",,,
"Aristolochia maxima","1.13%","No",,,
"Musa balbisiana","1.13%","No",,,
"Cleoserrata serrata","3.38%","Yes","1.13%",366,"No"
"Cryptarrhena lunata","3.85%","Yes","1.13%",47,"No"
"Sida brachystemon","11.76%","Yes","1.13%",16,"No"
"Palicourea patens","2.60%","Yes","1.12%",64,"No"
"Bletia purpurea","3.37%","Yes","1.12%",2119,"No"
"Aechmea bracteata","6.76%","Yes","1.12%",2436,"No"
"Ruellia blechum","1.12%","No",,,
"Myrciaria floribunda","1.12%","No",,,
"Xiphidium caeruleum","1.12%","No",,,
"Allamanda blanchetii","1.12%","No",,,
"Lepanthopsis floripecten","1.12%","No",,,
"Pilea pansamalana","1.12%","No",,,
"Acalypha alopecuroides","2.56%","Yes","1.12%",132,"No"
"Aechmea tillandsioides","3.68%","Yes","1.11%",793,"No"
"Mimosa occidentalis","2.38%","Yes","1.11%",74,"No"
"Adiantum latifolium","1.11%","No",,,
"Adelobotrys adscendens","1.11%","No",,,
"Clibadium eggersii","1.11%","No",,,
"Cissus lombardiana","1.11%","No",,,
"Dicliptera acuminata","1.11%","No",,,
"Solanum tampicense","4.14%","Yes","1.11%",268,"No"
"Melochia lupulina","2.73%","Yes","1.11%",480,"No"
"Desmodium macrodesmum","2.68%","Yes","1.11%",85,"No"
"Heteropterys laurifolia","2.70%","Yes","1.11%",1038,"No"
"Miconia subhirsuta","6.47%","Yes","1.10%",779,"No"
"Rhynchospora sellowiana","50.00%","Yes","1.10%",6,"No"
"Adiantopsis radiata","1.10%","No",,,
"Aciotis rubricaulis","1.10%","No",,,
"Echites umbellatus","1.10%","No",,,
"Thouinia paucidentata","1.10%","No",,,
"Clitoria falcata","1.10%","No",,,
"Viburnum hartwegii","1.10%","No",,,
"Moranopteris taenifolia","1.10%","No",,,
"Melochia melissifolia","1.10%","No",,,
"Tragia glanduligera","1.10%","No",,,
"Gentlea venosissima","1.10%","No",,,
"Utricularia viscosa","1.10%","No",,,
"Eugenia domingensis","1.10%","No",,,
"Mouriri myrtilloides","5.84%","Yes","1.09%",701,"No"
"Chamaecrista kunthiana","9.04%","Yes","1.09%",523,"No"
"Selaginella pallescens","1.09%","No",,,
"Picramnia antidesma","1.09%","No",,,
"Eugenia foetida","1.09%","No",,,
"Critonia daleoides","1.09%","No",,,
"Dichaea neglecta","1.09%","No",,,
"Amauropelta scalaris","1.09%","No",,,
"Trema domingense","1.09%","No",,,
"Scleria interrupta","4.21%","Yes","1.09%",185,"No"
"Avrainvillea levis","11.90%","Yes","1.09%",55,"No"
"Smilax domingensis","15.79%","Yes","1.09%",17,"No"
"Epidendrum phragmites","16.67%","Yes","1.08%",4,"No"
"Croton trinitatis","1.08%","No",,,
"Scleria ciliata","1.08%","No",,,
"Pelekium involvens","1.08%","No",,,
"Dichaea muricatoides","1.08%","No",,,
"Damburneya martinicensis","1.08%","No",,,
"Montanoa speciosa","1.08%","No",,,
"Scutellaria gaumeri","1.08%","No",,,
"Miconia impetiolaris","2.37%","Yes","1.07%",893,"No"
"Terminalia buceras","3.44%","Yes","1.07%",1695,"No"
"Scleria gaertneri","1.07%","No",,,
"Capparidastrum frondosum","1.07%","No",,,
"Zelometeorium patulum","1.07%","No",,,
"Nectandra hihua","1.07%","No",,,
"Amaranthus dubius","1.07%","No",,,
"Fissidens zollingeri","1.07%","No",,,
"Rhynchospora pura","1.07%","No",,,
"Voyria tenella","1.07%","No",,,
"Sobralia decora","1.07%","No",,,
"Spermacoce densiflora","1.07%","No",,,
"Streptogyna americana","1.07%","No",,,
"Habenaria distans","1.07%","No",,,
"Bulbostylis vestita","1.07%","No",,,
"Halimeda goreauii","20.15%","Yes","1.07%",158,"No"
"Philodendron tripartitum","3.03%","Yes","1.07%",646,"No"
"Lennea melanocarpa","6.99%","Yes","1.06%",188,"No"
"Lasiacis sloanei","3.16%","Yes","1.06%",390,"No"
"Allophylus psilospermus","2.75%","Yes","1.06%",537,"No"
"Senna reticulata","1.06%","No",,,
"Asplenium pteropus","1.06%","No",,,
"Quercus segoviensis","1.06%","No",,,
"Crossomitrium epiphyllum","1.06%","No",,,
"Syngonium triphyllum","1.06%","No",,,
"Avrainvillea longicaulis","11.44%","Yes","1.06%",214,"No"
"Tillandsia festucoides","5.43%","Yes","1.06%",566,"No"
"Udotea dixonii","18.85%","Yes","1.06%",107,"No"
"Gouania lupuloides","1.05%","No",,,
"Ixora coccinea","1.05%","No",,,
"Astrocasia tremula","1.05%","No",,,
"Acroporium longirostre","1.05%","No",,,
"Guatteria diospyroides","1.05%","No",,,
"Chaptalia albicans","1.05%","No",,,
"Myrica cerifera","1.05%","No",,,
"Goniopteris resiliens","1.05%","No",,,
"Tradescantia zebrina","2.65%","Yes","1.05%",77,"No"
"Lantana involucrata","1.04%","No",,,
"Plumeria obtusa","1.04%","No",,,
"Tillandsia variabilis","1.04%","No",,,
"Gracilaria mammillaris","1.04%","No",,,
"Hypnea cornuta","1.04%","No",,,
"Prosthechea michuacana","1.04%","No",,,
"Schizachyrium glaziovii","1.04%","No",,,
"Rhynchospora berteroi","1.04%","No",,,
"Rhynchosia pyramidalis","4.44%","Yes","1.04%",248,"No"
"Ficus tonduzii","2.14%","Yes","1.03%",661,"No"
"Miconia tococa","1.03%","No",,,
"Acanthophora spicifera","1.03%","No",,,
"Mandevilla hirsuta","1.03%","No",,,
"Heliconia bihai","1.03%","No",,,
"Solanum schlechtendalianum","1.03%","No",,,
"Indigofera subulata","1.03%","No",,,
"Anemia hispida","1.03%","No",,,
"Mendoncia lindavii","1.03%","No",,,
"Palicourea veracruzensis","1.03%","No",,,
"Malanea erecta","1.03%","No",,,
"Rubus fagifolius","1.03%","No",,,
"Lobelia tatea","1.03%","No",,,
"Rhynchospora hassleri","18.92%","Yes","1.03%",51,"No"
"Laurencia catarinensis","17.39%","Yes","1.03%",52,"No"
"Porotrichum brevifolium","20.00%","Yes","1.02%",10,"No"
"Renealmia aromatica","2.91%","Yes","1.02%",360,"No"
"Urvillea ulmacea","1.02%","No",,,
"Heteropterys macrostachya","1.02%","No",,,
"Epidendrum chlorocorymbos","1.02%","No",,,
"Blakea laevigata","1.02%","No",,,
"Begonia manicata","1.02%","No",,,
"Bulbophyllum pinelianum","1.02%","No",,,
"Oxyrhynchus trinervius","1.02%","No",,,
"Canavalia maritima","1.02%","No",,,
"Lejeunea spiniloba","4.44%","Yes","1.02%",54,"No"
"Udotea caribaea","27.78%","Yes","1.02%",34,"No"
"Condylidium iresinoides","2.69%","Yes","1.02%",207,"No"
"Paspalum trinitense","7.45%","Yes","1.02%",103,"No"
"Trichospermum mexicanum","3.60%","Yes","1.01%",1265,"No"
"Phyllanthus graveolens","3.63%","Yes","1.01%",140,"No"
"Solanum torvum","1.01%","No",,,
"Heliocarpus americanus","1.01%","No",,,
"Miconia tomentosa","1.01%","No",,,
"Schlotheimia rugifolia","1.01%","No",,,
"Eleutheranthera ruderalis","1.01%","No",,,
"Piper aeruginosibaccum","1.01%","No",,,
"Henriettea succosa","3.52%","Yes","1.01%",942,"No"
"Cyclodictyon bicolor","4.40%","Yes","1.00%",121,"No"
"Malpighia glabra","1.00%","No",,,
"Bidens reptans","1.00%","No",,,
"Acalypha arvensis","1.00%","No",,,
"Passovia pyrifolia","1.00%","No",,,
"Callicostella pallida","1.00%","No",,,
"Casearia arguta","1.00%","No",,,
"Quassia amara","1.00%","No",,,
"Telaranea nematodes","1.00%","No",,,
"Clusia guatemalensis","1.00%","No",,,
"Wallisia anceps","1.00%","No",,,
"Diplazium ternatum","1.00%","No",,,
"Trichosteleum sarapiquense","33.33%","Yes","1.00%",6,"No"
"Asplenium pseuderectum","10.00%","Yes","1.00%",8,"No"
"Lasiacis oaxacensis","2.59%","Yes","0.99%",382,"No"
"Melanothamnus ferulaceus","5.83%","Yes","0.99%",75,"No"
"Rhynchospora nervosa","0.99%","No",,,
"Meteorium nigrescens","0.99%","No",,,
"Calopogonium caeruleum","0.99%","No",,,
"Fissidens pallidinervis","0.99%","No",,,
"Machaerium isadelphum","0.99%","No",,,
"Diplazium lonchophyllum","0.99%","No",,,
"Trachyxiphium variabile","0.99%","No",,,
"Trichosteleum microstegium","4.05%","Yes","0.98%",44,"No"
"Ocellochloa pulchella","3.69%","Yes","0.98%",254,"No"
"Kallymenia limminghei","25.00%","Yes","0.98%",25,"No"
"Grona barbata","0.98%","No",,,
"Cestrum schlechtendalii","0.98%","No",,,
"Ocotea leucoxylon","0.98%","No",,,
"Phyllanthus mocinianus","0.98%","No",,,
"Tassadia obovata","0.98%","No",,,
"Geophila macropoda","0.98%","No",,,
"Lithophyllum corallinae","0.98%","No",,,
"Paspalum coryphaeum","0.98%","No",,,
"Euphorbia fimbrilligera","0.98%","No",,,
"Phoradendron wattii","0.98%","No",,,
"Coelarthrum cliftonii","0.98%","No",,,
"Asterella saccata","0.98%","No",,,
"Echinolaena gracilis","8.00%","Yes","0.98%",74,"No"
"Tillandsia bulbosa","6.60%","Yes","0.98%",1412,"No"
"Olfersia cervina","0.97%","No",,,
"Miconia rubra","0.97%","No",,,
"Ceratolejeunea laetefusca","0.97%","No",,,
"Eriocaulon microcephalum","0.97%","No",,,
"Lonchocarpus schiedeanus","0.97%","No",,,
"Protium costaricense","0.97%","No",,,
"Psychotria clivorum","0.97%","No",,,
"Rhabdadenia biflora","3.24%","Yes","0.96%",1581,"No"
"Ficus insipida","0.96%","No",,,
"Ficus maxima","0.96%","No",,,
"Vernonanthura patens","0.96%","No",,,
"Cecropia obtusifolia","0.96%","No",,,
"Cyperus ochraceus","0.96%","No",,,
"Codium isthmocladum","0.96%","No",,,
"Solanum hirtum","0.96%","No",,,
"Polygala trichosperma","0.96%","No",,,
"Prestonia portobellensis","0.96%","No",,,
"Porotrichum korthalsianum","0.96%","No",,,
"Frullania atrata","0.96%","No",,,
"Prosthechea pygmaea","0.96%","No",,,
"Symbiezidium barbiflorum","0.96%","No",,,
"Psychotria sarapiquensis","0.96%","No",,,
"Guarea megantha","0.96%","No",,,
"Tephrosia nitens","10.33%","Yes","0.96%",167,"No"
"Ctenitis nigrovenia","3.78%","Yes","0.96%",146,"No"
"Sticherus furcatus","3.74%","Yes","0.96%",261,"No"
"Brittonodoxa allinckxiorum","25.00%","Yes","0.96%",34,"No"
"Heterosiphonia gibbesii","3.14%","Yes","0.95%",362,"No"
"Asclepias curassavica","0.95%","No",,,
"Randia aculeata","0.95%","No",,,
"Priva lappulacea","0.95%","No",,,
"Urochloa fusca","0.95%","No",,,
"Tectaria incisa","0.95%","No",,,
"Elaphoglossum peltatum","0.95%","No",,,
"Spermacoce ocymifolia","0.95%","No",,,
"Vittaria graminifolia","0.95%","No",,,
"Fissidens pellucidus","0.95%","No",,,
"Ipomoea aristolochiifolia","0.95%","No",,,
"Phlegmariurus dichotomus","0.95%","No",,,
"Lejeunea pterigonia","0.95%","No",,,
"Cyperus thyrsiflorus","0.95%","No",,,
"Thinouia myriantha","0.95%","No",,,
"Cyphonanthus discrepans","0.95%","No",,,
"Guapira linearibracteata","0.95%","No",,,
"Tillandsia heliconioides","5.55%","Yes","0.94%",477,"No"
"Quiina macrophylla","5.51%","Yes","0.94%",228,"No"
"Adiantum trichochlaenum","12.63%","Yes","0.94%",68,"No"
"Passiflora ciliata","4.02%","Yes","0.94%",1926,"No"
"Stachytarpheta cayennensis","0.94%","No",,,
"Sabal mauritiiformis","0.94%","No",,,
"Taxithelium planum","0.94%","No",,,
"Jirivanaea galipensis","0.94%","No",,,
"Valonia macrophysa","0.94%","No",,,
"Pombalia calceolaria","0.94%","No",,,
"Colubrina arborescens","0.94%","No",,,
"Pithecellobium hymenaeifolium","0.94%","No",,,
"Phyllanthus elsiae","0.94%","No",,,
"Stigmaphyllon ciliatum","0.94%","No",,,
"Inga multijuga","0.94%","No",,,
"Porotrichum lancifrons","0.94%","No",,,
"Coccoloba spicata","0.94%","No",,,
"Aristida gibbosa","0.94%","No",,,
"Barnebydendron riedelii","0.94%","No",,,
"Ludwigia torulosa","0.94%","No",,,
"Vitis popenoei","3.91%","Yes","0.94%",103,"No"
"Ardisia compressa","2.09%","Yes","0.94%",1900,"No"
"Solanum lanceifolium","2.45%","Yes","0.93%",632,"No"
"Calatola laevigata","5.36%","Yes","0.93%",70,"No"
"Cyrilla racemiflora","0.93%","No",,,
"Annona mucosa","0.93%","No",,,
"Cladophoropsis membranacea","0.93%","No",,,
"Justicia aurea","0.93%","No",,,
"Spyridia hypnoides","0.93%","No",,,
"Codonanthopsis uleana","0.93%","No",,,
"Plaubelia sprengelii","0.93%","No",,,
"Commelina leiocarpa","0.93%","No",,,
"Adiantum","0.93%","No",,,
"Racopilum intermedium","0.93%","No",,,
"Campylocentrum schiedei","0.93%","No",,,
"Plumeria sericifolia","0.93%","No",,,
"Miconia stephananthera","0.93%","No",,,
"Phyllodon truncatulus","0.93%","No",,,
"Bouteloua polymorpha","0.93%","No",,,
"Plagiochila vincentina","0.93%","No",,,
"Ipomoea setosa","6.43%","Yes","0.92%",616,"No"
"Chamaedorea oblongata","0.92%","No",,,
"Lindsaea lancea","0.92%","No",,,
"Syzygium malaccense","0.92%","No",,,
"Sida ulmifolia","0.92%","No",,,
"Eleocharis filiculmis","0.92%","No",,,
"Chrysophyllum cainito","0.92%","No",,,
"Ipomoea philomega","0.92%","No",,,
"Catopsis sessiliflora","0.92%","No",,,
"Psychotria biaristata","0.92%","No",,,
"Celtis schippii","0.92%","No",,,
"Stylogyne turbacensis","0.92%","No",,,
"Dichanthelium tenue","0.92%","No",,,
"Catopsis paniculata","0.92%","No",,,
"Paspalum millegrana","0.92%","No",,,
"Hymenasplenium riparium","0.92%","No",,,
"Didymoglossum kapplerianum","0.92%","No",,,
"Amauropelta balbisii","3.71%","Yes","0.92%",520,"No"
"Werauhia werckleana","2.14%","Yes","0.91%",391,"No"
"Euphorbia hypericifolia","0.91%","No",,,
"Chamaecrista desvauxii","0.91%","No",,,
"Spigelia anthelmia","0.91%","No",,,
"Pleopeltis polypodioides","0.91%","No",,,
"Turnera diffusa","0.91%","No",,,
"Caulerpa serrulata","0.91%","No",,,
"Rudgea cornifolia","0.91%","No",,,
"Miconia glaberrima","0.91%","No",,,
"Furcraea hexapetala","0.91%","No",,,
"Fissidens inaequalis","0.91%","No",,,
"Rhynchospora divaricata","0.91%","No",,,
"Citharexylum affine","2.96%","Yes","0.90%",358,"No"
"Suriana maritima","0.90%","No",,,
"Prockia crucis","0.90%","No",,,
"Anthurium gracile","0.90%","No",,,
"Asplenium abscissum","0.90%","No",,,
"Hypnea cervicornis","0.90%","No",,,
"Palicourea tenerior","0.90%","No",,,
"Cupania glabra","0.90%","No",,,
"Salicornia bigelovii","0.90%","No",,,
"Lindackeria laurina","0.90%","No",,,
"Eleocharis cellulosa","0.90%","No",,,
"Imperata brasiliensis","0.90%","No",,,
"Ficus costaricana","0.90%","No",,,
"Notopleura anomothyrsa","0.90%","No",,,
"Polypodium fraternum","0.90%","No",,,
"Campyloneurum serpentinum","0.90%","No",,,
"Coelia bella","13.33%","Yes","0.90%",52,"No"
"Euphorbia mesembryanthemifolia","3.20%","Yes","0.90%",2046,"No"
"Gongora leucochila","2.16%","Yes","0.89%",115,"No"
"Chiangiodendron mexicanum","3.61%","Yes","0.89%",43,"No"
"Anacardium occidentale","0.89%","No",,,
"Eustoma exaltatum","0.89%","No",,,
"Tricleocarpa fragilis","0.89%","No",,,
"Cheilolejeunea trifaria","0.89%","No",,,
"Rhynchospora microcarpa","0.89%","No",,,
"Miconia smaragdina","0.89%","No",,,
"Asplundia utilis","0.89%","No",,,
"Jacquemontia gabrielii","0.89%","No",,,
"Guettarda subcapitata","0.89%","No",,,
"Salvia tubifera","0.89%","No",,,
"Tectaria lizarzaburui","3.35%","Yes","0.88%",173,"No"
"Lonchocarpus heptaphyllus","7.40%","Yes","0.88%",650,"No"
"Coccoloba uvifera","0.88%","No",,,
"Chiococca alba","0.88%","No",,,
"Halimeda tuna","0.88%","No",,,
"Centrosema pubescens","0.88%","No",,,
"Ronabea latifolia","0.88%","No",,,
"Palicourea winkleri","0.88%","No",,,
"Squamidium nigricans","0.88%","No",,,
"Asplenium uniseriale","0.88%","No",,,
"Maxillaria densa","0.88%","No",,,
"Tetrapterys tinifolia","0.88%","No",,,
"Schlotheimia torquata","0.88%","No",,,
"Bolbitis aliena","0.88%","No",,,
"Coccoloba humboldtii","0.88%","No",,,
"Agave amica","0.88%","No",,,
"Bulbostylis stenocarpa","0.88%","No",,,
"Coursetia greenmanii","0.88%","No",,,
"Arundinella berteroniana","3.61%","Yes","0.88%",604,"No"
"Quercus sapotifolia","0.87%","No",,,
"Paullinia fuscescens","0.87%","No",,,
"Physalis gracilis","0.87%","No",,,
"Miconia bubalina","0.87%","No",,,
"Groutiella tomentosa","0.87%","No",,,
"Scleria mitis","0.87%","No",,,
"Angelonia angustifolia","0.87%","No",,,
"Chiococca motleyana","0.87%","No",,,
"Pombalia oppositifolia","0.87%","No",,,
"Goeppertia majestica","0.87%","No",,,
"Habenaria crassicornis","0.87%","No",,,
"Lonchocarpus lineatus","0.87%","No",,,
"Eragrostis simpliciflora","0.87%","No",,,
"Pharus parvifolius","2.78%","Yes","0.87%",258,"No"
"Pireella angustifolia","16.95%","Yes","0.87%",159,"No"
"Witheringia solanacea","0.86%","No",,,
"Smilax domingensis","0.86%","No",,,
"Ixora coccinea","0.86%","No",,,
"Gelidiella acerosa","0.86%","No",,,
"Aphelandra aurantiaca","0.86%","No",,,
"Ananthacorus angustifolius","0.86%","No",,,
"Adiantum obliquum","0.86%","No",,,
"Rhynchospora globularis","0.86%","No",,,
"Panicum rudgei","0.86%","No",,,
"Ophioglossum nudicaule","0.86%","No",,,
"Aristolochia trilobata","0.86%","No",,,
"Leersia ligularis","0.86%","No",,,
"Microcampylopus leucogaster","0.86%","No",,,
"Zephyranthes lindleyana","0.86%","No",,,
"Carica cnidoscoloides","2.56%","Yes","0.86%",27,"No"
"Selaginella silvestris","3.15%","Yes","0.86%",382,"No"
"Cojoba arborea","2.32%","Yes","0.86%",1479,"No"
"Begonia nelumbiifolia","2.32%","Yes","0.85%",541,"No"
"Theobroma cacao","0.85%","No",,,
"Roupala montana","0.85%","No",,,
"Cuphea hyssopifolia","0.85%","No",,,
"Amphiroa rigida","0.85%","No",,,
"Coccoloba barbadensis","0.85%","No",,,
"Nidema boothii","0.85%","No",,,
"Dichanthelium portoricense","0.85%","No",,,
"Calypogeia peruviana","0.85%","No",,,
"Diplazium franconis","0.85%","No",,,
"Sporobolus buckleyi","0.85%","No",,,
"Rhynchospora triflora","0.85%","No",,,
"Diplazium urticifolium","0.85%","No",,,
"Hypnea variabilis","0.85%","No",,,
"Chromolaena corymbosa","0.85%","No",,,
"Magnolia sororum","0.85%","No",,,
"Selaginella acutifolia","0.85%","No",,,
"Piper zacatense","0.85%","No",,,
"Ipomoea steerei","0.85%","No",,,
"Passiflora ambigua","4.64%","Yes","0.84%",289,"No"
"Fridericia viscida","2.17%","Yes","0.84%",29,"No"
"Inga thibaudiana","0.84%","No",,,
"Amphilophium paniculatum","0.84%","No",,,
"Dalechampia scandens","0.84%","No",,,
"Bellucia grossularioides","0.84%","No",,,
"Cipura paludosa","0.84%","No",,,
"Mespilodaphne veraguensis","0.84%","No",,,
"Crusea calocephala","0.84%","No",,,
"Symplocos limoncillo","0.84%","No",,,
"Paspalum pectinatum","0.84%","No",,,
"Diplasiolejeunea pellucida","0.84%","No",,,
"Hampea rovirosae","0.84%","No",,,
"Tradescantia cymbispatha","0.84%","No",,,
"Hybanthus galeottii","0.84%","No",,,
"Ruellia pygmaea","14.29%","Yes","0.84%",6,"No"
"Helicteres guazumifolia","3.73%","Yes","0.84%",1773,"No"
"Dichanthelium aciculare","2.21%","Yes","0.83%",949,"No"
"Tabernaemontana arborea","9.45%","Yes","0.83%",320,"No"
"Miconia affinis","0.83%","No",,,
"Dalbergia ecastaphyllum","0.83%","No",,,
"Digenea simplex","0.83%","No",,,
"Sideroxylon salicifolium","0.83%","No",,,
"Helicodontium capillare","0.83%","No",,,
"Tovaria pendula","0.83%","No",,,
"Cyathea divergens","0.83%","No",,,
"Clusia flava","0.83%","No",,,
"Piper villiramulum","0.83%","No",,,
"Didymoglossum pinnatinervium","0.83%","No",,,
"Critonia morifolia","2.17%","Yes","0.83%",1107,"No"
"Galianthe brasiliensis","2.14%","Yes","0.83%",928,"No"
"Magnolia poasana","2.17%","Yes","0.82%",114,"No"
"Curatella americana","0.82%","No",,,
"Ananas comosus","0.82%","No",,,
"Capraria biflora","0.82%","No",,,
"Senna uniflora","0.82%","No",,,
"Campyloneurum repens","0.82%","No",,,
"Miconia chamissois","0.82%","No",,,
"Croton argenteus","0.82%","No",,,
"Ctenitis sloanei","0.82%","No",,,
"Capraria mexicana","0.82%","No",,,
"Galactia multiflora","0.82%","No",,,
"Selaginella mollis","0.82%","No",,,
"Callisia cordifolia","5.15%","Yes","0.82%",79,"No"
"Chrysophyllum mexicanum","5.25%","Yes","0.82%",1095,"No"
"Cassipourea elliptica","7.05%","Yes","0.81%",847,"No"
"Amphiroa hancockii","4.09%","Yes","0.81%",64,"No"
"Annona reticulata","0.81%","No",,,
"Trichanthecium parvifolium","0.81%","No",,,
"Fridericia florida","0.81%","No",,,
"Polybotrya caudata","0.81%","No",,,
"Bignonia binata","0.81%","No",,,
"Lasiacis standleyi","0.81%","No",,,
"Perymenium ghiesbreghtii","0.81%","No",,,
"Piper trinervium","0.81%","No",,,
"Prosthechea pterocarpa","0.81%","No",,,
"Ceratolejeunea guianensis","0.81%","No",,,
"Psychotria panamensis","2.56%","Yes","0.81%",678,"No"
"Burmannia flava","2.19%","Yes","0.81%",243,"No"
"Telmatoblechnum serrulatum","0.80%","No",,,
"Pluchea carolinensis","0.80%","No",,,
"Ipomoea violacea","0.80%","No",,,
"Rhynchospora fascicularis","0.80%","No",,,
"Oleandra articulata","0.80%","No",,,
"Salmea scandens","0.80%","No",,,
"Hemidictyum marginatum","0.80%","No",,,
"Xylophragma seemanniana","0.80%","No",,,
"Polytaenium citrifolium","0.80%","No",,,
"Arpophyllum giganteum","0.80%","No",,,
"Coccocypselum guianense","0.80%","No",,,
"Adelia triloba","0.80%","No",,,
"Epidendrum cristatum","0.80%","No",,,
"Paullinia clavigera","4.97%","Yes","0.80%",867,"No"
"Cornutia pyramidata","2.36%","Yes","0.79%",1580,"No"
"Serpocaulon triseriale","0.79%","No",,,
"Adiantum tetraphyllum","0.79%","No",,,
"Sideroxylon obtusifolium","0.79%","No",,,
"Utricularia amethystina","0.79%","No",,,
"Cenchrus brownii","0.79%","No",,,
"Polytaenium lineatum","0.79%","No",,,
"Pecluma divaricata","0.79%","No",,,
"Didymoglossum punctatum","0.79%","No",,,
"Aristida capillacea","0.79%","No",,,
"Peperomia distachyos","0.79%","No",,,
"Anemopaegma chrysanthum","0.79%","No",,,
"Paspalum pectinatum","0.79%","No",,,
"Pseudophoenix sargentii","0.79%","No",,,
"Pilotrichum ramosissimum","0.79%","No",,,
"Diplazium tungurahuae","0.79%","No",,,
"Psychotria grandis","2.45%","Yes","0.79%",631,"No"
"Trichilia moschata","3.96%","Yes","0.79%",271,"No"
"Avrainvillea silvana","25.58%","Yes","0.78%",25,"No"
"Caesalpinia pulcherrima","0.78%","No",,,
"Caladium bicolor","0.78%","No",,,
"Cissampelos pareira","0.78%","No",,,
"Schizachyrium microstachyum","0.78%","No",,,
"Oryza latifolia","0.78%","No",,,
"Asterogyne martiana","0.78%","No",,,
"Anthaenantia lanata","0.78%","No",,,
"Amauropelta diplazioides","0.78%","No",,,
"Luisierella barbula","0.78%","No",,,
"Pouteria amygdalicarpa","0.78%","No",,,
"Gracilaria armata","0.78%","No",,,
"Albizia tomentosa","3.87%","Yes","0.78%",554,"No"
"Marchantia inflexa","2.97%","Yes","0.78%",205,"No"
"Drepanolejeunea bidens","3.61%","Yes","0.78%",59,"No"
"Fissidens dissitifolius","4.04%","Yes","0.77%",135,"No"
"Scleria tenella","4.17%","Yes","0.77%",195,"No"
"Bolbitis portoricensis","2.12%","Yes","0.77%",607,"No"
"Psychotria nervosa","0.77%","No",,,
"Utricularia subulata","0.77%","No",,,
"Panicum trichoides","0.77%","No",,,
"Epidendrum nocturnum","0.77%","No",,,
"Sphyrospermum cordifolium","0.77%","No",,,
"Cordia bicolor","0.77%","No",,,
"Ctenodon histrix","0.77%","No",,,
"Weissia jamaicensis","0.77%","No",,,
"Crotalaria linifolia","0.77%","No",,,
"Euphorbia mendezii","0.77%","No",,,
"Malvastrum corchorifolium","0.77%","No",,,
"Chionanthus domingensis","0.77%","No",,,
"Selaginella tenella","5.10%","Yes","0.77%",223,"No"
"Cuphea calophylla","3.56%","Yes","0.76%",1070,"No"
"Piper marginatum","0.76%","No",,,
"Phoradendron crassifolium","0.76%","No",,,
"Pterocarpus rohrii","0.76%","No",,,
"Pilotrichella flexilis","0.76%","No",,,
"Guettarda elliptica","0.76%","No",,,
"Schoepfia schreberi","0.76%","No",,,
"Heliconia wagneriana","0.76%","No",,,
"Campyloneurum brevifolium","0.76%","No",,,
"Bouchea prismatica","0.76%","No",,,
"Psiguria triphylla","0.76%","No",,,
"Brachistus stramonifolius","0.76%","No",,,
"Metzgeria albinea","0.76%","No",,,
"Gymnosiphon suaveolens","0.76%","No",,,
"Sesuvium maritimum","0.76%","No",,,
"Cyclodictyon rubrisetum","0.76%","No",,,
"Pterocarpus michelianus","0.76%","No",,,
"Amauropelta atrovirens","0.76%","No",,,
"Adiantum villosum","3.67%","Yes","0.76%",437,"No"
"Luehea speciosa","2.87%","Yes","0.76%",1510,"No"
"Selaginella umbrosa","24.14%","Yes","0.75%",241,"No"
"Martensia pavonia","7.26%","Yes","0.75%",106,"No"
"Turnera scabra","2.34%","Yes","0.75%",509,"No"
"Casearia sylvestris","0.75%","No",,,
"Steinchisma laxum","0.75%","No",,,
"Peperomia urocarpa","0.75%","No",,,
"Ipomoea corymbosa","0.75%","No",,,
"Citrus aurantiifolia","0.75%","No",,,
"Ruehssia propinqua","0.75%","No",,,
"Symplocos martinicensis","0.75%","No",,,
"Stigmaphyllon puberum","0.75%","No",,,
"Selaginella minima","0.75%","No",,,
"Agardhiella floridana","0.75%","No",,,
"Rousselia humilis","0.75%","No",,,
"Bazzania aurescens","0.75%","No",,,
"Andropogon tenuispatheus","2.11%","Yes","0.75%",444,"No"
"Diplazium verapax","16.67%","Yes","0.75%",9,"No"
"Tephrosia senna","2.99%","Yes","0.74%",58,"No"
"Goniopteris tetragona","2.78%","Yes","0.74%",599,"No"
"Polygala trichosperma","10.90%","Yes","0.74%",500,"No"
"Polygala paniculata","0.74%","No",,,
"Dieffenbachia seguine","0.74%","No",,,
"Coleus amboinicus","0.74%","No",,,
"Malachra alceifolia","0.74%","No",,,
"Miconia lateriflora","0.74%","No",,,
"Radiovittaria stipitata","0.74%","No",,,
"Symbiezidium transversale","0.74%","No",,,
"Rhynchospora recognita","0.74%","No",,,
"Sobralia fragrans","0.74%","No",,,
"Cladophoropsis macromeres","0.74%","No",,,
"Ampelocissus erdvendbergiana","0.74%","No",,,
"Pinguicula lilacina","0.74%","No",,,
"Brittonodoxa lithophila","0.74%","No",,,
"Neurolaena lobata","2.87%","Yes","0.74%",2544,"No"
"Serpocaulon dissimile","2.39%","Yes","0.74%",349,"No"
"Orthostichopsis tetragona","7.43%","Yes","0.74%",378,"No"
"Utricularia hispida","4.64%","Yes","0.74%",584,"No"
"Scleria eggersiana","3.24%","Yes","0.73%",191,"No"
"Morronea trichidiachnis","2.30%","Yes","0.73%",136,"No"
"Anthenantia lanata","3.69%","Yes","0.73%",756,"No"
"Manilkara zapota","0.73%","No",,,
"Ficus paraensis","0.73%","No",,,
"Taxiphyllum taxirameum","0.73%","No",,,
"Psidium salutare","0.73%","No",,,
"Rhynchosia reticulata","0.73%","No",,,
"Crossopetalum rhacoma","0.73%","No",,,
"Scoliosorus ensiformis","0.73%","No",,,
"Maxillaria parviflora","0.73%","No",,,
"Alternanthera halimifolia","0.73%","No",,,
"Justicia crenata","0.73%","No",,,
"Amaioua glomerulata","5.75%","Yes","0.73%",822,"No"
"Vanilla cribbiana","2.78%","Yes","0.73%",28,"No"
"Miconia impetiolaris","6.40%","Yes","0.72%",340,"No"
"Sebastiania glandulosa","4.87%","Yes","0.72%",321,"No"
"Macromitrium leprieurii","4.76%","Yes","0.72%",97,"No"
"Hyptis conferta","6.29%","Yes","0.72%",434,"No"
"Eleocharis geniculata","0.72%","No",,,
"Trichomanes pinnatum","0.72%","No",,,
"Nephrolepis brownii","0.72%","No",,,
"Solanum lepidotum","0.72%","No",,,
"Graffenrieda galeottii","0.72%","No",,,
"Myrcia neolucida","0.72%","No",,,
"Senega glochidata","0.72%","No",,,
"Aspidogyne querceticola","0.72%","No",,,
"Solanum myriacanthum","0.72%","No",,,
"Goniopteris nicaraguensis","0.72%","No",,,
"Jirivanaea caespitosa","0.72%","No",,,
"Cycnoches chlorochilon","0.72%","No",,,
"Utricularia juncea","3.11%","Yes","0.72%",1147,"No"
"Groutiella tumidula","5.61%","Yes","0.72%",130,"No"
"Lycianthes scandens","4.13%","Yes","0.71%",768,"No"
"Turnera ulmifolia","0.71%","No",,,
"Allamanda cathartica","0.71%","No",,,
"Palicourea padifolia","0.71%","No",,,
"Distimake quinquefolius","0.71%","No",,,
"Syrrhopodon gaudichaudii","0.71%","No",,,
"Ctenodon paniculatus","0.71%","No",,,
"Poulsenia armata","0.71%","No",,,
"Pattalias palustris","0.71%","No",,,
"Adiantum terminatum","0.71%","No",,,
"Cissampelos tropaeolifolia","0.71%","No",,,
"Ipomoea setifera","0.71%","No",,,
"Dioclea guianensis","0.71%","No",,,
"Rhynchospora marisculus","0.71%","No",,,
"Paspalum lineare","0.71%","No",,,
"Fissidens serratus","0.71%","No",,,
"Ctenitis equestris","0.71%","No",,,
"Thamniopsis cruegeriana","0.71%","No",,,
"Aeschynomene pratensis","0.71%","No",,,
"Desmodium purpusii","0.71%","No",,,
"Eupogodon planus","0.71%","No",,,
"Jacquiniella equitantifolia","0.71%","No",,,
"Combretum assimile","0.71%","No",,,
"Selenicereus anthonyanus","0.71%","No",,,
"Acianthera ciliata","0.71%","No",,,
"Rourea glabra","3.73%","Yes","0.70%",1033,"No"
"Piper hispidum","0.70%","No",,,
"Trichilia pallida","0.70%","No",,,
"Calophyllum brasiliense","0.70%","No",,,
"Passiflora pallida","0.70%","No",,,
"Rhynchospora nitens","0.70%","No",,,
"Abutilon hirtum","0.70%","No",,,
"Neosiphonia ferulacea","0.70%","No",,,
"Paspalum arundinaceum","0.70%","No",,,
"Bougainvillea buttiana","0.70%","No",,,
"Isachne polygonoides","0.70%","No",,,
"Nitophyllum adhaerens","0.70%","No",,,
"Quercus corrugata","3.47%","Yes","0.70%",452,"No"
"Fissidens neglectus","5.38%","Yes","0.70%",66,"No"
"Miconia octona","4.03%","Yes","0.70%",1197,"No"
"Cladocephalus luteofuscus","16.33%","Yes","0.69%",29,"No"
"Spermacoce verticillata","0.69%","No",,,
"Anthurium scandens","0.69%","No",,,
"Zanthoxylum caribaeum","0.69%","No",,,
"Lygodium volubile","0.69%","No",,,
"Psychotria viridis","0.69%","No",,,
"Rhynchospora polyphylla","0.69%","No",,,
"Couepia polyandra","0.69%","No",,,
"Valoniopsis pachynema","0.69%","No",,,
"Adiantum humile","0.69%","No",,,
"Castilla elastica","0.69%","No",,,
"Henriettea fascicularis","2.62%","Yes","0.69%",310,"No"
"Lindsaea klotzschiana","8.08%","Yes","0.69%",80,"No"
"Panicum haenkeanum","5.80%","Yes","0.69%",49,"No"
"Curculigo scorzonerifolia","4.95%","Yes","0.68%",316,"No"
"Miconia neourceolata","2.77%","Yes","0.68%",665,"No"
"Euphorbia thymifolia","0.68%","No",,,
"Peperomia rotundifolia","0.68%","No",,,
"Boehmeria caudata","0.68%","No",,,
"Andropogon glomeratus","0.68%","No",,,
"Notopleura uliginosa","0.68%","No",,,
"Ludwigia nervosa","0.68%","No",,,
"Fuscocephaloziopsis crassifolia","0.68%","No",,,
"Lippia umbellata","0.68%","No",,,
"Sida glabra","0.68%","No",,,
"Fissidens biformis","0.68%","No",,,
"Miconia approximata","0.68%","No",,,
"Cestrum alternifolium","0.68%","No",,,
"Codariocalyx gyroides","0.68%","No",,,
"Tephrosia multifolia","0.68%","No",,,
"Casearia yucatanensis","0.68%","No",,,
"Clerodendrum speciosissimum","0.68%","No",,,
"Osbertia stolonifera","0.68%","No",,,
"Miconia dorsiloba","0.68%","No",,,
"Stigmaphyllon dichotomum","0.68%","No",,,
"Alansmia elastica","0.68%","No",,,
"Galactia acapulcensis","0.68%","No",,,
"Stephanopodium costaricense","0.68%","No",,,
"Leiomitra elliottii","2.07%","Yes","0.67%",114,"No"
"Delilia biflora","0.67%","No",,,
"Acalypha villosa","0.67%","No",,,
"Dioscorea convolvulacea","0.67%","No",,,
"Hibiscus schizopetalus","0.67%","No",,,
"Solanum asperum","0.67%","No",,,
"Xanthosoma robustum","0.67%","No",,,
"Heliconia tortuosa","0.67%","No",,,
"Sapium macrocarpum","0.67%","No",,,
"Pinzona coriacea","0.67%","No",,,
"Heliconia schiedeana","0.67%","No",,,
"Strobilanthes auriculata","0.67%","No",,,
"Phenax mexicanus","0.67%","No",,,
"Amphitecna apiculata","0.67%","No",,,
"Dolotortula mniifolia","0.67%","No",,,
"Stanhopea oculata","0.67%","No",,,
"Passiflora biflora","3.96%","Yes","0.67%",2040,"No"
"Philodendron sagittifolium","2.88%","Yes","0.67%",757,"No"
"Tanaecium tetragonolobum","2.15%","Yes","0.67%",438,"No"
"Puiggariopsis aurifolia","4.23%","Yes","0.67%",55,"No"
"Frullania obcordata","2.25%","Yes","0.66%",365,"No"
"Macromitrium cirrosum","2.99%","Yes","0.66%",851,"No"
"Psychotria marginata","3.29%","Yes","0.66%",1070,"No"
"Acalypha skutchii","2.88%","Yes","0.66%",127,"No"
"Rhynchospora tenuiflora","5.95%","Yes","0.66%",57,"No"
"Varronia curassavica","0.66%","No",,,
"Olyra latifolia","0.66%","No",,,
"Trichilia martiana","0.66%","No",,,
"Trachypogon spicatus","0.66%","No",,,
"Posoqueria latifolia","0.66%","No",,,
"Annona muricata","0.66%","No",,,
"Niphidium crassifolium","0.66%","No",,,
"Davilla nitida","0.66%","No",,,
"Bejaria aestuans","0.66%","No",,,
"Musa acuminata","0.66%","No",,,
"Dasya baillouviana","0.66%","No",,,
"Desmodium intortum","0.66%","No",,,
"Peperomia macrostachyos","0.66%","No",,,
"Miconia splendens","0.66%","No",,,
"Hebeclinium macrophyllum","0.66%","No",,,
"Aeschynomene rudis","0.66%","No",,,
"Pleuropetalum sprucei","0.66%","No",,,
"Prosthechea boothiana","0.66%","No",,,
"Encyclia parviflora","0.66%","No",,,
"Aegiphila martinicensis","0.66%","No",,,
"Anthurium schlechtendalii","4.19%","Yes","0.66%",1934,"No"
"Selaginella stellata","2.58%","Yes","0.65%",611,"No"
"Mikania leiostachya","2.23%","Yes","0.65%",241,"No"
"Phytolacca rivinoides","0.65%","No",,,
"Calymperes palisotii","0.65%","No",,,
"Coccoloba diversifolia","0.65%","No",,,
"Gomphrena vermicularis","0.65%","No",,,
"Leucomium strumosum","0.65%","No",,,
"Stromanthe tonckat","0.65%","No",,,
"Casearia bicolor","0.65%","No",,,
"Dioscorea composita","0.65%","No",,,
"Rhynchospora gracilenta","0.65%","No",,,
"Dictyostega orobanchoides","0.65%","No",,,
"Neogoniolithon fosliei","0.65%","No",,,
"Pouteria nemorosa","0.65%","No",,,
"Bauhinia cookii","0.65%","No",,,
"Lonchocarpus velutinus","0.65%","No",,,
"Vachellia sphaerocephala","0.65%","No",,,
"Rinorea sylvatica","0.65%","No",,,
"Liagora albicans","0.65%","No",,,
"Odontonema glabrum","0.65%","No",,,
"Piper yzabalanum","0.65%","No",,,
"Siphonocladus rigidus","9.26%","Yes","0.65%",59,"No"
"Solanum volubile","2.93%","Yes","0.65%",937,"No"
"Elleanthus graminifolius","6.26%","Yes","0.64%",322,"No"
"Cyperus haspan","0.64%","No",,,
"Crotalaria pumila","0.64%","No",,,
"Cheilolejeunea rigidula","0.64%","No",,,
"Dianthera comata","0.64%","No",,,
"Tibouchina aspera","0.64%","No",,,
"Thunbergia laurifolia","0.64%","No",,,
"Caudalejeunea lehmanniana","0.64%","No",,,
"Miconia hirta","0.64%","No",,,
"Encyclia papillosa","0.64%","No",,,
"Serjania grosii","0.64%","No",,,
"Pavonia leptocalyx","0.64%","No",,,
"Elaphoglossum apodum","0.64%","No",,,
"Noterophila bivalvis","6.44%","Yes","0.64%",220,"No"
"Pilea ecbolophylla","2.44%","Yes","0.64%",31,"No"
"Spermacoce suaveolens","3.37%","Yes","0.64%",692,"No"
"Udotea cyathiformis","10.35%","Yes","0.63%",527,"No"
"Acisanthera quadrata","4.51%","Yes","0.63%",389,"No"
"Miconia rubescens","4.07%","Yes","0.63%",573,"No"
"Turnera ulmifolia","10.00%","Yes","0.63%",18,"No"
"Xyris jupicai","0.63%","No",,,
"Thunbergia grandiflora","0.63%","No",,,
"Casearia aculeata","0.63%","No",,,
"Swartzia simplex","0.63%","No",,,
"Asplenium formosum","0.63%","No",,,
"Diplazium cristatum","0.63%","No",,,
"Monoclea gottschei","0.63%","No",,,
"Habenaria monorrhiza","0.63%","No",,,
"Phlegmariurus linifolius","0.63%","No",,,
"Trimezia steyermarkii","0.63%","No",,,
"Annona purpurea","0.63%","No",,,
"Scleria muehlenbergii","0.63%","No",,,
"Rhynchospora rariflora","0.63%","No",,,
"Cynometra bauhiniifolia","0.63%","No",,,
"Wissadula hernandioides","0.63%","No",,,
"Amphiroa valonioides","0.63%","No",,,
"Trichilia glabra","0.63%","No",,,
"Acalypha schlechtendaliana","0.63%","No",,,
"Iresine arbuscula","0.63%","No",,,
"Porotrichum lindigii","0.63%","No",,,
"Melasma melampyroides","0.63%","No",,,
"Hechtia guatemalensis","0.63%","No",,,
"Brickellia oliganthes","0.63%","No",,,
"Justicia campechiana","0.63%","No",,,
"Peperomia claytonioides","0.63%","No",,,
"Ficus hemsleyana","0.63%","No",,,
"Cheilolejeunea holostipa","0.63%","No",,,
"Marathrum foeniculaceum","2.06%","Yes","0.63%",534,"No"
"Mittenothamnium ligulifolium","14.29%","Yes","0.63%",6,"No"
"Eleocharis debilis","3.29%","Yes","0.63%",96,"No"
"Peperomia magnoliifolia","2.54%","Yes","0.63%",966,"No"
"Rhynchospora eximia","2.68%","Yes","0.62%",270,"No"
"Polygala adenophora","2.47%","Yes","0.62%",676,"No"
"Cassytha filiformis","0.62%","No",,,
"Thrinax radiata","0.62%","No",,,
"Wedelia acapulcensis","0.62%","No",,,
"Acrostichum aureum","0.62%","No",,,
"Hyophila involuta","0.62%","No",,,
"Nectandra cuspidata","0.62%","No",,,
"Turpinia occidentalis","0.62%","No",,,
"Lantana trifolia","0.62%","No",,,
"Cochlidium serrulatum","0.62%","No",,,
"Eleocharis interstincta","0.62%","No",,,
"Panicum millegrana","0.62%","No",,,
"Physostemon guianensis","0.62%","No",,,
"Macroptilium longepedunculatum","0.62%","No",,,
"Lycianthes amatitlanensis","0.62%","No",,,
"Desmanthus leptophyllus","0.62%","No",,,
"Evolvulus frankenioides","0.62%","No",,,
"Lepidopilum surinamense","0.62%","No",,,
"Trichosteleum sentosum","0.62%","No",,,
"Encyclia chloroleuca","0.62%","No",,,
"Stelis deregularis","0.62%","No",,,
"Epiphyllum pumilum","0.62%","No",,,
"Pteris altissima","2.77%","Yes","0.62%",1110,"No"
"Muellera monilis","2.35%","Yes","0.61%",183,"No"
"Eugenia oerstediana","2.33%","Yes","0.61%",533,"No"
"Bignonia hyacinthina","4.07%","Yes","0.61%",214,"No"
"Cyathea ursina","2.44%","Yes","0.61%",68,"No"
"Dichaea lankesteri","2.04%","Yes","0.61%",29,"No"
"Stelis aemula","2.00%","Yes","0.61%",38,"No"
"Ludwigia octovalvis","0.61%","No",,,
"Cissus verticillata","0.61%","No",,,
"Piper aduncum","0.61%","No",,,
"Asplenium serratum","0.61%","No",,,
"Phoradendron quadrangulare","0.61%","No",,,
"Flaveria linearis","0.61%","No",,,
"Pteris biaurita","0.61%","No",,,
"Hymenophyllum fucoides","0.61%","No",,,
"Cestrum megalophyllum","0.61%","No",,,
"Eragrostis gangetica","0.61%","No",,,
"Jacaratia mexicana","0.61%","No",,,
"Selenicereus grandiflorus","0.61%","No",,,
"Eleocharis kamtschatica","0.61%","No",,,
"Rhynchostegiopsis tunguraguana","0.61%","No",,,
"Spathiphyllum cochlearispathum","0.61%","No",,,
"Eustachys retusa","0.61%","No",,,
"Epidendrum polyanthum","0.61%","No",,,
"Halymenia pseudofloresii","0.61%","No",,,
"Malaxis histionantha","0.61%","No",,,
"Heteropterys obovata","0.61%","No",,,
"Peperomia syringifolia","0.61%","No",,,
"Eriosema violaceum","0.61%","No",,,
"Frullania montagnei","0.61%","No",,,
"Leucophanes molleri","0.61%","No",,,
"Rhynchospora tenerrima","4.41%","Yes","0.61%",372,"No"
"Halophila baillonis","2.63%","Yes","0.61%",22,"No"
"Pouteria sapota","3.76%","Yes","0.61%",756,"No"
"Hibiscus furcellatus","2.35%","Yes","0.60%",205,"No"
"Sacoila squamulosa","6.67%","Yes","0.60%",15,"No"
"Squamidium isocladum","12.03%","Yes","0.60%",84,"No"
"Paullinia pinnata","0.60%","No",,,
"Melochia pyramidata","0.60%","No",,,
"Stemodia durantifolia","0.60%","No",,,
"Centrosema molle","0.60%","No",,,
"Solanum rude-pannum","0.60%","No",,,
"Codonanthopsis crassifolia","0.60%","No",,,
"Trichosteleum papillosum","0.60%","No",,,
"Sporobolus diandrus","0.60%","No",,,
"Dasya rigidula","0.60%","No",,,
"Hymenophyllum pulchellum","0.60%","No",,,
"Utricularia triloba","0.60%","No",,,
"Philodendron auriculatum","0.60%","No",,,
"Maxillaria ringens","0.60%","No",,,
"Abuta steyermarkii","3.20%","Yes","0.60%",84,"No"
"Ruyschia enervia","7.69%","Yes","0.60%",45,"No"
"Cassipourea guianensis","2.20%","Yes","0.60%",703,"No"
"Yuzurua poiteaui","3.03%","Yes","0.59%",655,"No"
"Elaphoglossum herminieri","5.03%","Yes","0.59%",228,"No"
"Cecropia peltata","0.59%","No",,,
"Plumeria rubra","0.59%","No",,,
"Aeschynomene americana","0.59%","No",,,
"Declieuxia fruticosa","0.59%","No",,,
"Neckeropsis undulata","0.59%","No",,,
"Leucobryum martianum","0.59%","No",,,
"Helicteres baruensis","0.59%","No",,,
"Polyphlebium diaphanum","0.59%","No",,,
"Talipariti pernambucense","0.59%","No",,,
"Heterocentron subtriplinervium","0.59%","No",,,
"Echites yucatanensis","0.59%","No",,,
"Catopsis nitida","0.59%","No",,,
"Prosthechea chacaoensis","0.59%","No",,,
"Lygodium radiatum","0.59%","No",,,
"Ludwigia sedioides","0.59%","No",,,
"Bacopa sessiliflora","0.59%","No",,,
"Fissidens lindbergii","0.59%","No",,,
"Gaussia maya","10.87%","Yes","0.59%",85,"No"
"Passiflora coriacea","2.46%","Yes","0.59%",748,"No"
"Hexasepalum serrulatum","2.05%","Yes","0.59%",164,"No"
"Ficus popenoei","7.30%","Yes","0.59%",209,"No"
"Cleidion castaneifolium","8.75%","Yes","0.58%",194,"No"
"Eryngium foetidum","0.58%","No",,,
"Ardisia escallonioides","0.58%","No",,,
"Acroporium pungens","0.58%","No",,,
"Stylosanthes humilis","0.58%","No",,,
"Octoblepharum pulvinatum","0.58%","No",,,
"Hippeastrum puniceum","0.58%","No",,,
"Aristida setifolia","0.58%","No",,,
"Lippia dulcis","0.58%","No",,,
"Halimeda scabra","0.58%","No",,,
"Philodendron rothschuhianum","0.58%","No",,,
"Spiranthes graminea","0.58%","No",,,
"Dibrachiella auberiana","0.58%","No",,,
"Noterophila crassipes","8.92%","Yes","0.58%",125,"No"
"Rhynchospora cephalotes","2.53%","Yes","0.58%",1940,"No"
"Helicotropis linearis","3.71%","Yes","0.58%",360,"No"
"Polygala hygrophila","3.21%","Yes","0.58%",369,"No"
"Rhynchospora brevirostris","2.62%","Yes","0.58%",134,"No"
"Teucrium vesicarium","3.88%","Yes","0.57%",678,"No"
"Trema micranthum","0.57%","No",,,
"Maxillaria egertoniana","0.57%","No",,,
"Heliconia psittacorum","0.57%","No",,,
"Stylosanthes guianensis","0.57%","No",,,
"Batis maritima","0.57%","No",,,
"Utricularia foliosa","0.57%","No",,,
"Capsicum frutescens","0.57%","No",,,
"Asplenium cuspidatum","0.57%","No",,,
"Renealmia alpinia","0.57%","No",,,
"Entada rheedei","0.57%","No",,,
"Phyllanthus acidus","0.57%","No",,,
"Adenocalymma inundatum","0.57%","No",,,
"Udotea conglutinata","0.57%","No",,,
"Paspalum multicaule","0.57%","No",,,
"Setaria tenax","0.57%","No",,,
"Sesbania sericea","0.57%","No",,,
"Odonellia hirtiflora","0.57%","No",,,
"Acanthophora muscoides","0.57%","No",,,
"Anthurium pittieri","0.57%","No",,,
"Appunia tenuiflora","0.57%","No",,,
"Fridericia japurensis","0.57%","No",,,
"Apodanthes caseariae","0.57%","No",,,
"Piper chamissonis","0.57%","No",,,
"Phlegmariurus wilsonii","0.57%","No",,,
"Ceratolejeunea filaria","0.57%","No",,,
"Nymphaea ampla","4.94%","Yes","0.57%",2234,"No"
"Penicillus capitatus","3.47%","Yes","0.57%",1113,"No"
"Turnera odorata","3.91%","Yes","0.57%",199,"No"
"Sporobolus cubensis","6.19%","Yes","0.57%",199,"No"
"Anadyomene saldanhae","5.79%","Yes","0.56%",140,"No"
"Agalinis hispidula","4.67%","Yes","0.56%",326,"No"
"Morinda citrifolia","0.56%","No",,,
"Cyperus ligularis","0.56%","No",,,
"Hieronyma alchorneoides","0.56%","No",,,
"Guzmania lingulata","0.56%","No",,,
"Prunus myrtifolia","0.56%","No",,,
"Neckeropsis disticha","0.56%","No",,,
"Paullinia cururu","0.56%","No",,,
"Clerodendrum thomsoniae","0.56%","No",,,
"Anemia oblongifolia","0.56%","No",,,
"Phlegmariurus taxifolius","0.56%","No",,,
"Thuidium urceolatum","0.56%","No",,,
"Coffea liberica","0.56%","No",,,
"Psychotria","0.56%","No",,,
"Chamaecrista zygophylloides","0.56%","No",,,
"Spermacoce ovalifolia","0.56%","No",,,
"Matelea velutina","0.56%","No",,,
"Vismia ferruginea","0.56%","No",,,
"Chamaecrista rotundata","0.56%","No",,,
"Psychotria parvifolia","0.56%","No",,,
"Melanthera angustifolia","0.56%","No",,,
"Trichogloeopsis pedicellata","6.49%","Yes","0.56%",58,"No"
"Begonia glabra","2.20%","Yes","0.56%",1665,"No"
"Miconia nutans","2.65%","Yes","0.56%",318,"No"
"Miconia sericea","4.49%","Yes","0.56%",1469,"No"
"Bacopa aquatica","5.74%","Yes","0.55%",205,"No"
"Trichomanes tuerckheimii","2.11%","Yes","0.55%",157,"No"
"Crescentia cujete","0.55%","No",,,
"Guarea guidonia","0.55%","No",,,
"Pityrogramma calomelanos","0.55%","No",,,
"Artocarpus altilis","0.55%","No",,,
"Fimbristylis cymosa","0.55%","No",,,
"Amphilophium crucigerum","0.55%","No",,,
"Fimbristylis complanata","0.55%","No",,,
"Meteorium deppei","0.55%","No",,,
"Mitreola petiolata","0.55%","No",,,
"Oldenlandia lancifolia","0.55%","No",,,
"Solanum aturense","0.55%","No",,,
"Gemmabryum coronatum","0.55%","No",,,
"Croton nitens","0.55%","No",,,
"Barbieria pinnata","0.55%","No",,,
"Werauhia viridiflora","0.55%","No",,,
"Monstera punctulata","0.55%","No",,,
"Goniopteris blanda","19.71%","Yes","0.55%",89,"No"
"Agalinis harperi","7.14%","Yes","0.54%",12,"No"
"Calea ternifolia","2.23%","Yes","0.54%",1412,"No"
"Trigonia eriosperma","3.57%","Yes","0.54%",200,"No"
"Udotea abbottiorum","43.75%","Yes","0.54%",19,"No"
"Rhizophora mangle","0.54%","No",,,
"Euphorbia hyssopifolia","0.54%","No",,,
"Crotalaria retusa","0.54%","No",,,
"Evolvulus sericeus","0.54%","No",,,
"Symphonia globulifera","0.54%","No",,,
"Rauvolfia tetraphylla","0.54%","No",,,
"Funastrum clausum","0.54%","No",,,
"Musa paradisiaca","0.54%","No",,,
"Asplenium auritum","0.54%","No",,,
"Stylosanthes viscosa","0.54%","No",,,
"Bromelia pinguin","0.54%","No",,,
"Dracaena trifasciata","0.54%","No",,,
"Brosimum lactescens","0.54%","No",,,
"Psidium oligospermum","0.54%","No",,,
"Metaxya rostrata","0.54%","No",,,
"Lamourouxia viscosa","0.54%","No",,,
"Salvia lasiocephala","0.54%","No",,,
"Cyclodictyon albicans","0.54%","No",,,
"Casearia nitida","0.54%","No",,,
"Breynia disticha","0.54%","No",,,
"Piriqueta viscosa","0.54%","No",,,
"Gymnopogon spicatus","0.54%","No",,,
"Melanthera aspera","0.54%","No",,,
"Monteverdia segoviarum","0.54%","No",,,
"Chamaedorea woodsoniana","0.54%","No",,,
"Chiococca semipilosa","0.54%","No",,,
"Lippia bracteosa","0.54%","No",,,
"Paspalum wrightii","0.54%","No",,,
"Ormosia coarctata","0.54%","No",,,
"Serjania paniculata","0.54%","No",,,
"Phoradendron hexastichum","2.08%","Yes","0.54%",189,"No"
"Croton flaviglandulosus","10.53%","Yes","0.54%",12,"No"
"Scleria bracteata","3.74%","Yes","0.54%",1061,"No"
"Brachymenium klotzschii","2.52%","Yes","0.54%",80,"No"
"Machaonia acuminata","3.97%","Yes","0.53%",461,"No"
"Distimake aturensis","15.34%","Yes","0.53%",265,"No"
"Calymperes nicaraguense","7.58%","Yes","0.53%",130,"No"
"Carica papaya","0.53%","No",,,
"Spermacoce remota","0.53%","No",,,
"Aiouea montana","0.53%","No",,,
"Sabal yapa","0.53%","No",,,
"Caulerpa chemnitzia","0.53%","No",,,
"Microgramma lycopodioides","0.53%","No",,,
"Carludovica palmata","0.53%","No",,,
"Sabicea villosa","0.53%","No",,,
"Calliandra trinervia","0.53%","No",,,
"Zanthoxylum melanostictum","0.53%","No",,,
"Cyathea costaricensis","0.53%","No",,,
"Amauropelta concinna","0.53%","No",,,
"Cestrum reflexum","0.53%","No",,,
"Radula pallens","0.53%","No",,,
"Pinnatella minuta","0.53%","No",,,
"Prosthechea abbreviata","0.53%","No",,,
"Smilax spinosa","3.33%","Yes","0.53%",1196,"No"
"Polygala longicaulis","3.25%","Yes","0.53%",1602,"No"
"Bignonia noterophila","4.29%","Yes","0.53%",348,"No"
"Sauvagesia tenella","2.17%","Yes","0.52%",231,"No"
"Geonoma interrupta","4.36%","Yes","0.52%",652,"No"
"Eugenia acapulcensis","3.28%","Yes","0.52%",1457,"No"
"Besleria penduliflora","3.12%","Yes","0.52%",26,"No"
"Paspalum vaginatum","0.52%","No",,,
"Acetabularia acetabulum","0.52%","No",,,
"Miconia elata","0.52%","No",,,
"Croton cortesianus","0.52%","No",,,
"Pharus latifolius","0.52%","No",,,
"Mussaenda philippica","0.52%","No",,,
"Ruellia geminiflora","0.52%","No",,,
"Spananthe paniculata","0.52%","No",,,
"Pseudognaphalium attenuatum","0.52%","No",,,
"Cyclolejeunea convexistipa","0.52%","No",,,
"Cyperus","0.52%","No",,,
"Dichaea panamensis","0.52%","No",,,
"Hydrogonium bolleanum","0.52%","No",,,
"Cojoba sophorocarpa","0.52%","No",,,
"Phenax rugosus","0.52%","No",,,
"Syzygiella perfoliata","0.52%","No",,,
"Pleurothallis homalantha","0.52%","No",,,
"Euphorbia cymosa","0.52%","No",,,
"Senegalia rhytidocarpa","0.52%","No",,,
"Diospyros tetrandra","0.52%","No",,,
"Tectaria cicutaria","0.52%","No",,,
"Hypolytrum longifolium","2.41%","Yes","0.52%",689,"No"
"Alchornea latifolia","2.60%","Yes","0.52%",2120,"No"
"Lepidopilum amplirete","3.06%","Yes","0.52%",53,"No"
"Palicourea triphylla","3.51%","Yes","0.52%",1033,"No"
"Olyra glaberrima","6.93%","Yes","0.51%",439,"No"
"Campylocentrum fasciola","5.19%","Yes","0.51%",60,"No"
"Lindsaea feei","8.70%","Yes","0.51%",22,"No"
"Aspidosperma megalocarpon","3.49%","Yes","0.51%",529,"No"
"Bixa orellana","0.51%","No",,,
"Nephrolepis biserrata","0.51%","No",,,
"Stachytarpheta jamaicensis","0.51%","No",,,
"Paspalum plicatulum","0.51%","No",,,
"Tradescantia zanonia","0.51%","No",,,
"Philonotis uncinata","0.51%","No",,,
"Inga oerstediana","0.51%","No",,,
"Ectropothecium leptochaeton","0.51%","No",,,
"Prescottia stachyodes","0.51%","No",,,
"Luehea seemannii","0.51%","No",,,
"Mayaca fluviatilis","0.51%","No",,,
"Thysananthus auriculatus","0.51%","No",,,
"Eulophia alta","0.51%","No",,,
"Chamaedorea costaricana","0.51%","No",,,
"Urceolina amazonica","0.51%","No",,,
"Mucuna mollis","0.51%","No",,,
"Galactia spiciformis","0.51%","No",,,
"Tripsacum andersonii","0.51%","No",,,
"Ficus tecolutensis","0.51%","No",,,
"Elaphoglossum vestitum","0.51%","No",,,
"Plagiobryoides cellularis","0.51%","No",,,
"Schultesia brachyptera","4.30%","Yes","0.51%",309,"No"
"Cyathea multiflora","2.19%","Yes","0.51%",494,"No"
"Miconia bullatifolia","6.36%","Yes","0.50%",487,"No"
"Microtea debilis","2.58%","Yes","0.50%",366,"No"
"Pityopsis tenuifolia","2.76%","Yes","0.50%",234,"No"
"Zanthoxylum ekmanii","2.24%","Yes","0.50%",188,"No"
"Euphorbia graminea","0.50%","No",,,
"Cyperus laxus","0.50%","No",,,
"Racopilum tomentosum","0.50%","No",,,
"Mesosphaerum pectinatum","0.50%","No",,,
"Quercus acutifolia","0.50%","No",,,
"Mabea occidentalis","0.50%","No",,,
"Pera arborea","0.50%","No",,,
"Sapium laurifolium","0.50%","No",,,
"Parapolystichum effusum","0.50%","No",,,
"Ancistrotropis peduncularis","0.50%","No",,,
"Lunania mexicana","0.50%","No",,,
"Sesbania grandiflora","0.50%","No",,,
"Psychotria flava","0.50%","No",,,
"Cuatresia riparia","0.50%","No",,,
"Piper martensianum","0.50%","No",,,
"Urera rzedowskii","0.50%","No",,,
"Chondria polyrhiza","0.50%","No",,,
"Ruellia stemonacanthoides","0.50%","No",,,
"Adelphia hiraea","7.48%","Yes","0.50%",102,"No"
"Croton schiedeanus","2.92%","Yes","0.50%",1456,"No"
"Xylopia frutescens","4.66%","Yes","0.49%",1143,"No"
"Eragrostis prolifera","5.29%","Yes","0.49%",476,"No"
"Desmodium incanum","0.49%","No",,,
"Syngonium podophyllum","0.49%","No",,,
"Physalis pubescens","0.49%","No",,,
"Vismia macrophylla","0.49%","No",,,
"Serpocaulon fraxinifolium","0.49%","No",,,
"Melicoccus oliviformis","0.49%","No",,,
"Heliocarpus donnellsmithii","0.49%","No",,,
"Piper sancti-felicis","0.49%","No",,,
"Allobriquetia spicata","0.49%","No",,,
"Gymnosiphon divaricatus","0.49%","No",,,
"Passiflora seemannii","0.49%","No",,,
"Maxillaria crassifolia","0.49%","No",,,
"Paspalum fasciculatum","0.49%","No",,,
"Groutiella obtusa","0.49%","No",,,
"Telanthophora cobanensis","0.49%","No",,,
"Hygrophila guianensis","0.49%","No",,,
"Leskeodon auratus","6.41%","Yes","0.49%",48,"No"
"Piptocarpha poeppigiana","2.59%","Yes","0.48%",438,"No"
"Cyclopeltis semicordata","2.08%","Yes","0.48%",1339,"No"
"Gossypium hirsutum","0.48%","No",,,
"Emilia fosbergii","0.48%","No",,,
"Rhynchospora colorata","0.48%","No",,,
"Tradescantia zebrina","0.48%","No",,,
"Cardiospermum grandiflorum","0.48%","No",,,
"Jacquemontia tamnifolia","0.48%","No",,,
"Miconia nervosa","0.48%","No",,,
"Ficus citrifolia","0.48%","No",,,
"Sacoila lanceolata","0.48%","No",,,
"Schnella guianensis","0.48%","No",,,
"Bryopsis pennata","0.48%","No",,,
"Tillandsia guatemalensis","0.48%","No",,,
"Triumfetta bogotensis","0.48%","No",,,
"Scleria verticillata","0.48%","No",,,
"Entodontopsis cultelliformis","0.48%","No",,,
"Diplazium striatastrum","0.48%","No",,,
"Ephemerum spinulosum","0.48%","No",,,
"Aristolochia pilosa","0.48%","No",,,
"Thelypteris","0.48%","No",,,
"Selenicereus pteranthus","0.48%","No",,,
"Clematis rhodocarpa","0.48%","No",,,
"Triumfetta calderonii","0.48%","No",,,
"Rhynchospora filiformis","5.19%","Yes","0.48%",423,"No"
"Euphorbia eriophora","5.26%","Yes","0.48%",16,"No"
"Pelazoneuron patens","2.18%","Yes","0.47%",782,"No"
"Hebanthe grandiflora","5.99%","Yes","0.47%",223,"No"
"Diplazium plantaginifolium","3.88%","Yes","0.47%",562,"No"
"Philodendron inaequilaterum","3.18%","Yes","0.47%",627,"No"
"Ficus pertusa","0.47%","No",,,
"Xylosma flexuosa","0.47%","No",,,
"Calymperes erosum","0.47%","No",,,
"Nephrolepis pendula","0.47%","No",,,
"Pseuderanthemum maculatum","0.47%","No",,,
"Elaeodendron xylocarpum","0.47%","No",,,
"Odontadenia puncticulosa","0.47%","No",,,
"Rhynchosia americana","0.47%","No",,,
"Pecluma alfredii","0.47%","No",,,
"Guazuma invira","0.47%","No",,,
"Lysimachia ovalis","0.47%","No",,,
"Ixora finlaysoniana","0.47%","No",,,
"Lindsaea falcata","0.47%","No",,,
"Lepidopilum muelleri","0.47%","No",,,
"Brassia caudata","0.47%","No",,,
"Lycianthes sideroxyloides","0.47%","No",,,
"Schlegelia nicaraguensis","0.47%","No",,,
"Hexasepalum apiculatum","2.79%","Yes","0.47%",1434,"No"
"Croton lobatus","2.00%","Yes","0.47%",42,"No"
"Wissadula excelsior","3.19%","Yes","0.47%",379,"No"
"Bredemeyera lucida","3.25%","Yes","0.46%",334,"No"
"Cocos nucifera","0.46%","No",,,
"Mimosa pudica","0.46%","No",,,
"Cryosophila stauracantha","0.46%","No",,,
"Ipomoea imperati","0.46%","No",,,
"Casearia arborea","0.46%","No",,,
"Erythrina fusca","0.46%","No",,,
"Asplenium cirrhatum","0.46%","No",,,
"Senna fruticosa","0.46%","No",,,
"Cyperus giganteus","0.46%","No",,,
"Oryctanthus spicatus","0.46%","No",,,
"Lonchocarpus minimiflorus","0.46%","No",,,
"Echinopepon racemosus","0.46%","No",,,
"Heteropterys leona","0.46%","No",,,
"Syrrhopodon parasiticus","0.46%","No",,,
"Ernodesmis verticillata","0.46%","No",,,
"Chryso-hypnum elegantulum","0.46%","No",,,
"Epidendrum ibaguense","0.46%","No",,,
"Dichapetalum axillare","0.46%","No",,,
"Oxyrrhynchium clinocarpum","0.46%","No",,,
"Rosulabryum pseudocapillare","4.29%","Yes","0.46%",86,"No"
"Paepalanthus lamarckii","9.90%","Yes","0.46%",299,"No"
"Plagiochasma crenulatum","4.11%","Yes","0.46%",56,"No"
"Polygala asperuloides","4.27%","Yes","0.45%",199,"No"
"Vigna luteola","0.45%","No",,,
"Senna alata","0.45%","No",,,
"Annona glabra","0.45%","No",,,
"Baccharis trinervis","0.45%","No",,,
"Russelia equisetiformis","0.45%","No",,,
"Eleocharis elegans","0.45%","No",,,
"Hygrophila costata","0.45%","No",,,
"Bulbostylis junciformis","0.45%","No",,,
"Anthurium obtusum","0.45%","No",,,
"Hamelia axillaris","0.45%","No",,,
"Cyathula achyranthoides","0.45%","No",,,
"Miconia sulcicaulis","0.45%","No",,,
"Pireella pohlii","0.45%","No",,,
"Tillandsia tricolor","0.45%","No",,,
"Mickelia nicotianifolia","0.45%","No",,,
"Tillandsia pruinosa","0.45%","No",,,
"Meniscium angustifolium","0.45%","No",,,
"Persea liebmannii","0.45%","No",,,
"Melothria trilobata","0.45%","No",,,
"Piper grande","0.45%","No",,,
"Solanum accrescens","0.45%","No",,,
"Lecythis ampla","0.45%","No",,,
"Nectandra sanguinea","0.45%","No",,,
"Lepidolejeunea involuta","0.45%","No",,,
"Bazzania falcata","0.45%","No",,,
"Champia salicornioides","2.86%","Yes","0.45%",115,"No"
"Sapindus saponaria","0.44%","No",,,
"Acrocomia aculeata","0.44%","No",,,
"Richardia scabra","0.44%","No",,,
"Chamaedorea seifrizii","0.44%","No",,,
"Grona adscendens","0.44%","No",,,
"Maranta arundinacea","0.44%","No",,,
"Lasiacis nigra","0.44%","No",,,
"Bauhinia monandra","0.44%","No",,,
"Vanilla planifolia","0.44%","No",,,
"Jasminum multiflorum","0.44%","No",,,
"Aristida longifolia","0.44%","No",,,
"Ludwigia affinis","0.44%","No",,,
"Quercus skinneri","0.44%","No",,,
"Celastrus vulcanicola","0.44%","No",,,
"Eragrostis papposa","0.44%","No",,,
"Eremosis leiocarpa","0.44%","No",,,
"Stephostachys mertensii","0.44%","No",,,
"Trichosteleum fluviale","0.44%","No",,,
"Cheilolejeunea adnata","0.44%","No",,,
"Dichanthelium leucothrix","0.44%","No",,,
"Bacopa repens","0.44%","No",,,
"Sanchezia tigrina","0.44%","No",,,
"Lycianthes glandulosa","0.44%","No",,,
"Sacciolepis vilvoides","0.44%","No",,,
"Carolus sinemariensis","0.44%","No",,,
"Nectandra leucantha","0.44%","No",,,
"Panicum acuminatum","0.44%","No",,,
"Pseudalcantarea viridiflora","0.44%","No",,,
"Terminalia catappa","0.43%","No",,,
"Tabebuia rosea","0.43%","No",,,
"Brosimum alicastrum","0.43%","No",,,
"Paspalum conjugatum","0.43%","No",,,
"Pisonia aculeata","0.43%","No",,,
"Pelazoneuron kunthii","0.43%","No",,,
"Mittenothamnium reptans","0.43%","No",,,
"Bignonia aequinoctialis","0.43%","No",,,
"Fimbristylis ferruginea","0.43%","No",,,
"Serjania caracasana","0.43%","No",,,
"Cyperus tenuis","0.43%","No",,,
"Jacquiniella teretifolia","0.43%","No",,,
"Struchium sparganophorum","0.43%","No",,,
"Caulerpa lentillifera","0.43%","No",,,
"Lindsaea quadrangularis","0.43%","No",,,
"Crotalaria vitellina","0.43%","No",,,
"Miconia crenulata","0.43%","No",,,
"Acalypha subviscida","0.43%","No",,,
"Miconia paleacea","0.43%","No",,,
"Cyperus conglobatus","0.43%","No",,,
"Cryosophila warscewiczii","0.43%","No",,,
"Heliconia adflexa","0.43%","No",,,
"Gracilaria isabellana","0.43%","No",,,
"Pinus oocarpa","0.43%","No",,,
"Ulva lacinulata","0.43%","No",,,
"Adiantum intermedium","0.43%","No",,,
"Damburneya ambigens","0.43%","No",,,
"Miconia matthaei","2.03%","Yes","0.43%",413,"No"
"Notothylas breutelii","3.28%","Yes","0.43%",49,"No"
"Lonchocarpus atropurpureus","2.07%","Yes","0.43%",234,"No"
"Hymenasplenium delitescens","5.93%","Yes","0.42%",306,"No"
"Piriqueta cistoides","2.20%","Yes","0.42%",442,"No"
"Terminalia amazonica","2.12%","Yes","0.42%",1657,"No"
"Rhipiliopsis reticulata","44.44%","Yes","0.42%",5,"No"
"Sporobolus pyramidalis","0.42%","No",,,
"Thalia geniculata","0.42%","No",,,
"Digitaria horizontalis","0.42%","No",,,
"Tetragastris panamensis","0.42%","No",,,
"Psychotria capensis","0.42%","No",,,
"Buddleja americana","0.42%","No",,,
"Melochia nodiflora","0.42%","No",,,
"Solanum mammosum","0.42%","No",,,
"Phoradendron nervosum","0.42%","No",,,
"Aglaonema commutatum","0.42%","No",,,
"Anthurium nymphaeifolium","0.42%","No",,,
"Prunus rhamnoides","0.42%","No",,,
"Zeltnera quitensis","0.42%","No",,,
"Xanthosoma undipes","0.42%","No",,,
"Pteris orizabae","0.42%","No",,,
"Miconia fenestrata","0.42%","No",,,
"Boodleopsis pusilla","0.42%","No",,,
"Wullschlaegelia calcarata","0.42%","No",,,
"Rauvolfia aphlebia","0.42%","No",,,
"Phoradendron tonduzii","0.42%","No",,,
"Maxillaria friedrichsthalii","0.42%","No",,,
"Galaxaura comans","18.52%","Yes","0.42%",23,"No"
"Pouteria reticulata","2.72%","Yes","0.42%",1264,"No"
"Anthurium pentaphyllum","2.84%","Yes","0.42%",1658,"No"
"Gongora quinquenervis","2.50%","Yes","0.42%",61,"No"
"Blechnum caudatum","3.20%","Yes","0.42%",161,"No"
"Rhodogorgon ramosissima","10.00%","Yes","0.42%",23,"No"
"Sematophyllum hampei","11.43%","Yes","0.41%",61,"No"
"Macromitrium regnellii","7.81%","Yes","0.41%",86,"No"
"Sphagneticola trilobata","0.41%","No",,,
"Calopogonium mucunoides","0.41%","No",,,
"Etlingera elatior","0.41%","No",,,
"Solanum nigrescens","0.41%","No",,,
"Lasiacis ruscifolia","0.41%","No",,,
"Astraea lobata","0.41%","No",,,
"Axonopus aureus","0.41%","No",,,
"Pleopeltis astrolepis","0.41%","No",,,
"Pityopsis graminifolia","0.41%","No",,,
"Plumeria pudica","0.41%","No",,,
"Jatropha podagrica","0.41%","No",,,
"Stereophyllum radiculosum","0.41%","No",,,
"Solanum rovirosanum","0.41%","No",,,
"Senna papillosa","0.41%","No",,,
"Notopleura macrophylla","0.41%","No",,,
"Neomillspaughia emarginata","0.41%","No",,,
"Dennstaedtia obtusifolia","0.41%","No",,,
"Sporobolus purpurascens","0.41%","No",,,
"Quercus lancifolia","0.41%","No",,,
"Paspalum densum","0.41%","No",,,
"Lonchocarpus santarosanus","0.41%","No",,,
"Stigmaphyllon bannisterioides","0.41%","No",,,
"Aristida megapotamica","0.41%","No",,,
"Sarcomphalus cinnamomum","0.41%","No",,,
"Paspalum minus","3.11%","Yes","0.41%",218,"No"
"Palicourea berteroana","2.42%","Yes","0.41%",921,"No"
"Halimeda monile","5.65%","Yes","0.41%",480,"No"
"Chrysymenia enteromorpha","3.03%","Yes","0.41%",182,"No"
"Aspidosperma cruentum","9.45%","Yes","0.40%",180,"No"
"Chamaecrista cultrifolia","4.11%","Yes","0.40%",70,"No"
"Ceiba pentandra","0.40%","No",,,
"Brosimum guianense","0.40%","No",,,
"Inga nobilis","0.40%","No",,,
"Rhynchospora rugosa","0.40%","No",,,
"Adiantum concinnum","0.40%","No",,,
"Capsicum chinense","0.40%","No",,,
"Polystachya foliosa","0.40%","No",,,
"Miconia mirabilis","0.40%","No",,,
"Solanum rugosum","0.40%","No",,,
"Myrcia amazonica","0.40%","No",,,
"Triumfetta lappula","0.40%","No",,,
"Panicum sellowii","0.40%","No",,,
"Cheiroglossa palmata","0.40%","No",,,
"Prosthechea radiata","0.40%","No",,,
"Guzmania scherzeriana","0.40%","No",,,
"Zephyranthes citrina","0.40%","No",,,
"Vigna lasiocarpa","0.40%","No",,,
"Hibiscus bifurcatus","0.40%","No",,,
"Beloglottis costaricensis","0.40%","No",,,
"Xylosma chlorantha","0.40%","No",,,
"Mikania pyramidata","0.40%","No",,,
"Saccoloma domingense","0.40%","No",,,
"Anemia humilis","0.40%","No",,,
"Miconia strigillosa","10.21%","Yes","0.40%",492,"No"
"Utricularia pusilla","2.39%","Yes","0.40%",522,"No"
"Spermacoce verticillata","3.57%","Yes","0.40%",26,"No"
"Strychnos peckii","6.44%","Yes","0.40%",284,"No"
"Struvea elegans","8.57%","Yes","0.40%",28,"No"
"Macropsychanthus wilsonii","5.76%","Yes","0.39%",294,"No"
"Halymenia duchassaingii","14.46%","Yes","0.39%",86,"No"
"Marila laxiflora","3.25%","Yes","0.39%",353,"No"
"Dichanthelium erectifolium","2.60%","Yes","0.39%",341,"No"
"Palhinhaea cernua","0.39%","No",,,
"Chamaecrista nictitans","0.39%","No",,,
"Phaseolus lunatus","0.39%","No",,,
"Eragrostis ciliaris","0.39%","No",,,
"Miconia longifolia","0.39%","No",,,
"Palicourea crocea","0.39%","No",,,
"Clematis dioica","0.39%","No",,,
"Pectis prostrata","0.39%","No",,,
"Styrax argenteus","0.39%","No",,,
"Tristicha trifaria","0.39%","No",,,
"Spermacoce exilis","0.39%","No",,,
"Vandellia diffusa","0.39%","No",,,
"Aquarius paniculatus","0.39%","No",,,
"Frangula sphaerosperma","0.39%","No",,,
"Jania capillacea","0.39%","No",,,
"Porolithon onkodes","0.39%","No",,,
"Sesbania exasperata","0.39%","No",,,
"Setaria poiretiana","0.39%","No",,,
"Goeppertia macrosepala","0.39%","No",,,
"Panicum ghiesbreghtii","0.39%","No",,,
"Tetranema roseum","0.39%","No",,,
"Polysiphonia havanensis","0.39%","No",,,
"Imperata contracta","0.39%","No",,,
"Vismia latifolia","0.39%","No",,,
"Pycnolejeunea macroloba","0.39%","No",,,
"Boehmeria ramiflora","5.19%","Yes","0.39%",264,"No"
"Elaphoglossum latum","7.03%","Yes","0.39%",124,"No"
"Fridericia chica","2.33%","Yes","0.39%",1257,"No"
"Acetabularia polyphysoides","4.55%","Yes","0.39%",15,"No"
"Zanthoxylum acuminatum","3.34%","Yes","0.39%",652,"No"
"Ruehssia tubularis","15.79%","Yes","0.38%",10,"No"
"Bredemeyera divaricata","2.68%","Yes","0.38%",368,"No"
"Pilea microphylla","0.38%","No",,,
"Morella cerifera","0.38%","No",,,
"Vittaria lineata","0.38%","No",,,
"Jatropha integerrima","0.38%","No",,,
"Opuntia cochenillifera","0.38%","No",,,
"Pseudelephantopus spicatus","0.38%","No",,,
"Pouteria torta","0.38%","No",,,
"Homalium racemosum","0.38%","No",,,
"Dicranella hilariana","0.38%","No",,,
"Cryptolophocolea martiana","0.38%","No",,,
"Boehmeria ulmifolia","0.38%","No",,,
"Eriosema diffusum","0.38%","No",,,
"Stapfochloa ciliata","0.38%","No",,,
"Pecluma dulcis","0.38%","No",,,
"Chaetomorpha brachygona","0.38%","No",,,
"Turnera pumilea","0.38%","No",,,
"Peperomia maculosa","0.38%","No",,,
"Sebastiania pavoniana","0.38%","No",,,
"Syrrhopodon lycopodioides","0.38%","No",,,
"Clitoria mexicana","0.38%","No",,,
"Streptochaeta sodiroana","0.38%","No",,,
"Plagiochila crispabilis","0.38%","No",,,
"Inga acrocephala","2.50%","Yes","0.38%",446,"No"
"Siparuna thecaphora","2.01%","Yes","0.38%",2884,"No"
"Fridericia pubescens","2.75%","Yes","0.37%",747,"No"
"Utricularia simulans","3.33%","Yes","0.37%",592,"No"
"Miconia centrodesma","2.62%","Yes","0.37%",806,"No"
"Asplenium juglandifolium","2.80%","Yes","0.37%",638,"No"
"Rivina humilis","0.37%","No",,,
"Euphorbia heterophylla","0.37%","No",,,
"Momordica charantia","0.37%","No",,,
"Sesuvium portulacastrum","0.37%","No",,,
"Epipremnum aureum","0.37%","No",,,
"Melampodium divaricatum","0.37%","No",,,
"Cucurbita argyrosperma","0.37%","No",,,
"Cyclanthus bipartitus","0.37%","No",,,
"Hypericum fasciculatum","0.37%","No",,,
"Dicranopteris flexuosa","0.37%","No",,,
"Nepsera aquatica","0.37%","No",,,
"Nama jamaicensis","0.37%","No",,,
"Voyria aphylla","0.37%","No",,,
"Myroxylon balsamum","0.37%","No",,,
"Cheilolejeunea filiformis","0.37%","No",,,
"Dennstaedtia cicutaria","0.37%","No",,,
"Cyperus diffusus","0.37%","No",,,
"Adiantum amplum","0.37%","No",,,
"Werauhia hygrometrica","0.37%","No",,,
"Chassalia parvifolia","0.37%","No",,,
"Triphora gentianoides","0.37%","No",,,
"Aristida recurvata","2.52%","Yes","0.37%",286,"No"
"Rugoloa polygonata","2.08%","Yes","0.37%",885,"No"
"Actinodontium sprucei","6.67%","Yes","0.37%",67,"No"
"Aegiphila elata","5.04%","Yes","0.36%",301,"No"
"Marsypianthes chamaedrys","2.75%","Yes","0.36%",2122,"No"
"Lindsaea portoricensis","2.18%","Yes","0.36%",182,"No"
"Tectaria heracleifolia","4.39%","Yes","0.36%",1980,"No"
"Ipomoea indica","0.36%","No",,,
"Passiflora foetida","0.36%","No",,,
"Trichilia hirta","0.36%","No",,,
"Spyridia filamentosa","0.36%","No",,,
"Utricularia purpurea","0.36%","No",,,
"Piper aequale","0.36%","No",,,
"Caperonia palustris","0.36%","No",,,
"Phlebodium decumanum","0.36%","No",,,
"Nephrolepis rivularis","0.36%","No",,,
"Phyllogonium fulgens","0.36%","No",,,
"Peperomia alata","0.36%","No",,,
"Stachytarpheta mutabilis","0.36%","No",,,
"Baltimora recta","0.36%","No",,,
"Alchorneopsis floribunda","0.36%","No",,,
"Paspalum pilosum","0.36%","No",,,
"Crinum erubescens","0.36%","No",,,
"Polygala glochidiata","0.36%","No",,,
"Ceratolejeunea cubensis","0.36%","No",,,
"Fissidens guianensis","0.36%","No",,,
"Xanthosoma mexicanum","0.36%","No",,,
"Sigmoidotropis speciosa","0.36%","No",,,
"Frullania apiculata","0.36%","No",,,
"Pontederia heterosperma","0.36%","No",,,
"Podostemum rutifolium","0.36%","No",,,
"Phoradendron trinervium","0.36%","No",,,
"Palicourea cuspidata","0.36%","No",,,
"Mimosa tarda","11.32%","Yes","0.36%",111,"No"
"Fissidens juruensis","12.50%","Yes","0.36%",13,"No"
"Prosthechea cochleata","9.97%","Yes","0.35%",1954,"No"
"Burmannia capitata","2.01%","Yes","0.35%",1124,"No"
"Lepidopilidium nitens","7.16%","Yes","0.35%",184,"No"
"Laurencia caraibica","2.08%","Yes","0.35%",39,"No"
"Heliotropium angiospermum","0.35%","No",,,
"Macroptilium lathyroides","0.35%","No",,,
"Crateva tapia","0.35%","No",,,
"Microcalpe subsimplex","0.35%","No",,,
"Evolvulus nummularius","0.35%","No",,,
"Cyperus hermaphroditus","0.35%","No",,,
"Alocasia macrorrhizos","0.35%","No",,,
"Passiflora sexflora","0.35%","No",,,
"Entada polystachya","0.35%","No",,,
"Barleria oenotheroides","0.35%","No",,,
"Salvia occidentalis","0.35%","No",,,
"Krugiodendron ferreum","0.35%","No",,,
"Diospyros acapulcensis","0.35%","No",,,
"Bostrychia tenella","0.35%","No",,,
"Chamaecrista serpens","0.35%","No",,,
"Acaciella glauca","0.35%","No",,,
"Henicodium geniculatum","0.35%","No",,,
"Fimbristylis squarrosa","0.35%","No",,,
"Cassia javanica","0.35%","No",,,
"Ficus velutina","0.35%","No",,,
"Cupania dentata","0.35%","No",,,
"Lomaridium fragile","0.35%","No",,,
"Lomaridium ensiforme","0.35%","No",,,
"Quercus xalapensis","0.35%","No",,,
"Porella swartziana","0.35%","No",,,
"Phoenix roebelenii","0.35%","No",,,
"Macleania insignis","0.35%","No",,,
"Porotrichum mutabile","0.35%","No",,,
"Aeschynomene ciliata","0.35%","No",,,
"Verbesina oerstediana","0.35%","No",,,
"Lithophyllum stictaeforme","0.35%","No",,,
"Machaerium salvadorense","0.35%","No",,,
"Noterophila limnobios","0.35%","No",,,
"Cyclolejeunea peruviana","0.35%","No",,,
"Pleradenophora membranifolia","0.35%","No",,,
"Orthosia glaberrima","0.35%","No",,,
"Terminalia macrostachya","0.35%","No",,,
"Cheiloclinium belizense","9.21%","Yes","0.35%",208,"No"
"Sematophyllum pursellii","14.29%","Yes","0.35%",5,"No"
"Coutoubea spicata","6.31%","Yes","0.35%",1219,"No"
"Guarea glabra","2.58%","Yes","0.35%",2455,"No"
"Tanaecium pyramidatum","2.28%","Yes","0.34%",1937,"No"
"Ibervillea millspaughii","2.30%","Yes","0.34%",65,"No"
"Pelekium schistocalyx","2.49%","Yes","0.34%",226,"No"
"Sagittaria lancifolia","0.34%","No",,,
"Laurencia dendroidea","0.34%","No",,,
"Andropogon bicornis","0.34%","No",,,
"Jatropha multifida","0.34%","No",,,
"Myrcianthes fragrans","0.34%","No",,,
"Miconia serrulata","0.34%","No",,,
"Schizaea elegans","0.34%","No",,,
"Lejeunea phyllobola","0.34%","No",,,
"Valonia aegagropila","0.34%","No",,,
"Anredera vesicaria","0.34%","No",,,
"Plagiochila adianthoides","0.34%","No",,,
"Caulerpa lanuginosa","0.34%","No",,,
"Udotea javensis","0.34%","No",,,
"Orthostichella versicolor","0.34%","No",,,
"Salvia serotina","0.34%","No",,,
"Passiflora lancearia","0.34%","No",,,
"Tripsacum pilosum","0.34%","No",,,
"Diospyros yatesiana","0.34%","No",,,
"Microdictyon boergesenii","22.12%","Yes","0.34%",76,"No"
"Rhynchospora barbata","2.25%","Yes","0.34%",1679,"No"
"Peperomia pseudopereskiifolia","6.50%","Yes","0.34%",138,"No"
"Stizophyllum riparium","3.17%","Yes","0.33%",812,"No"
"Dasya ocellata","3.12%","Yes","0.33%",138,"No"
"Curtia tenella","2.07%","Yes","0.33%",176,"No"
"Bryopsis ramulosa","8.00%","Yes","0.33%",22,"No"
"Thamnomalia glabella","4.35%","Yes","0.33%",280,"No"
"Adiantum petiolatum","2.04%","Yes","0.33%",1019,"No"
"Cedrela odorata","0.33%","No",,,
"Octoblepharum albidum","0.33%","No",,,
"Canavalia rosea","0.33%","No",,,
"Blechnum occidentale","0.33%","No",,,
"Sida ciliaris","0.33%","No",,,
"Chamissoa altissima","0.33%","No",,,
"Crotalaria sagittalis","0.33%","No",,,
"Cyperus hortensis","0.33%","No",,,
"Ipomoea tiliacea","0.33%","No",,,
"Persicaria acuminata","0.33%","No",,,
"Microgramma reptans","0.33%","No",,,
"Pteris quadriaurita","0.33%","No",,,
"Desmoncus orthacanthos","0.33%","No",,,
"Apteria aphylla","0.33%","No",,,
"Solandra maxima","0.33%","No",,,
"Cryptostegia madagascariensis","0.33%","No",,,
"Dioscorea spiculiflora","0.33%","No",,,
"Diospyros blancoi","0.33%","No",,,
"Fridericia candicans","0.33%","No",,,
"Macropsychanthus comosus","0.33%","No",,,
"Trachyxiphium guadalupense","0.33%","No",,,
"Quercus seemannii","0.33%","No",,,
"Bauhinia blakeana","0.33%","No",,,
"Havardia platyloba","0.33%","No",,,
"Episcia cupreata","0.33%","No",,,
"Elaphoglossum sartorii","0.33%","No",,,
"Cassia moschata","0.33%","No",,,
"Sesbania grandiflora","0.33%","No",,,
"Struthanthus oerstedii","0.33%","No",,,
"Panicum cayennense","0.33%","No",,,
"Serjania cardiospermoides","0.33%","No",,,
"Piper lacunosum","0.33%","No",,,
"Zelometeorium recurvifolium","0.33%","No",,,
"Syrrhopodon incompletus","2.33%","Yes","0.32%",1952,"No"
"Pilotrichum fendleri","10.05%","Yes","0.32%",122,"No"
"Cochlidium linearifolium","4.32%","Yes","0.32%",371,"No"
"Davilla kunthii","3.58%","Yes","0.32%",2113,"No"
"Chrysophyllum venezuelanense","2.14%","Yes","0.32%",472,"No"
"Palicourea tomentosa","3.76%","Yes","0.32%",4318,"No"
"Vandenboschia collariata","4.94%","Yes","0.32%",622,"No"
"Ficus americana","0.32%","No",,,
"Mucuna pruriens","0.32%","No",,,
"Pecluma plumula","0.32%","No",,,
"Ipomoea trifida","0.32%","No",,,
"Eleocharis montana","0.32%","No",,,
"Drymonia serrulata","0.32%","No",,,
"Habenaria repens","0.32%","No",,,
"Tragia volubilis","0.32%","No",,,
"Chrysothemis pulchella","0.32%","No",,,
"Eleocharis minima","0.32%","No",,,
"Polysiphonia scopulorum","0.32%","No",,,
"Valonia utricularis","0.32%","No",,,
"Hoffmannia nicotianifolia","0.32%","No",,,
"Ctenodon fascicularis","0.32%","No",,,
"Pecluma pectinata","0.32%","No",,,
"Asplenium dentatum","0.32%","No",,,
"Billbergia pyramidalis","0.32%","No",,,
"Desmodium obtusum","0.32%","No",,,
"Triphasia trifolia","0.32%","No",,,
"Lycianthes synanthera","0.32%","No",,,
"Epiphyllum oxypetalum","0.32%","No",,,
"Catopsis floribunda","0.32%","No",,,
"Crinum amabile","0.32%","No",,,
"Polyscias scutellaria","0.32%","No",,,
"Euphorbia xalapensis","0.32%","No",,,
"Pitcairnia atrorubens","0.32%","No",,,
"Rochefortia lundellii","0.32%","No",,,
"Lejeunea flaccida","0.32%","No",,,
"Casearia emarginata","0.32%","No",,,
"Dibrachiella parviflora","0.32%","No",,,
"Trichomanes diversifrons","2.99%","Yes","0.32%",648,"No"
"Chondria collinsiana","2.17%","Yes","0.32%",72,"No"
"Paspalum peckii","33.33%","Yes","0.32%",7,"No"
"Dolichandra uncata","2.50%","Yes","0.32%",694,"No"
"Gouania polygama","2.32%","Yes","0.31%",1896,"No"
"Ziziphus mauritiana","0.31%","No",,,
"Cuphea carthagenensis","0.31%","No",,,
"Desmodium tortuosum","0.31%","No",,,
"Bulbostylis capillaris","0.31%","No",,,
"Centroceras clavulatum","0.31%","No",,,
"Hyptis capitata","0.31%","No",,,
"Rhynchospora tenuis","0.31%","No",,,
"Canavalia brasiliensis","0.31%","No",,,
"Actinostachys pennula","0.31%","No",,,
"Evolvulus filipes","0.31%","No",,,
"Senegalia gaumeri","0.31%","No",,,
"Codium decorticatum","0.31%","No",,,
"Goeppertia marantifolia","0.31%","No",,,
"Rhynchospora tracyi","0.31%","No",,,
"Egletes viscosa","0.31%","No",,,
"Leucoloma tortellum","0.31%","No",,,
"Acrolejeunea sandvicensis","0.31%","No",,,
"Zephyranthes rosea","0.31%","No",,,
"Flacourtia jangomas","0.31%","No",,,
"Tectaria athyrioides","0.31%","No",,,
"Entodon hampeanus","3.01%","Yes","0.31%",83,"No"
"Mimosa pudica","2.00%","Yes","0.31%",44,"No"
"Hyptis lantanifolia","2.36%","Yes","0.31%",749,"No"
"Epidendrum flexuosum","2.71%","Yes","0.31%",508,"No"
"Guettarda brenesii","5.26%","Yes","0.30%",12,"No"
"Pachyptera kerere","2.86%","Yes","0.30%",408,"No"
"Elleanthus linifolius","2.94%","Yes","0.30%",97,"No"
"Coccocypselum hirsutum","2.87%","Yes","0.30%",1281,"No"
"Cyperus polystachyos","0.30%","No",,,
"Sporobolus virginicus","0.30%","No",,,
"Eugenia uniflora","0.30%","No",,,
"Hymenophyllum polyanthos","0.30%","No",,,
"Bocconia frutescens","0.30%","No",,,
"Nymphoides indica","0.30%","No",,,
"Urera baccifera","0.30%","No",,,
"Rhynchospora corymbosa","0.30%","No",,,
"Chaetogastra longifolia","0.30%","No",,,
"Paspalum langei","0.30%","No",,,
"Sphyrospermum buxifolium","0.30%","No",,,
"Setaria grisebachii","0.30%","No",,,
"Leucobryum crispum","0.30%","No",,,
"Elleanthus capitatus","0.30%","No",,,
"Manihot aesculifolia","0.30%","No",,,
"Wrangelia argus","0.30%","No",,,
"Jaegerina scariosa","0.30%","No",,,
"Ixophorus unisetus","0.30%","No",,,
"Ipomoea meyeri","0.30%","No",,,
"Crotalaria nitens","0.30%","No",,,
"Polyphlebium pyxidiferum","0.30%","No",,,
"Chaetomorpha gracilis","0.30%","No",,,
"Prionolejeunea denticulata","0.30%","No",,,
"Anthurium myosuroides","0.30%","No",,,
"Bourreria huanita","0.30%","No",,,
"Uniola pittieri","0.30%","No",,,
"Piper urophyllum","0.30%","No",,,
"Phyllanthus grandifolius","0.30%","No",,,
"Lobelia sartorii","0.30%","No",,,
"Marcgravia mexicana","0.30%","No",,,
"Peperomia cyclophylla","0.30%","No",,,
"Cololejeunea obliqua","0.30%","No",,,
"Paspalum orbiculatum","2.81%","Yes","0.30%",212,"No"
"Andropogon leucostachyus","2.05%","Yes","0.30%",1472,"No"
"Sloanea tuerckheimii","10.77%","Yes","0.30%",351,"No"
"Martinella obovata","2.48%","Yes","0.30%",898,"No"
"Campylocentrum hondurense","5.56%","Yes","0.29%",13,"No"
"Gleichenella pectinata","3.45%","Yes","0.29%",1978,"No"
"Malvaviscus arboreus","0.29%","No",,,
"Scaevola taccada","0.29%","No",,,
"Indigofera suffruticosa","0.29%","No",,,
"Galactia striata","0.29%","No",,,
"Calatola costaricensis","0.29%","No",,,
"Spondias purpurea","0.29%","No",,,
"Caulerpa prolifera","0.29%","No",,,
"Fimbristylis autumnalis","0.29%","No",,,
"Bellucia pentamera","0.29%","No",,,
"Potamogeton illinoensis","0.29%","No",,,
"Dracaena fragrans","0.29%","No",,,
"Matayba scrobiculata","0.29%","No",,,
"Ceratolejeunea cornuta","0.29%","No",,,
"Teramnus labialis","0.29%","No",,,
"Callichlamys latifolia","0.29%","No",,,
"Andropogon tener","0.29%","No",,,
"Zingiber officinale","0.29%","No",,,
"Ludwigia helminthorrhiza","0.29%","No",,,
"Muhlenbergia tenella","0.29%","No",,,
"Trigonia rugosa","0.29%","No",,,
"Stillingia zelayensis","0.29%","No",,,
"Euphorbia velleriflora","0.29%","No",,,
"Xylosma panamensis","0.29%","No",,,
"Bursera arborea","0.29%","No",,,
"Genlisea filiformis","0.29%","No",,,
"Ceratolejeunea coarina","0.29%","No",,,
"Miconia ciliata","3.52%","Yes","0.29%",2551,"No"
"Adiantum macrophyllum","3.41%","Yes","0.29%",910,"No"
"Serjania sordida","15.15%","Yes","0.28%",27,"No"
"Serjania paucidentata","2.36%","Yes","0.28%",399,"No"
"Neurolejeunea breutelii","2.48%","Yes","0.28%",233,"No"
"Parmentiera aculeata","4.25%","Yes","0.28%",1143,"No"
"Thamnobryum subseriatum","3.00%","Yes","0.28%",425,"No"
"Sterculia mexicana","2.53%","Yes","0.28%",113,"No"
"Muntingia calabura","0.28%","No",,,
"Thalassia testudinum","0.28%","No",,,
"Thespesia populnea","0.28%","No",,,
"Celtis iguanaea","0.28%","No",,,
"Petiveria alliacea","0.28%","No",,,
"Cissus erosa","0.28%","No",,,
"Bauhinia ungulata","0.28%","No",,,
"Samolus ebracteatus","0.28%","No",,,
"Didymochlaena truncatula","0.28%","No",,,
"Kohleria spicata","0.28%","No",,,
"Kallstroemia maxima","0.28%","No",,,
"Tanaecium dichotomum","0.28%","No",,,
"Aniseia martinicensis","0.28%","No",,,
"Solanum umbellatum","0.28%","No",,,
"Pseudobombax ellipticum","0.28%","No",,,
"Arachnothryx buddleioides","0.28%","No",,,
"Ammannia robusta","0.28%","No",,,
"Andropogon selloanus","0.28%","No",,,
"Kalanchoe laetivirens","0.28%","No",,,
"Jania adhaerens","0.28%","No",,,
"Pavonia malacophylla","0.28%","No",,,
"Bolbitis serratifolia","0.28%","No",,,
"Schnella microstachya","0.28%","No",,,
"Mimosa hirsutissima","0.28%","No",,,
"Codium spongiosum","0.28%","No",,,
"Tetrapterys discolor","0.28%","No",,,
"Alsidium seaforthii","0.28%","No",,,
"Bletia reflexa","0.28%","No",,,
"Coccocypselum hispidulum","0.28%","No",,,
"Psychotria psychotriifolia","0.28%","No",,,
"Voyria flavescens","0.28%","No",,,
"Agenium leptocladum","0.28%","No",,,
"Condylostylis candida","0.28%","No",,,
"Asemeia ovata","0.28%","No",,,
"Setaria tenacissima","9.68%","Yes","0.28%",26,"No"
"Hemionitis palmata","2.56%","Yes","0.28%",663,"No"
"Axonopus purpusii","3.27%","Yes","0.28%",737,"No"
"Antithamnion decipiens","2.47%","Yes","0.28%",67,"No"
"Thamniopsis rivularis","3.55%","Yes","0.28%",104,"No"
"Eragrostis acutiflora","2.06%","Yes","0.27%",326,"No"
"Calymperes levyanum","2.63%","Yes","0.27%",68,"No"
"Miconia strigosa","8.00%","Yes","0.27%",24,"No"
"Avicennia germinans","0.27%","No",,,
"Gliricidia sepium","0.27%","No",,,
"Macrothelypteris torresiana","0.27%","No",,,
"Cucurbita moschata","0.27%","No",,,
"Myrsine coriacea","0.27%","No",,,
"Citrus aurantium","0.27%","No",,,
"Palicourea hoffmannseggiana","0.27%","No",,,
"Campyloneurum phyllitidis","0.27%","No",,,
"Dichorisandra hexandra","0.27%","No",,,
"Coutarea hexandra","0.27%","No",,,
"Salix humboldtiana","0.27%","No",,,
"Erythroxylum macrophyllum","0.27%","No",,,
"Ulva flexuosa","0.27%","No",,,
"Nectandra turbacensis","0.27%","No",,,
"Herposiphonia secunda","0.27%","No",,,
"Hyptis atrorubens","0.27%","No",,,
"Desmodium scorpiurus","0.27%","No",,,
"Tillandsia punctulata","0.27%","No",,,
"Lindernia rotundifolia","0.27%","No",,,
"Derbesia marina","0.27%","No",,,
"Strumpfia maritima","0.27%","No",,,
"Euploca fruticosa","0.27%","No",,,
"Prunus","0.27%","No",,,
"Metalejeunea cucullata","0.27%","No",,,
"Tectaria trifoliata","0.27%","No",,,
"Psilochilus macrophyllus","0.27%","No",,,
"Strychnos gubleri","0.27%","No",,,
"Cyperus tenuifolius","0.27%","No",,,
"Aciotis indecora","2.70%","Yes","0.27%",961,"No"
"Holomitrium arboreum","5.68%","Yes","0.27%",490,"No"
"Lygodium venustum","2.20%","Yes","0.27%",3637,"No"
"Homolepis aturensis","2.14%","Yes","0.27%",967,"No"
"Pouzolzia obliqua","3.30%","Yes","0.26%",130,"No"
"Hymenasplenium laetum","2.83%","Yes","0.26%",483,"No"
"Pilea pubescens","3.29%","Yes","0.26%",1078,"No"
"Cyanthillium cinereum","0.26%","No",,,
"Myrcia splendens","0.26%","No",,,
"Waltheria indica","0.26%","No",,,
"Persea americana","0.26%","No",,,
"Psidium guineense","0.26%","No",,,
"Randia armata","0.26%","No",,,
"Cyperus surinamensis","0.26%","No",,,
"Averrhoa carambola","0.26%","No",,,
"Peperomia glabella","0.26%","No",,,
"Distimake aegyptius","0.26%","No",,,
"Bomarea edulis","0.26%","No",,,
"Citrus limon","0.26%","No",,,
"Piriqueta cistoides","0.26%","No",,,
"Hypnea spinella","0.26%","No",,,
"Dichotomaria marginata","0.26%","No",,,
"Cuscuta indecora","0.26%","No",,,
"Chrysophyllum oliviforme","0.26%","No",,,
"Fissidens oblongifolius","0.26%","No",,,
"Chionoloma angustatum","0.26%","No",,,
"Dichanthelium villosissimum","0.26%","No",,,
"Rhynchospora velutina","0.26%","No",,,
"Dracoglossum plantagineum","0.26%","No",,,
"Cladophora catenata","0.26%","No",,,
"Mesosphaerum sidifolium","0.26%","No",,,
"Rhynchostegium scariosum","0.26%","No",,,
"Syngonium neglectum","0.26%","No",,,
"Echinopepon wrightii","0.26%","No",,,
"Peperomia pereskiifolia","0.26%","No",,,
"Peperomia rhombea","0.26%","No",,,
"Epidendrum difforme","0.26%","No",,,
"Randia longiloba","0.26%","No",,,
"Adiantum pulverulentum","2.33%","Yes","0.26%",1594,"No"
"Miconia dependens","2.07%","Yes","0.26%",2404,"No"
"Amphiroa tribulus","6.42%","Yes","0.26%",204,"No"
"Oxalis frutescens","2.78%","Yes","0.25%",2348,"No"
"Echinopepon paniculatus","2.82%","Yes","0.25%",63,"No"
"Ormosia macrocalyx","2.04%","Yes","0.25%",306,"No"
"Amphitecna macrophylla","2.27%","Yes","0.25%",32,"No"
"Cochlospermum vitifolium","0.25%","No",,,
"Cascabela thevetia","0.25%","No",,,
"Elephantopus mollis","0.25%","No",,,
"Ipomoea triloba","0.25%","No",,,
"Kalanchoe pinnata","0.25%","No",,,
"Rhipsalis baccifera","0.25%","No",,,
"Halophila decipiens","0.25%","No",,,
"Codiaeum variegatum","0.25%","No",,,
"Pyrrhobryum spiniforme","0.25%","No",,,
"Schizachyrium sanguineum","0.25%","No",,,
"Hypnea musciformis","0.25%","No",,,
"Anthurium microspadix","0.25%","No",,,
"Epiphyllum phyllanthus","0.25%","No",,,
"Fuirena simplex","0.25%","No",,,
"Dypsis lutescens","0.25%","No",,,
"Roystonea regia","0.25%","No",,,
"Yucca gigantea","0.25%","No",,,
"Mimosa candollei","0.25%","No",,,
"Orthopappus angustifolius","0.25%","No",,,
"Halimeda gracilis","0.25%","No",,,
"Persea schiedeana","0.25%","No",,,
"Euphorbia lactea","0.25%","No",,,
"Mikania guaco","0.25%","No",,,
"Marcgravia brownei","0.25%","No",,,
"Plagiochila disticha","0.25%","No",,,
"Scleria melaleuca","0.25%","No",,,
"Tara vesicaria","0.25%","No",,,
"Polytaenium feei","0.25%","No",,,
"Prosthechea crassilabia","0.25%","No",,,
"Crinum zeylanicum","0.25%","No",,,
"Jacquemontia havanensis","0.25%","No",,,
"Erythrostemon exostemma","0.25%","No",,,
"Heliconia collinsiana","3.26%","Yes","0.25%",583,"No"
"Pouteria durlandii","4.59%","Yes","0.25%",683,"No"
"Acrothamnion butleriae","16.67%","Yes","0.25%",18,"No"
"Thamniopsis colombica","8.24%","Yes","0.24%",60,"No"
"Justicia brevifolia","16.67%","Yes","0.24%",5,"No"
"Physostemon lanceolatus","3.95%","Yes","0.24%",113,"No"
"Delonix regia","0.24%","No",,,
"Synedrella nodiflora","0.24%","No",,,
"Lippia alba","0.24%","No",,,
"Euphorbia ophthalmica","0.24%","No",,,
"Christella hispidula","0.24%","No",,,
"Epidendrum ramosum","0.24%","No",,,
"Aeschynomene sensitiva","0.24%","No",,,
"Calymperes afzelii","0.24%","No",,,
"Stemodia verticillata","0.24%","No",,,
"Paepalanthus fluviatilis","0.24%","No",,,
"Guapira costaricana","0.24%","No",,,
"Setaria vulpiseta","0.24%","No",,,
"Liagora ceranoides","0.24%","No",,,
"Pinus maximinoi","0.24%","No",,,
"Metzgeria ciliata","0.24%","No",,,
"Coulteria velutina","0.24%","No",,,
"Tillandsia makoyana","0.24%","No",,,
"Roystonea oleracea","0.24%","No",,,
"Guarianthe skinneri","0.24%","No",,,
"Anthurium trilobum","0.24%","No",,,
"Amauropelta cheilanthoides","0.24%","No",,,
"Diphysa floribunda","0.24%","No",,,
"Buchnera obliqua","0.24%","No",,,
"Tetracera indica","0.24%","No",,,
"Louisiella elephantipes","0.24%","No",,,
"Utricularia erectiflora","3.35%","Yes","0.24%",155,"No"
"Neomeris mucosa","7.35%","Yes","0.24%",32,"No"
"Plagiochila superba","2.01%","Yes","0.24%",180,"No"
"Prionolejeunea exauriculata","22.22%","Yes","0.23%",9,"No"
"Anemopaegma chrysoleucum","3.07%","Yes","0.23%",340,"No"
"Euphorbia hirta","0.23%","No",,,
"Miconia crenata","0.23%","No",,,
"Tillandsia fasciculata","0.23%","No",,,
"Hieronyma oblonga","0.23%","No",,,
"Iresine diffusa","0.23%","No",,,
"Sophora tomentosa","0.23%","No",,,
"Didymopanax morototoni","0.23%","No",,,
"Ficus aurea","0.23%","No",,,
"Araucaria columnaris","0.23%","No",,,
"Malvaviscus penduliflorus","0.23%","No",,,
"Chryso-hypnum diminutivum","0.23%","No",,,
"Mesechites trifidus","0.23%","No",,,
"Wrangelia penicillata","0.23%","No",,,
"Zapoteca portoricensis","0.23%","No",,,
"Entada gigas","0.23%","No",,,
"Lagascea mollis","0.23%","No",,,
"Pelekium minutulum","0.23%","No",,,
"Tillandsia butzii","0.23%","No",,,
"Crassiphycus caudatus","0.23%","No",,,
"Ctenodon elegans","0.23%","No",,,
"Merremia umbellata","0.23%","No",,,
"Groutiella chimborazensis","0.23%","No",,,
"Dioon edule","0.23%","No",,,
"Dichaea morrisii","0.23%","No",,,
"Mucuna rostrata","0.23%","No",,,
"Tabernaemontana citrifolia","0.23%","No",,,
"Jania pumila","0.23%","No",,,
"Lechea torreyi","0.23%","No",,,
"Helenium quadridentatum","0.23%","No",,,
"Buchnera longifolia","0.23%","No",,,
"Phoradendron robustissimum","0.23%","No",,,
"Sparattanthelium amazonum","0.23%","No",,,
"Justicia comata","0.23%","No",,,
"Pochota fendleri","0.23%","No",,,
"Leucoloma cruegerianum","6.49%","Yes","0.23%",276,"No"
"Codium intertextum","3.61%","Yes","0.23%",395,"No"
"Peyssonnelia boudouresquei","8.00%","Yes","0.23%",17,"No"
"Didymoglossum ovale","6.35%","Yes","0.23%",95,"No"
"Rhynchospora exaltata","2.39%","Yes","0.22%",1229,"No"
"Bursera simaruba","0.22%","No",,,
"Syzygium cumini","0.22%","No",,,
"Ruellia simplex","0.22%","No",,,
"Melothria pendula","0.22%","No",,,
"Pluchea odorata","0.22%","No",,,
"Chamaedorea pinnatifrons","0.22%","No",,,
"Vigna vexillata","0.22%","No",,,
"Dichanthelium acuminatum","0.22%","No",,,
"Phyllanthus amarus","0.22%","No",,,
"Machaerium biovulatum","0.22%","No",,,
"Lophosoria quadripinnata","0.22%","No",,,
"Zingiber spectabile","0.22%","No",,,
"Scadoxus multiflorus","0.22%","No",,,
"Myriopus volubilis","0.22%","No",,,
"Neustanthus phaseoloides","0.22%","No",,,
"Chaptalia nutans","0.22%","No",,,
"Croton niveus","0.22%","No",,,
"Comparettia falcata","0.22%","No",,,
"Croton glabellus","0.22%","No",,,
"Argyreia nervosa","0.22%","No",,,
"Hyptis obtusiflora","0.22%","No",,,
"Pterolepis trichotoma","0.22%","No",,,
"Drymaria villosa","0.22%","No",,,
"Hauya elegans","0.22%","No",,,
"Plagiochila patula","0.22%","No",,,
"Selaginella flabellata","0.22%","No",,,
"Cyrtostachys renda","0.22%","No",,,
"Cyclopogon cranichoides","0.22%","No",,,
"Calea prunifolia","0.22%","No",,,
"Agalinis peduncularis","0.22%","No",,,
"Chelonanthus viridiflorus","0.22%","No",,,
"Paspalum nutans","0.22%","No",,,
"Fissidens steerei","0.22%","No",,,
"Serjania membranacea","0.22%","No",,,
"Lindsaea stricta","3.18%","Yes","0.22%",1011,"No"
"Malachra capitata","2.14%","Yes","0.22%",805,"No"
"Vittaria flavicosta","4.17%","Yes","0.21%",36,"No"
"Miconia holosericea","3.60%","Yes","0.21%",1115,"No"
"Trichomanes polypodioides","2.52%","Yes","0.21%",763,"No"
"Blechnum gracile","2.90%","Yes","0.21%",628,"No"
"Caulerpa occidentalis","4.15%","Yes","0.21%",234,"No"
"Laguncularia racemosa","0.21%","No",,,
"Cyperus odoratus","0.21%","No",,,
"Cenchrus echinatus","0.21%","No",,,
"Syringodium filiforme","0.21%","No",,,
"Boerhavia diffusa","0.21%","No",,,
"Pourouma bicolor","0.21%","No",,,
"Phyllanthus niruri","0.21%","No",,,
"Eragrostis hypnoides","0.21%","No",,,
"Abildgaardia ovata","0.21%","No",,,
"Manicaria saccifera","0.21%","No",,,
"Iresine rhizomatosa","0.21%","No",,,
"Hibiscus sabdariffa","0.21%","No",,,
"Nitella gracilis","0.21%","No",,,
"Curcuma longa","0.21%","No",,,
"Pseudogynoxys chenopodioides","0.21%","No",,,
"Erythrina americana","0.21%","No",,,
"Bazzania hookeri","0.21%","No",,,
"Entodon macropodus","0.21%","No",,,
"Erythrodontium longisetum","0.21%","No",,,
"Pontederia rotundifolia","0.21%","No",,,
"Syzygium samarangense","0.21%","No",,,
"Pitcairnia heterophylla","0.21%","No",,,
"Radula javanica","0.21%","No",,,
"Elaphoglossum erinaceum","0.21%","No",,,
"Sorghastrum setosum","0.21%","No",,,
"Axonopus capillaris","0.21%","No",,,
"Jania cubensis","0.21%","No",,,
"Zornia thymifolia","0.21%","No",,,
"Buchnera palustris","0.21%","No",,,
"Brownea macrophylla","0.21%","No",,,
"Fischeria stellata","0.21%","No",,,
"Aiouea pachypoda","0.21%","No",,,
"Avrainvillea nigricans","5.68%","Yes","0.21%",331,"No"
"Chamaecrista fagonioides","3.21%","Yes","0.20%",486,"No"
"Trachyxiphium hypnaceum","14.29%","Yes","0.20%",49,"No"
"Orthostichidium quadrangulare","2.22%","Yes","0.20%",243,"No"
"Blechnum meridense","12.28%","Yes","0.20%",45,"No"
"Chionoloma richardsii","24.49%","Yes","0.20%",28,"No"
"Trichanthecium cyanescens","2.02%","Yes","0.20%",767,"No"
"Pteris pungens","3.83%","Yes","0.20%",458,"No"
"Ipomoea pes-caprae","0.20%","No",,,
"Sida acuta","0.20%","No",,,
"Senegalia polyphylla","0.20%","No",,,
"Ipomoea alba","0.20%","No",,,
"Alternanthera brasiliana","0.20%","No",,,
"Myrsine coriacea","0.20%","No",,,
"Luffa aegyptiaca","0.20%","No",,,
"Rosulabryum billarderii","0.20%","No",,,
"Triumfetta semitriloba","0.20%","No",,,
"Caulerpa taxifolia","0.20%","No",,,
"Ludwigia erecta","0.20%","No",,,
"Hypoxis decumbens","0.20%","No",,,
"Gomphrena globosa","0.20%","No",,,
"Erythrina variegata","0.20%","No",,,
"Ticanto crista","0.20%","No",,,
"Sematophyllum swartzii","0.20%","No",,,
"Echinochloa polystachya","0.20%","No",,,
"Anthephora hermaphrodita","0.20%","No",,,
"Euphorbia schlechtendalii","0.20%","No",,,
"Malpighia emarginata","0.20%","No",,,
"Phoradendron mucronatum","0.20%","No",,,
"Desmodium distortum","0.20%","No",,,
"Indigofera cytisoides","0.20%","No",,,
"Gemmabryum apiculatum","0.20%","No",,,
"Dalbergia ovalis","0.20%","No",,,
"Hecistopteris pumila","0.20%","No",,,
"Murrayella periclados","0.20%","No",,,
"Pilotrichum bipinnatum","0.20%","No",,,
"Pogonatum tortile","0.20%","No",,,
"Sporobolus tenuissimus","0.20%","No",,,
"Eleocharis equisetoides","0.20%","No",,,
"Wodyetia bifurcata","0.20%","No",,,
"Sarcoglottis schaffneri","0.20%","No",,,
"Sideroxylon portoricense","0.20%","No",,,
"Desmodium infractum","0.20%","No",,,
"Pseudabutilon umbellatum","0.20%","No",,,
"Mansoa alliacea","0.20%","No",,,
"Didymoglossum membranaceum","0.20%","No",,,
"Echites panduratus","0.20%","No",,,
"Dichanthelium ensifolium","0.20%","No",,,
"Randia laetevirens","0.20%","No",,,
"Cyrtopodium macrobulbon","0.20%","No",,,
"Paspalum botterii","0.20%","No",,,
"Kurzia capillaris","0.20%","No",,,
"Gracilaria debilis","12.82%","Yes","0.20%",212,"No"
"Polystachya paulensis","2.63%","Yes","0.20%",24,"No"
"Solanum nudum","4.61%","Yes","0.20%",1888,"No"
"Rhynchospora radicans","3.80%","Yes","0.20%",996,"No"
"Lecointea amazonica","5.09%","Yes","0.20%",140,"No"
"Tectaria faberiana","4.23%","Yes","0.19%",28,"No"
"Machaerium floribundum","3.53%","Yes","0.19%",339,"No"
"Schlegelia parviflora","4.36%","Yes","0.19%",530,"No"
"Ruellia ciliatiflora","0.19%","No",,,
"Ochroma pyramidale","0.19%","No",,,
"Chaetomorpha linum","0.19%","No",,,
"Ipomoea quamoclit","0.19%","No",,,
"Hymenaea courbaril","0.19%","No",,,
"Hyparrhenia rufa","0.19%","No",,,
"Cyperus aggregatus","0.19%","No",,,
"Champia parvula","0.19%","No",,,
"Mikania cordifolia","0.19%","No",,,
"Dichanthelium sphaerocarpon","0.19%","No",,,
"Coursetia caribaea","0.19%","No",,,
"Zapoteca formosa","0.19%","No",,,
"Meniscium serratum","0.19%","No",,,
"Spermacoce alata","0.19%","No",,,
"Lysiloma acapulcense","0.19%","No",,,
"Senegalia riparia","0.19%","No",,,
"Clethra mexicana","0.19%","No",,,
"Lejeunea glaucescens","0.19%","No",,,
"Callisia fragrans","0.19%","No",,,
"Arachniodes denticulata","0.19%","No",,,
"Caloglossa leprieurii","0.19%","No",,,
"Fimbristylis vahlii","0.19%","No",,,
"Cyperus elegans","0.19%","No",,,
"Solanum acerifolium","0.19%","No",,,
"Vigna umbellata","0.19%","No",,,
"Lomariopsis japurensis","0.19%","No",,,
"Campylopus savannarum","0.19%","No",,,
"Styrax glabrescens","0.19%","No",,,
"Schnella outimouta","0.19%","No",,,
"Lopholejeunea nigricans","0.19%","No",,,
"Aechmea mexicana","0.19%","No",,,
"Scleria hirtella","0.19%","No",,,
"Psychotria chagrensis","0.19%","No",,,
"Priva mexicana","0.19%","No",,,
"Centrosema angustifolium","0.19%","No",,,
"Kalanchoe integra","0.19%","No",,,
"Euphorbia anychioides","0.19%","No",,,
"Pseudognaphalium roseum","0.19%","No",,,
"Peperomia silvivaga","0.19%","No",,,
"Smilax officinalis","0.19%","No",,,
"Pereskia grandifolia","0.19%","No",,,
"Dorstenia choconiana","0.19%","No",,,
"Citharexylum donnell-smithii","0.19%","No",,,
"Hypericum thesiifolium","0.19%","No",,,
"Combretum rotundifolium","0.19%","No",,,
"Ipomoea minutiflora","0.19%","No",,,
"Habenaria quinqueseta","0.19%","No",,,
"Pleonosporium boergesenii","7.14%","Yes","0.19%",16,"No"
"Blakea calycularis","2.04%","Yes","0.19%",71,"No"
"Fissidens elegans","3.22%","Yes","0.19%",805,"No"
"Dasya mollis","2.70%","Yes","0.19%",57,"No"
"Parvocaulis polyphysoides","4.17%","Yes","0.18%",35,"No"
"Lepidopilum brevipes","3.42%","Yes","0.18%",95,"No"
"Stigmaphyllon puber","2.34%","Yes","0.18%",91,"No"
"Allophylus punctatus","4.68%","Yes","0.18%",223,"No"
"Nowellia evansii","9.38%","Yes","0.18%",27,"No"
"Tridax procumbens","0.18%","No",,,
"Canna indica","0.18%","No",,,
"Macroptilium atropurpureum","0.18%","No",,,
"Piper arboreum","0.18%","No",,,
"Thunbergia erecta","0.18%","No",,,
"Sporobolus pumilus","0.18%","No",,,
"Paspalum paniculatum","0.18%","No",,,
"Meteoridium remotifolium","0.18%","No",,,
"Costus scaber","0.18%","No",,,
"Chelonanthus alatus","0.18%","No",,,
"Sematophyllum adnatum","0.18%","No",,,
"Teramnus uncinatus","0.18%","No",,,
"Tarenaya spinosa","0.18%","No",,,
"Ficus crocata","0.18%","No",,,
"Psittacanthus calyculatus","0.18%","No",,,
"Leptospron adenanthum","0.18%","No",,,
"Amyris elemifera","0.18%","No",,,
"Astronium fraxinifolium","0.18%","No",,,
"Jasminum sambac","0.18%","No",,,
"Lindsaea guianensis","0.18%","No",,,
"Octoblepharum cocuiense","0.18%","No",,,
"Rhynchospora aristata","0.18%","No",,,
"Lepidaploa salzmannii","0.18%","No",,,
"Pilocarpus racemosus","0.18%","No",,,
"Rauvolfia ligustrina","0.18%","No",,,
"Myrsine lorentziana","0.18%","No",,,
"Majidea zanguebarica","0.18%","No",,,
"Campylopus tallulensis","0.18%","No",,,
"Mikania hookeriana","0.18%","No",,,
"Pteris propinqua","0.18%","No",,,
"Gloxinia perennis","0.18%","No",,,
"Crossomitrium patrisiae","2.96%","Yes","0.18%",507,"No"
"Caulerpa fastigiata","3.14%","Yes","0.18%",312,"No"
"Ichnanthus inconstans","2.98%","Yes","0.18%",460,"No"
"Christiana africana","3.20%","Yes","0.18%",316,"No"
"Forsteronia acouci","5.33%","Yes","0.17%",441,"No"
"Miconia chrysophylla","2.25%","Yes","0.17%",527,"No"
"Danaea geniculata","3.89%","Yes","0.17%",213,"No"
"Galaxaura subverticillata","4.12%","Yes","0.17%",79,"No"
"Cordia alliodora","0.17%","No",,,
"Spathodea campanulata","0.17%","No",,,
"Bacopa monnieri","0.17%","No",,,
"Clusia minor","0.17%","No",,,
"Handroanthus chrysanthus","0.17%","No",,,
"Utricularia gibba","0.17%","No",,,
"Ximenia americana","0.17%","No",,,
"Grona triflora","0.17%","No",,,
"Hypopterygium tamarisci","0.17%","No",,,
"Lasiacis maculata","0.17%","No",,,
"Annona cherimola","0.17%","No",,,
"Palicourea justiciifolia","0.17%","No",,,
"Philonotis hastata","0.17%","No",,,
"Eragrostis bahiensis","0.17%","No",,,
"Holmskioldia sanguinea","0.17%","No",,,
"Myrsine juergensenii","0.17%","No",,,
"Bulbostylis ciliatifolia","0.17%","No",,,
"Amaranthus polygonoides","0.17%","No",,,
"Bostrychia montagnei","0.17%","No",,,
"Paspalum convexum","0.17%","No",,,
"Paspalum maritimum","0.17%","No",,,
"Hemieva ranunculifolia","0.17%","No",,,
"Cayaponia attenuata","0.17%","No",,,
"Tapirira mexicana","0.17%","No",,,
"Clethra macrophylla","0.17%","No",,,
"Sida planicaulis","0.17%","No",,,
"Kalanchoe crenata","0.17%","No",,,
"Marchesinia brachiata","0.17%","No",,,
"Eugenia rhombea","0.17%","No",,,
"Galeandra baueri","2.17%","Yes","0.17%",38,"No"
"Stictolejeunea squamata","2.77%","Yes","0.17%",327,"No"
"Lepidopilum tortifolium","4.24%","Yes","0.17%",110,"No"
"Callicostella oerstediana","4.65%","Yes","0.17%",63,"No"
"Scaphyglottis prolifera","3.09%","Yes","0.16%",519,"No"
"Halimeda copiosa","12.38%","Yes","0.16%",184,"No"
"Calymperes lonchophyllum","2.53%","Yes","0.16%",739,"No"
"Chamaedorea tepejilote","3.34%","Yes","0.16%",1594,"No"
"Piper auritum","2.79%","Yes","0.16%",3625,"No"
"Arthrostemma ciliatum","2.40%","Yes","0.16%",3040,"No"
"Mimosa pigra","0.16%","No",,,
"Enterolobium cyclocarpum","0.16%","No",,,
"Casuarina equisetifolia","0.16%","No",,,
"Brittonodoxa subpinnata","0.16%","No",,,
"Ipomoea carnea","0.16%","No",,,
"Hymenostylium recurvirostrum","0.16%","No",,,
"Hymenachne amplexicaulis","0.16%","No",,,
"Hibiscus rosa-sinensis","0.16%","No",,,
"Monstera deliciosa","0.16%","No",,,
"Gomphrena serrata","0.16%","No",,,
"Fimbristylis littoralis","0.16%","No",,,
"Cyperus articulatus","0.16%","No",,,
"Hydrocotyle umbellata","0.16%","No",,,
"Selenicereus undatus","0.16%","No",,,
"Salpichlaena volubilis","0.16%","No",,,
"Colubrina asiatica","0.16%","No",,,
"Fleischmannia pycnocephala","0.16%","No",,,
"Zingiber zerumbet","0.16%","No",,,
"Loeselia glandulosa","0.16%","No",,,
"Wissadula amplissima","0.16%","No",,,
"Trichilia pleeana","0.16%","No",,,
"Arceuthobium vaginatum","0.16%","No",,,
"Alternanthera flavescens","0.16%","No",,,
"Corchorus hirtus","0.16%","No",,,
"Lepidagathis alopecuroidea","0.16%","No",,,
"Chara zeylanica","0.16%","No",,,
"Gmelina arborea","0.16%","No",,,
"Garcinia macrophylla","0.16%","No",,,
"Asplenium radicans","0.16%","No",,,
"Odontolejeunea lunulata","0.16%","No",,,
"Rhynchospora riparia","0.16%","No",,,
"Senna mollissima","0.16%","No",,,
"Monotropa coccinea","0.16%","No",,,
"Schaefferia frutescens","0.16%","No",,,
"Bonellia nervosa","0.16%","No",,,
"Palicourea hebeclada","0.16%","No",,,
"Codium repens","8.10%","Yes","0.16%",138,"No"
"Pavonia paniculata","2.75%","Yes","0.16%",348,"No"
"Hydrogonium arcuatum","4.33%","Yes","0.16%",314,"No"
"Solanum donianum","4.33%","Yes","0.15%",1337,"No"
"Leptochloa virgata","2.04%","Yes","0.15%",1150,"No"
"Callicostella merkelii","3.15%","Yes","0.15%",83,"No"
"Commelina erecta","0.15%","No",,,
"Eulophia maculata","0.15%","No",,,
"Euterpe precatoria","0.15%","No",,,
"Senna occidentalis","0.15%","No",,,
"Rhynchosia minima","0.15%","No",,,
"Heliotropium indicum","0.15%","No",,,
"Clitoria ternatea","0.15%","No",,,
"Abrus precatorius","0.15%","No",,,
"Oldenlandia corymbosa","0.15%","No",,,
"Piper umbellatum","0.15%","No",,,
"Stylosanthes scabra","0.15%","No",,,
"Pluchea baccharis","0.15%","No",,,
"Ficus elastica","0.15%","No",,,
"Symphyotrichum expansum","0.15%","No",,,
"Blighia sapida","0.15%","No",,,
"Ipomoea mauritiana","0.15%","No",,,
"Rotala ramosior","0.15%","No",,,
"Centella erecta","0.15%","No",,,
"Cyperus imbricatus","0.15%","No",,,
"Varronia bullata","0.15%","No",,,
"Trichocentrum cebolleta","0.15%","No",,,
"Chondria capillaris","0.15%","No",,,
"Hookeria acutifolia","0.15%","No",,,
"Ceratodictyon variabile","0.15%","No",,,
"Eleocharis maculosa","0.15%","No",,,
"Monstera siltepecana","0.15%","No",,,
"Spermacoce confusa","0.15%","No",,,
"Solanum sessiliflorum","0.15%","No",,,
"Bunchosia nitida","0.15%","No",,,
"Cladophora dalmatica","0.15%","No",,,
"Notopleura epiphytica","0.15%","No",,,
"Zornia diphylla","0.15%","No",,,
"Cereus hexagonus","0.15%","No",,,
"Plagiochila rutilans","0.15%","No",,,
"Panicum polygonatum","2.88%","Yes","0.15%",76,"No"
"Ipomoea setosa","22.22%","Yes","0.15%",9,"No"
"Udotea flabellum","3.60%","Yes","0.14%",1252,"No"
"Costus pulverulentus","3.41%","Yes","0.14%",1739,"No"
"Distimake cissoides","2.91%","Yes","0.14%",1077,"No"
"Phyla nodiflora","0.14%","No",,,
"Parthenium hysterophorus","0.14%","No",,,
"Mikania micrantha","0.14%","No",,,
"Arivela viscosa","0.14%","No",,,
"Coffea arabica","0.14%","No",,,
"Distichlis spicata","0.14%","No",,,
"Zinnia elegans","0.14%","No",,,
"Axonopus compressus","0.14%","No",,,
"Sapium glandulosum","0.14%","No",,,
"Peperomia pellucida","0.14%","No",,,
"Fuirena umbellata","0.14%","No",,,
"Ipomoea sagittata","0.14%","No",,,
"Melaleuca leucadendra","0.14%","No",,,
"Lejeunea laetevirens","0.14%","No",,,
"Laportea aestuans","0.14%","No",,,
"Acalypha wilkesiana","0.14%","No",,,
"Solanum lanceolatum","0.14%","No",,,
"Bauhinia variegata","0.14%","No",,,
"Cladophora albida","0.14%","No",,,
"Xanthosoma sagittifolium","0.14%","No",,,
"Cordia collococca","0.14%","No",,,
"Asplenium auriculatum","0.14%","No",,,
"Sticherus bifidus","0.14%","No",,,
"Stachytarpheta indica","0.14%","No",,,
"Jacquemontia nodiflora","0.14%","No",,,
"Flemingia strobilifera","0.14%","No",,,
"Phyllanthus caroliniensis","0.14%","No",,,
"Peperomia serpens","0.14%","No",,,
"Bulbostylis juncoides","0.14%","No",,,
"Pelazoneuron ovatum","0.14%","No",,,
"Zamia furfuracea","0.14%","No",,,
"Sorghum drummondii","0.14%","No",,,
"Cyperus simplex","0.14%","No",,,
"Chamaedorea elegans","0.14%","No",,,
"Ambrosia camphorata","0.14%","No",,,
"Cheilanthes quadripinnata","0.14%","No",,,
"Aristida hamulosa","0.14%","No",,,
"Tephrosia noctiflora","0.14%","No",,,
"Ficus hartwegii","0.14%","No",,,
"Chrysopogon zizanioides","0.14%","No",,,
"Microgramma tecta","0.14%","No",,,
"Begonia plebeja","0.14%","No",,,
"Didymoglossum reptans","0.14%","No",,,
"Cissus obliqua","0.14%","No",,,
"Utricularia adpressa","9.19%","Yes","0.14%",137,"No"
"Cryptonemia crenulata","2.47%","Yes","0.14%",321,"No"
"Acianthera erinacea","5.66%","Yes","0.14%",30,"No"
"Anadyomene stellata","2.30%","Yes","0.14%",1089,"No"
"Leskeodon andicola","2.52%","Yes","0.14%",79,"No"
"Cyclolejeunea accedens","3.41%","Yes","0.13%",64,"No"
"Rhodowynnea nordstedtii","11.11%","Yes","0.13%",7,"No"
"Syrrhopodon circinatus","2.68%","Yes","0.13%",105,"No"
"Solanum americanum","0.13%","No",,,
"Eclipta prostrata","0.13%","No",,,
"Fimbristylis dichotoma","0.13%","No",,,
"Ipomoea batatas","0.13%","No",,,
"Capsicum annuum","0.13%","No",,,
"Symphyotrichum subulatum","0.13%","No",,,
"Commelina diffusa","0.13%","No",,,
"Scoparia dulcis","0.13%","No",,,
"Torenia crustacea","0.13%","No",,,
"Alpinia zerumbet","0.13%","No",,,
"Cnidoscolus tubulosus","0.13%","No",,,
"Herissantia crispa","0.13%","No",,,
"Lippia origanoides","0.13%","No",,,
"Senna hirsuta","0.13%","No",,,
"Cladophora vagabunda","0.13%","No",,,
"Palicourea racemosa","0.13%","No",,,
"Vandenboschia radicans","0.13%","No",,,
"Brachythecium ruderale","0.13%","No",,,
"Datura metel","0.13%","No",,,
"Mentzelia aspera","0.13%","No",,,
"Ficus cotinifolia","0.13%","No",,,
"Panicum amarum","0.13%","No",,,
"Eleocharis acutangula","0.13%","No",,,
"Persicaria segetum","0.13%","No",,,
"Viscum articulatum","0.13%","No",,,
"Chione venosa","0.13%","No",,,
"Ehretia tinifolia","0.13%","No",,,
"Ctenodon brasilianus","0.13%","No",,,
"Pelazoneuron puberulum","0.13%","No",,,
"Polytaenium cajenense","0.13%","No",,,
"Ceratopteris pteridoides","0.13%","No",,,
"Cyperus spectabilis","0.13%","No",,,
"Cyperus unioloides","0.13%","No",,,
"Rogiera amoena","0.13%","No",,,
"Hydrolea corymbosa","0.13%","No",,,
"Githopsis specularioides","0.13%","No",,,
"Polygala incarnata","0.13%","No",,,
"Nymphaea pulchella","0.13%","No",,,
"Viburnum costaricanum","0.13%","No",,,
"Abelmoschus sagittifolius","0.13%","No",,,
"Ampelopteris prolifera","0.13%","No",,,
"Tephrosia vicioides","0.13%","No",,,
"Serjania racemosa","0.13%","No",,,
"Neosiphonia subtilissima","0.13%","No",,,
"Clematis grossa","0.13%","No",,,
"Cheilolejeunea xanthocarpa","0.13%","No",,,
"Wurdemannia miniata","0.13%","No",,,
"Sematophyllum virgatum","3.33%","Yes","0.13%",21,"No"
"Steiropteris leprieurii","2.87%","Yes","0.13%",401,"No"
"Chionoloma schlimii","2.07%","Yes","0.13%",138,"No"
"Aristida","4.00%","Yes","0.12%",49,"No"
"Parasenegalia skleroxyla","9.52%","Yes","0.12%",36,"No"
"Plagiobryoides renauldii","4.65%","Yes","0.12%",27,"No"
"Thysananthus amazonicus","3.75%","Yes","0.12%",57,"No"
"Oplismenus hirtellus","0.12%","No",,,
"Catharanthus roseus","0.12%","No",,,
"Argemone mexicana","0.12%","No",,,
"Tradescantia pallida","0.12%","No",,,
"Dumortiera hirsuta","0.12%","No",,,
"Crotalaria pallida","0.12%","No",,,
"Cenchrus spinifex","0.12%","No",,,
"Flaveria trinervia","0.12%","No",,,
"Rottboellia cochinchinensis","0.12%","No",,,
"Euphorbia pulcherrima","0.12%","No",,,
"Epidendrum rigidum","0.12%","No",,,
"Clusia rosea","0.12%","No",,,
"Pithecellobium unguis-cati","0.12%","No",,,
"Bryopsis hypnoides","0.12%","No",,,
"Cenchrus setosus","0.12%","No",,,
"Cyperus pedunculatus","0.12%","No",,,
"Sabal mexicana","0.12%","No",,,
"Jacquiniella globosa","0.12%","No",,,
"Euphorbia stictospora","0.12%","No",,,
"Polysiphonia denudata","0.12%","No",,,
"Trichostigma octandrum","0.12%","No",,,
"Milleria quinqueflora","0.12%","No",,,
"Odontonema cuspidatum","0.12%","No",,,
"Palicourea cyanococca","0.12%","No",,,
"Solanum","0.12%","No",,,
"Heterosiphonia crispella","0.12%","No",,,
"Porotrichum longirostre","0.12%","No",,,
"Lemna valdiviana","0.12%","No",,,
"Mucuna sloanei","0.12%","No",,,
"Cuphea micrantha","0.12%","No",,,
"Spondias dulcis","0.12%","No",,,
"Couma macrocarpa","0.12%","No",,,
"Senegalia loretensis","0.12%","No",,,
"Amauropelta oligocarpa","0.12%","No",,,
"Chloris radiata","0.12%","No",,,
"Sloanea terniflora","0.12%","No",,,
"Saurauia scabrida","0.12%","No",,,
"Ternstroemia sylvatica","0.12%","No",,,
"Cochliasanthus caracalla","0.12%","No",,,
"Pouteria campechiana","5.36%","Yes","0.12%",1266,"No"
"Selaginella schiedeana","2.86%","Yes","0.12%",47,"No"
"Bazzania affinis","3.00%","Yes","0.12%",78,"No"
"Hymenocallis caribaea","2.17%","Yes","0.12%",111,"No"
"Desmoncus horridus","2.00%","Yes","0.12%",155,"No"
"Miconia prasina","2.14%","Yes","0.11%",3010,"No"
"Pterocarpus officinalis","0.11%","No",,,
"Senna pendula","0.11%","No",,,
"Talipariti tiliaceum","0.11%","No",,,
"Acaciella angustissima","0.11%","No",,,
"Spondias mombin","0.11%","No",,,
"Mecardonia procumbens","0.11%","No",,,
"Lagerstroemia speciosa","0.11%","No",,,
"Inga edulis","0.11%","No",,,
"Mitracarpus hirtus","0.11%","No",,,
"Jacaranda copaia","0.11%","No",,,
"Acrostichum danaeifolium","0.11%","No",,,
"Ulva rigida","0.11%","No",,,
"Catenella caespitosa","0.11%","No",,,
"Martynia annua","0.11%","No",,,
"Rhynchostegium serrulatum","0.11%","No",,,
"Erythrina poeppigiana","0.11%","No",,,
"Habenaria floribunda","0.11%","No",,,
"Sphenoclea zeylanica","0.11%","No",,,
"Cananga odorata","0.11%","No",,,
"Schizachyrium brevifolium","0.11%","No",,,
"Prionodon densus","0.11%","No",,,
"Catopsis nutans","0.11%","No",,,
"Cymbopogon citratus","0.11%","No",,,
"Eleocharis flavescens","0.11%","No",,,
"Adiantum andicola","0.11%","No",,,
"Salvinia auriculata","0.11%","No",,,
"Pentodon pentandrus","0.11%","No",,,
"Dioclea virgata","0.11%","No",,,
"Asplenium rutaceum","0.11%","No",,,
"Symphyogyna brasiliensis","0.11%","No",,,
"Eriochloa punctata","0.11%","No",,,
"Gonzalagunia hirsuta","0.11%","No",,,
"Clerodendrum umbellatum","0.11%","No",,,
"Solanum appendiculatum","0.11%","No",,,
"Balduina uniflora","0.11%","No",,,
"Vachellia hindsii","0.11%","No",,,
"Gracilaria cervicornis","0.11%","No",,,
"Wolffia brasiliensis","0.11%","No",,,
"Souroubea guianensis","0.11%","No",,,
"Hyptis recurvata","0.11%","No",,,
"Selaginella diffusa","0.11%","No",,,
"Herbertus bivittatus","2.32%","Yes","0.11%",319,"No"
"Hydrolithon boergesenii","2.31%","Yes","0.11%",61,"No"
"Calliandra houstoniana","2.62%","Yes","0.11%",4005,"No"
"Crossomitrium saprophilum","5.56%","Yes","0.11%",14,"No"
"Adiantum trapeziforme","3.03%","Yes","0.11%",917,"No"
"Thamniopsis incurva","6.95%","Yes","0.11%",208,"No"
"Radula husnotii","24.24%","Yes","0.10%",27,"No"
"Byttneria cordata","4.55%","Yes","0.10%",17,"No"
"Serjania brachylopha","12.50%","Yes","0.10%",6,"No"
"Micropterygium trachyphyllum","2.48%","Yes","0.10%",197,"No"
"Habenaria rodeiensis","3.97%","Yes","0.10%",96,"No"
"Pteris longifolia","2.82%","Yes","0.10%",666,"No"
"Cassia fistula","0.10%","No",,,
"Centrosema virginianum","0.10%","No",,,
"Syzygium jambos","0.10%","No",,,
"Drymaria cordata","0.10%","No",,,
"Paspalum notatum","0.10%","No",,,
"Urochloa mutica","0.10%","No",,,
"Asparagus setaceus","0.10%","No",,,
"Asparagopsis taxiformis","0.10%","No",,,
"Alysicarpus vaginalis","0.10%","No",,,
"Turnera subulata","0.10%","No",,,
"Tillandsia utriculata","0.10%","No",,,
"Lagerstroemia indica","0.10%","No",,,
"Agave angustifolia","0.10%","No",,,
"Myrcia tomentosa","0.10%","No",,,
"Tithonia rotundifolia","0.10%","No",,,
"Buchnera floridana","0.10%","No",,,
"Portulaca umbraticola","0.10%","No",,,
"Gossypium barbadense","0.10%","No",,,
"Cecropia angustifolia","0.10%","No",,,
"Saccoloma inaequale","0.10%","No",,,
"Blechnum polypodioides","0.10%","No",,,
"Lantana horrida","0.10%","No",,,
"Schnella glabra","0.10%","No",,,
"Calliandra haematocephala","0.10%","No",,,
"Rosa chinensis","0.10%","No",,,
"Gracilaria longissima","0.10%","No",,,
"Equisetum giganteum","0.10%","No",,,
"Ostreobium quekettii","0.10%","No",,,
"Anemia mexicana","0.10%","No",,,
"Dichanthelium sabulorum","0.10%","No",,,
"Sacciolepis striata","0.10%","No",,,
"Senna sophera","0.10%","No",,,
"Celtis trinervia","0.10%","No",,,
"Peperomia emarginella","0.10%","No",,,
"Ambrosia cumanensis","0.10%","No",,,
"Triplophyllum funestum","0.10%","No",,,
"Eriochrysis cayennensis","0.10%","No",,,
"Smilax subpubescens","0.10%","No",,,
"Cordia panamensis","0.10%","No",,,
"Crossopetalum uragoga","0.10%","No",,,
"Gaudichaudia albida","0.10%","No",,,
"Cissus alata","0.10%","No",,,
"Calypogeia laxa","2.42%","Yes","0.10%",137,"No"
"Aptychopsis estrellae","2.56%","Yes","0.10%",174,"No"
"Codium taylorii","2.41%","Yes","0.09%",444,"No"
"Lepidopilum polytrichoides","2.87%","Yes","0.09%",301,"No"
"Frullania uleana","9.89%","Yes","0.09%",56,"No"
"Anthurium trinervium","4.35%","Yes","0.09%",19,"No"
"Nymphaea glandulifera","2.00%","Yes","0.09%",45,"No"
"Guazuma ulmifolia","0.09%","No",,,
"Leucaena leucocephala","0.09%","No",,,
"Psidium guajava","0.09%","No",,,
"Eleusine indica","0.09%","No",,,
"Setaria parviflora","0.09%","No",,,
"Halodule wrightii","0.09%","No",,,
"Dactyloctenium aegyptium","0.09%","No",,,
"Malvastrum coromandelianum","0.09%","No",,,
"Andropogon virginicus","0.09%","No",,,
"Dolichandra unguis-cati","0.09%","No",,,
"Euphorbia serpens","0.09%","No",,,
"Nicotiana tabacum","0.09%","No",,,
"Ulva linza","0.09%","No",,,
"Panicum repens","0.09%","No",,,
"Mimosa quadrivalvis","0.09%","No",,,
"Dracaena reflexa","0.09%","No",,,
"Juncus marginatus","0.09%","No",,,
"Carapa guianensis","0.09%","No",,,
"Hackelochloa granularis","0.09%","No",,,
"Cordyline fruticosa","0.09%","No",,,
"Croton punctatus","0.09%","No",,,
"Echinochloa crus-pavonis","0.09%","No",,,
"Saccharum officinarum","0.09%","No",,,
"Heliconia hirsuta","0.09%","No",,,
"Spermacoce capitata","0.09%","No",,,
"Inga affinis","0.09%","No",,,
"Sida urens","0.09%","No",,,
"Anotrichium tenue","0.09%","No",,,
"Ptychomitrium indicum","0.09%","No",,,
"Rhacopilopsis trinitensis","0.09%","No",,,
"Bothriochloa insculpta","0.09%","No",,,
"Aristida divaricata","0.09%","No",,,
"Aiphanes horrida","0.09%","No",,,
"Dioscorea polygonoides","0.09%","No",,,
"Sideroxylon capiri","0.09%","No",,,
"Psychotria trichotoma","0.09%","No",,,
"Euphorbia dioeca","0.09%","No",,,
"Piper glabrescens","0.09%","No",,,
"Verbesina turbacensis","0.09%","No",,,
"Portulaca granulatostellulata","0.09%","No",,,
"Gracilaria tikvahiae","0.09%","No",,,
"Daltonia splachnoides","0.09%","No",,,
"Cynodon nlemfuensis","0.09%","No",,,
"Epidendrum ciliare","0.09%","No",,,
"Rhynchosia phaseoloides","0.09%","No",,,
"Cereus hildmannianus","0.09%","No",,,
"Eugenia ligustrina","0.09%","No",,,
"Dianthera candicans","0.09%","No",,,
"Curtia tenuifolia","0.09%","No",,,
"Coccoloba acuminata","0.09%","No",,,
"Casuarina glauca","0.09%","No",,,
"Orthostichella rigida","0.09%","No",,,
"Plagiochila aerea","0.09%","No",,,
"Ipomoea acanthocarpa","0.09%","No",,,
"Amblovenatum opulentum","0.09%","No",,,
"Chryso-hypnum rostratulum","6.90%","Yes","0.09%",45,"No"
"Pelexia laxa","2.94%","Yes","0.09%",31,"No"
"Cordia sebestena","3.06%","Yes","0.08%",3514,"No"
"Pelekium muricatulum","10.87%","Yes","0.08%",24,"No"
"Pteris grandifolia","5.01%","Yes","0.08%",505,"No"
"Fissidens lagenarius","3.80%","Yes","0.08%",293,"No"
"Laurencia intricata","3.27%","Yes","0.08%",538,"No"
"Pistia stratiotes","0.08%","No",,,
"Chloris barbata","0.08%","No",,,
"Stenotaphrum secundatum","0.08%","No",,,
"Tithonia diversifolia","0.08%","No",,,
"Hedychium coronarium","0.08%","No",,,
"Ipomoea hederifolia","0.08%","No",,,
"Guilandina bonduc","0.08%","No",,,
"Setaria palmifolia","0.08%","No",,,
"Palicourea guianensis","0.08%","No",,,
"Urera caracasana","0.08%","No",,,
"Euploca procumbens","0.08%","No",,,
"Isopterygium tenerum","0.08%","No",,,
"Cynophalla flexuosa","0.08%","No",,,
"Lemna aequinoctialis","0.08%","No",,,
"Drosera brevifolia","0.08%","No",,,
"Nitella tenuissima","0.08%","No",,,
"Sphagnum lescurii","0.08%","No",,,
"Hippomane mancinella","0.08%","No",,,
"Microstachys corniculata","0.08%","No",,,
"Podranea ricasoliana","0.08%","No",,,
"Acroceras zizanioides","0.08%","No",,,
"Epidendrum radicans","0.08%","No",,,
"Heterotis rotundifolia","0.08%","No",,,
"Piper obliquum","0.08%","No",,,
"Microdesmia arborea","0.08%","No",,,
"Elaphoglossum lingua","0.08%","No",,,
"Eragrostis unioloides","0.08%","No",,,
"Monstera pinnatipartita","0.08%","No",,,
"Chamaecrista glandulosa","0.08%","No",,,
"Indigofera lespedezioides","0.08%","No",,,
"Sagittaria guayanensis","0.08%","No",,,
"Annona papilionella","0.08%","No",,,
"Quadrella incana","0.08%","No",,,
"Funaria calvescens","0.08%","No",,,
"Galphimia glauca","0.08%","No",,,
"Stachytarpheta frantzii","0.08%","No",,,
"Pombalia attenuata","0.08%","No",,,
"Conyza sumatrensis","0.08%","No",,,
"Aechmea bromeliifolia","0.08%","No",,,
"Octoblepharum erectifolium","3.23%","Yes","0.08%",146,"No"
"Halimeda simulans","3.29%","Yes","0.08%",290,"No"
"Caulerpa macrophysa","2.17%","Yes","0.07%",241,"No"
"Halimeda incrassata","2.58%","Yes","0.07%",1185,"No"
"Symphyogyna aspera","2.73%","Yes","0.07%",150,"No"
"Caulerpa cupressoides","3.13%","Yes","0.07%",1975,"No"
"Pycnolejeunea decurviloba","6.67%","Yes","0.07%",21,"No"
"Lindsaea","4.35%","Yes","0.07%",22,"No"
"Pinus caribaea","13.50%","Yes","0.07%",1187,"No"
"Verdigellas peltata","2.40%","Yes","0.07%",75,"No"
"Amphiroa fragilissima","3.35%","Yes","0.07%",834,"No"
"Lantana camara","0.07%","No",,,
"Lobelia cardinalis","0.07%","No",,,
"Tillandsia usneoides","0.07%","No",,,
"Evolvulus alsinoides","0.07%","No",,,
"Psilotum nudum","0.07%","No",,,
"Duranta erecta","0.07%","No",,,
"Physalis angulata","0.07%","No",,,
"Portulaca pilosa","0.07%","No",,,
"Solanum diphyllum","0.07%","No",,,
"Peltophorum pterocarpum","0.07%","No",,,
"Hexasepalum teres","0.07%","No",,,
"Arundina graminifolia","0.07%","No",,,
"Impatiens walleriana","0.07%","No",,,
"Psychotria carthagenensis","0.07%","No",,,
"Viguiera dentata","0.07%","No",,,
"Chamaecrista rotundifolia","0.07%","No",,,
"Cyclosorus interruptus","0.07%","No",,,
"Bothriochloa pertusa","0.07%","No",,,
"Cyperus compressus","0.07%","No",,,
"Crotalaria incana","0.07%","No",,,
"Acmella repens","0.07%","No",,,
"Tillandsia complanata","0.07%","No",,,
"Lagenaria siceraria","0.07%","No",,,
"Croton hirtus","0.07%","No",,,
"Digitaria insularis","0.07%","No",,,
"Grateloupia filicina","0.07%","No",,,
"Chondria dasyphylla","0.07%","No",,,
"Ageratum corymbosum","0.07%","No",,,
"Neoblechnum brasiliense","0.07%","No",,,
"Lychaete pellucida","0.07%","No",,,
"Haplocladium angustifolium","0.07%","No",,,
"Zoysia matrella","0.07%","No",,,
"Averrhoa bilimbi","0.07%","No",,,
"Mussaenda erythrophylla","0.07%","No",,,
"Calycophyllum candidissimum","0.07%","No",,,
"Crotalaria maypurensis","0.07%","No",,,
"Hymenostephium cordatum","0.07%","No",,,
"Hyptis lanceolata","0.07%","No",,,
"Cymbopogon caesius","0.07%","No",,,
"Manihot carthagenensis","0.07%","No",,,
"Crouania attenuata","0.07%","No",,,
"Pharus lappulaceus","0.07%","No",,,
"Ardisia revoluta","0.07%","No",,,
"Ardisia guianensis","0.07%","No",,,
"Bravaisia integerrima","0.07%","No",,,
"Heliotropium transalpinum","0.07%","No",,,
"Justicia betonica","0.07%","No",,,
"Rhinotropis lindheimeri","0.07%","No",,,
"Jamesonia flexuosa","0.07%","No",,,
"Lopholejeunea subfusca","0.07%","No",,,
"Euploca humilis","0.07%","No",,,
"Thaumatophyllum bipinnatifidum","0.07%","No",,,
"Pelexia callifera","9.09%","Yes","0.07%",10,"No"
"Epistephium ellipticum","4.00%","Yes","0.07%",19,"No"
"Caulerpa mexicana","4.60%","Yes","0.06%",828,"No"
"Lomariopsis sorbifolia","2.82%","Yes","0.06%",54,"No"
"Mangifera indica","0.06%","No",,,
"Chromolaena odorata","0.06%","No",,,
"Megathyrsus maximus","0.06%","No",,,
"Centella asiatica","0.06%","No",,,
"Typha domingensis","0.06%","No",,,
"Persicaria punctata","0.06%","No",,,
"Emilia sonchifolia","0.06%","No",,,
"Caularthron bilamellatum","0.06%","No",,,
"Salvinia minima","0.06%","No",,,
"Christella dentata","0.06%","No",,,
"Murraya paniculata","0.06%","No",,,
"Chloroleucon mangense","0.06%","No",,,
"Centratherum punctatum","0.06%","No",,,
"Distimake dissectus","0.06%","No",,,
"Dichanthium annulatum","0.06%","No",,,
"Oplismenus compositus","0.06%","No",,,
"Cyperus blepharoleptos","0.06%","No",,,
"Pallavicinia lyellii","0.06%","No",,,
"Senna atomaria","0.06%","No",,,
"Euphorbia tirucalli","0.06%","No",,,
"Boerhavia erecta","0.06%","No",,,
"Castilleja arvensis","0.06%","No",,,
"Simarouba amara","0.06%","No",,,
"Physalis philadelphica","0.06%","No",,,
"Asplenium serra","0.06%","No",,,
"Sechium edule","0.06%","No",,,
"Salvia misella","0.06%","No",,,
"Lycium carolinianum","0.06%","No",,,
"Blechnum appendiculatum","0.06%","No",,,
"Bulbostylis hispidula","0.06%","No",,,
"Callisia repens","0.06%","No",,,
"Brugmansia suaveolens","0.06%","No",,,
"Robinia hispida","0.06%","No",,,
"Inga laurina","0.06%","No",,,
"Bougainvillea glabra","0.06%","No",,,
"Scaevola plumieri","0.06%","No",,,
"Thunbergia fragrans","0.06%","No",,,
"Nephrolepis undulata","0.06%","No",,,
"Xyris difformis","0.06%","No",,,
"Microchloa kunthii","0.06%","No",,,
"Urochloa reptans","0.06%","No",,,
"Caryota mitis","0.06%","No",,,
"Commelina obliqua","0.06%","No",,,
"Exostema caribaeum","0.06%","No",,,
"Evolvulus glomeratus","0.06%","No",,,
"Senna bicapsularis","0.06%","No",,,
"Heptapleurum arboricola","0.06%","No",,,
"Jasminum fluminense","0.06%","No",,,
"Justicia brandegeeana","0.06%","No",,,
"Eucalyptus deglupta","0.06%","No",,,
"Cyathea microdonta","0.06%","No",,,
"Setaria geminata","0.06%","No",,,
"Digitaria setigera","0.06%","No",,,
"Nissolia fruticosa","0.06%","No",,,
"Eugenia buxifolia","0.06%","No",,,
"Opuntia hyptiacantha","0.06%","No",,,
"Pilea cadierei","0.06%","No",,,
"Davilla rugosa","0.06%","No",,,
"Hyptis brevipes","0.06%","No",,,
"Passiflora capsularis","0.06%","No",,,
"Combretum farinosum","0.06%","No",,,
"Frullania gibbosa","0.06%","No",,,
"Wrangelia gordoniae","24.00%","Yes","0.06%",25,"No"
"Thamniopsis guatemalensis","8.57%","Yes","0.06%",28,"No"
"Dorstenia contrajerva","4.44%","Yes","0.06%",1557,"No"
"Ganonema farinosum","3.23%","Yes","0.06%",671,"No"
"Rhynchospora holoschoenoides","3.11%","Yes","0.06%",2066,"No"
"Haematoxylum campechianum","2.14%","Yes","0.06%",1613,"No"
"Hypoglossum simulans","2.13%","Yes","0.06%",68,"No"
"Gracilaria crassissima","3.27%","Yes","0.05%",106,"No"
"Siphonocladus tropicus","2.98%","Yes","0.05%",191,"No"
"Pimenta dioica","6.00%","Yes","0.05%",1030,"No"
"Ctenitis salvinii","38.57%","Yes","0.05%",59,"No"
"Cladium mariscus","0.05%","No",,,
"Pontederia cordata","0.05%","No",,,
"Manihot esculenta","0.05%","No",,,
"Samanea saman","0.05%","No",,,
"Heliotropium curassavicum","0.05%","No",,,
"Ageratum houstonianum","0.05%","No",,,
"Geonoma deversa","0.05%","No",,,
"Echinochloa colonum","0.05%","No",,,
"Phytolacca icosandra","0.05%","No",,,
"Cyperus rotundus","0.05%","No",,,
"Passiflora suberosa","0.05%","No",,,
"Antigonon leptopus","0.05%","No",,,
"Mollugo verticillata","0.05%","No",,,
"Annona squamosa","0.05%","No",,,
"Tagetes erecta","0.05%","No",,,
"Campylopus pilifer","0.05%","No",,,
"Ludwigia peruviana","0.05%","No",,,
"Salvinia molesta","0.05%","No",,,
"Miconia minutiflora","0.05%","No",,,
"Gelidium pusillum","0.05%","No",,,
"Oplismenus burmanni","0.05%","No",,,
"Senna spectabilis","0.05%","No",,,
"Combretum indicum","0.05%","No",,,
"Ceratopteris thalictroides","0.05%","No",,,
"Melinis minutiflora","0.05%","No",,,
"Dioscorea alata","0.05%","No",,,
"Heteranthera reniformis","0.05%","No",,,
"Epipremnum pinnatum","0.05%","No",,,
"Couroupita guianensis","0.05%","No",,,
"Portulaca grandiflora","0.05%","No",,,
"Cyperus sesquiflorus","0.05%","No",,,
"Ludwigia decurrens","0.05%","No",,,
"Opuntia dillenii","0.05%","No",,,
"Bambusa vulgaris","0.05%","No",,,
"Cyperus mindorensis","0.05%","No",,,
"Sphagnum perichaetiale","0.05%","No",,,
"Sphagnum imbricatum","0.05%","No",,,
"Sphagnum strictum","0.05%","No",,,
"Araucaria heterophylla","0.05%","No",,,
"Herbertus juniperoideus","0.05%","No",,,
"Eriocaulon cinereum","0.05%","No",,,
"Lasiacis ligulata","0.05%","No",,,
"Paspalum pubiflorum","0.05%","No",,,
"Bactris guineensis","0.05%","No",,,
"Monstera dubia","0.05%","No",,,
"Quercus peduncularis","0.05%","No",,,
"Pentas lanceolata","0.05%","No",,,
"Lantana fucata","0.05%","No",,,
"Jaltomata procumbens","0.05%","No",,,
"Desmodium procumbens","0.05%","No",,,
"Indigofera tinctoria","0.05%","No",,,
"Alternanthera caracasana","0.05%","No",,,
"Piper dilatatum","0.05%","No",,,
"Peperomia quadrifolia","0.05%","No",,,
"Hibiscus mutabilis","0.05%","No",,,
"Lygodium flexuosum","0.05%","No",,,
"Gayliella flaccida","0.05%","No",,,
"Pinus oocarpa","0.05%","No",,,
"Acrolejeunea torulosa","0.05%","No",,,
"Wolffia columbiana","0.05%","No",,,
"Arachis pintoi","0.05%","No",,,
"Phaseolus dumosus","0.05%","No",,,
"Solidago mexicana","0.05%","No",,,
"Begonia fischeri","0.05%","No",,,
"Cantinoa americana","0.05%","No",,,
"Hygroamblystegium humile","0.05%","No",,,
"Abelmoschus moschatus","0.05%","No",,,
"Hoya carnosa","0.05%","No",,,
"Pachira aquatica","3.38%","Yes","0.05%",2726,"No"
"Caulerpa microphysa","4.45%","Yes","0.05%",336,"No"
"Asplenium insiticium","2.63%","Yes","0.05%",137,"No"
"Phyllogonium viride","2.06%","Yes","0.04%",458,"No"
"Ramicrusta textilis","41.54%","Yes","0.04%",17,"No"
"Palisada perforata","2.30%","Yes","0.04%",1879,"No"
"Nerium oleander","0.04%","No",,,
"Ricinus communis","0.04%","No",,,
"Dodonaea viscosa","0.04%","No",,,
"Bidens alba","0.04%","No",,,
"Bidens pilosa","0.04%","No",,,
"Epidendrum stamfordianum","0.04%","No",,,
"Mirabilis jalapa","0.04%","No",,,
"Sida rhombifolia","0.04%","No",,,
"Tillandsia juncea","0.04%","No",,,
"Tamarindus indica","0.04%","No",,,
"Urena lobata","0.04%","No",,,
"Mesosphaerum suaveolens","0.04%","No",,,
"Genipa americana","0.04%","No",,,
"Moringa oleifera","0.04%","No",,,
"Cajanus cajan","0.04%","No",,,
"Salvia coccinea","0.04%","No",,,
"Cosmos sulphureus","0.04%","No",,,
"Cenchrus purpureus","0.04%","No",,,
"Axonopus fissifolius","0.04%","No",,,
"Haematoxylum brasiletto","0.04%","No",,,
"Jatropha curcas","0.04%","No",,,
"Polypremum procumbens","0.04%","No",,,
"Impatiens balsamina","0.04%","No",,,
"Cnidoscolus urens","0.04%","No",,,
"Talinum fruticosum","0.04%","No",,,
"Ammannia coccinea","0.04%","No",,,
"Melicoccus bijugatus","0.04%","No",,,
"Ruta chalepensis","0.04%","No",,,
"Guarea kunthiana","0.04%","No",,,
"Jania rubens","0.04%","No",,,
"Bromelia karatas","0.04%","No",,,
"Coleus scutellarioides","0.04%","No",,,
"Ficus benjamina","0.04%","No",,,
"Lepidozia cupressina","0.04%","No",,,
"Dracaena hyacinthoides","0.04%","No",,,
"Causonis trifolia","0.04%","No",,,
"Chaetomorpha aerea","0.04%","No",,,
"Leptochloa panicea","0.04%","No",,,
"Zephyranthes candida","0.04%","No",,,
"Anthurium clavigerum","0.04%","No",,,
"Spermacoce latifolia","0.04%","No",,,
"Clerodendrum chinense","0.04%","No",,,
"Vitex trifolia","0.04%","No",,,
"Bourreria succulenta","0.04%","No",,,
"Browallia americana","0.04%","No",,,
"Crotalaria micans","0.04%","No",,,
"Oreopanax capitatus","0.04%","No",,,
"Euphorbia cotinifolia","0.04%","No",,,
"Euphorbia antisyphilitica","0.04%","No",,,
"Metopium toxiferum","0.04%","No",,,
"Pachystachys lutea","0.04%","No",,,
"Phaeoceros carolinianus","0.04%","No",,,
"Fissidens curvatus","0.04%","No",,,
"Physalis lagascae","0.04%","No",,,
"Nectandra membranacea","0.04%","No",,,
"Pereskia aculeata","0.04%","No",,,
"Clarisia biflora","0.04%","No",,,
"Paspalum virgatum","2.01%","Yes","0.04%",1345,"No"
"Kumanoa montagnei","10.53%","Yes","0.04%",17,"No"
"Hymenocallis littoralis","2.79%","Yes","0.04%",2479,"No"
"Campylopus asperifolius","2.31%","Yes","0.03%",149,"No"
"Rectolejeunea flagelliformis","3.85%","Yes","0.03%",54,"No"
"Leptolejeunea radicosa","6.25%","Yes","0.03%",11,"No"
"Syngonium angustatum","3.18%","Yes","0.03%",1818,"No"
"Astronium graveolens","0.03%","No",,,
"Tectona grandis","0.03%","No",,,
"Euphorbia prostrata","0.03%","No",,,
"Tecoma stans","0.03%","No",,,
"Maclura tinctoria","0.03%","No",,,
"Ageratum conyzoides","0.03%","No",,,
"Senna obtusifolia","0.03%","No",,,
"Asystasia gangetica","0.03%","No",,,
"Brasenia schreberi","0.03%","No",,,
"Celosia argentea","0.03%","No",,,
"Cordia dentata","0.03%","No",,,
"Oryza rufipogon","0.03%","No",,,
"Tripsacum dactyloides","0.03%","No",,,
"Oxalis latifolia","0.03%","No",,,
"Ipomoea nil","0.03%","No",,,
"Brassica juncea","0.03%","No",,,
"Alternanthera sessilis","0.03%","No",,,
"Smallanthus uvedalia","0.03%","No",,,
"Erythrina crista-galli","0.03%","No",,,
"Hymenophyllum tunbrigense","0.03%","No",,,
"Leersia hexandra","0.03%","No",,,
"Cyperus squarrosus","0.03%","No",,,
"Verbena litoralis","0.03%","No",,,
"Ipomoea aquatica","0.03%","No",,,
"Sesbania herbacea","0.03%","No",,,
"Peperomia tetraphylla","0.03%","No",,,
"Abelmoschus esculentus","0.03%","No",,,
"Callistemon viminalis","0.03%","No",,,
"Bryopsis plumosa","0.03%","No",,,
"Leonurus japonicus","0.03%","No",,,
"Melochia tomentosa","0.03%","No",,,
"Grona heterocarpos","0.03%","No",,,
"Leucobryum albidum","0.03%","No",,,
"Selaginella apoda","0.03%","No",,,
"Tillandsia setacea","0.03%","No",,,
"Eragrostis mexicana","0.03%","No",,,
"Eragrostis secundiflora","0.03%","No",,,
"Schoenoplectus americanus","0.03%","No",,,
"Murdannia nudiflora","0.03%","No",,,
"Crinum americanum","0.03%","No",,,
"Solanum capsicoides","0.03%","No",,,
"Crotalaria spectabilis","0.03%","No",,,
"Chamaecrista ramosa","0.03%","No",,,
"Senna pallida","0.03%","No",,,
"Acacia mangium","0.03%","No",,,
"Licaria triandra","0.03%","No",,,
"Gynandropsis gynandra","0.03%","No",,,
"Acalypha persimilis","0.03%","No",,,
"Acalypha phleoides","0.03%","No",,,
"Basella alba","0.03%","No",,,
"Corchorus aestuans","0.03%","No",,,
"Sesamum indicum","0.03%","No",,,
"Trentepohlia aurea","0.03%","No",,,
"Metzgeria leptoneura","0.03%","No",,,
"Digitaria bicornis","0.03%","No",,,
"Carissa macrocarpa","0.03%","No",,,
"Erythroxylum suberosum","0.03%","No",,,
"Lagerstroemia subcostata","0.03%","No",,,
"Selaginella doederleinii","0.03%","No",,,
"Campyloneurum angustifolium","0.03%","No",,,
"Neurolejeunea seminervis","5.17%","Yes","0.03%",33,"No"
"Ichnanthus dasycoleus","2.70%","Yes","0.02%",151,"No"
"Tillandsia balbisiana","0.02%","No",,,
"Schoenus nigricans","0.02%","No",,,
"Erechtites hieraciifolius","0.02%","No",,,
"Dysphania ambrosioides","0.02%","No",,,
"Thuidium delicatulum","0.02%","No",,,
"Melinis repens","0.02%","No",,,
"Paspalum distichum","0.02%","No",,,
"Baccharis salicifolia","0.02%","No",,,
"Cupressus lusitanica","0.02%","No",,,
"Cucumis melo","0.02%","No",,,
"Ulva lactuca","0.02%","No",,,
"Heterotheca subaxillaris","0.02%","No",,,
"Passiflora edulis","0.02%","No",,,
"Casuarina cunninghamiana","0.02%","No",,,
"Boehmeria cylindrica","0.02%","No",,,
"Plumbago auriculata","0.02%","No",,,
"Pteris vittata","0.02%","No",,,
"Heptapleurum actinophyllum","0.02%","No",,,
"Odontoschisma denudatum","0.02%","No",,,
"Cyperus brevifolius","0.02%","No",,,
"Plumbago zeylanica","0.02%","No",,,
"Talinum paniculatum","0.02%","No",,,
"Boerhavia coccinea","0.02%","No",,,
"Gelsemium sempervirens","0.02%","No",,,
"Gmelina arborea","0.02%","No",,,
"Paratrophis pendulina","0.02%","No",,,
"Platycladus orientalis","0.02%","No",,,
"Frullania ericoides","0.02%","No",,,
"Bothriochloa bladhii","0.02%","No",,,
"Eragrostis tenella","0.02%","No",,,
"Coix lacryma-jobi","0.02%","No",,,
"Dioscorea nipponica","0.02%","No",,,
"Spathoglottis plicata","0.02%","No",,,
"Monstera adansonii","0.02%","No",,,
"Lablab purpureus","0.02%","No",,,
"Senna tora","0.02%","No",,,
"Albizia niopoides","0.02%","No",,,
"Hydrocotyle verticillata","0.02%","No",,,
"Hevea brasiliensis","0.02%","No",,,
"Porophyllum ruderale","0.02%","No",,,
"Anoda cristata","0.02%","No",,,
"Tabernaemontana divaricata","0.02%","No",,,
"Piparea multiflora","0.02%","No",,,
"Pteris ensiformis","0.02%","No",,,
"Blechnopsis orientalis","0.02%","No",,,
"Praxelis clematidea","0.02%","No",,,
"Fissidens crispus","0.02%","No",,,
"Fissidens fontanus","0.02%","No",,,
"Dahlia pinnata","0.02%","No",,,
"Lawsonia inermis","0.02%","No",,,
"Ludwigia leptocarpa","0.02%","No",,,
"Dicranella rufescens","0.02%","No",,,
"Phoenix dactylifera","0.02%","No",,,
"Guarea macrophylla","0.02%","No",,,
"Cantinoa mutabilis","0.02%","No",,,
"Vismia baccifera","0.02%","No",,,
"Alternanthera ficoidea","0.02%","No",,,
"Alysicarpus ovalifolius","0.02%","No",,,
"Dichanthelium dichotomum","0.02%","No",,,
"Hymenophyllum apiculatum","6.38%","Yes","0.01%",95,"No"
"Harpalejeunea uncinata","6.56%","Yes","0.01%",49,"No"
"Portulaca oleracea","0.01%","No",,,
"Zea mays","0.01%","No",,,
"Cynodon dactylon","0.01%","No",,,
"Liquidambar styraciflua","0.01%","No",,,
"Sorghum bicolor","0.01%","No",,,
"Pteridium esculentum","0.01%","No",,,
"Adiantum capillus-veneris","0.01%","No",,,
"Lophocolea bidentata","0.01%","No",,,
"Sorghum halepense","0.01%","No",,,
"Cephalanthus occidentalis","0.01%","No",,,
"Sporobolus indicus","0.01%","No",,,
"Vachellia farnesiana","0.01%","No",,,
"Cryptostegia grandiflora","0.01%","No",,,
"Aneura pinguis","0.01%","No",,,
"Punica granatum","0.01%","No",,,
"Tapirira guianensis","0.01%","No",,,
"Gemmabryum dichotomum","0.01%","No",,,
"Lygodium japonicum","0.01%","No",,,
"Leptodictyum riparium","0.01%","No",,,
"Vigna unguiculata","0.01%","No",,,
"Cuscuta campestris","0.01%","No",,,
"Fissidens dubius","0.01%","No",,,
"Amaranthus viridis","0.01%","No",,,
"Ludwigia peploides","0.01%","No",,,
"Lactuca sativa","0.01%","No",,,
"Chionoloma tenuirostre","0.01%","No",,,
"Pseudanomodon attenuatus","0.01%","No",,,
"Phlebodium aureum","0.01%","No",,,
"Sphagnum subsecundum","0.01%","No",,,
"Lejeunea flava","0.01%","No",,,
"Panicum virgatum","0.01%","No",,,
"Paspalum urvillei","0.01%","No",,,
"Cyperus alternifolius","0.01%","No",,,
"Cyperus flavescens","0.01%","No",,,
"Elaeis guineensis","0.01%","No",,,
"Dioscorea bulbifera","0.01%","No",,,
"Trichocentrum carthagenense","0.01%","No",,,
"Citrullus lanatus","0.01%","No",,,
"Persicaria hydropiperoides","0.01%","No",,,
"Chamaecrista mimosoides","0.01%","No",,,
"Senna siamea","0.01%","No",,,
"Pithecellobium dulce","0.01%","No",,,
"Indigofera hirsuta","0.01%","No",,,
"Hydrangea macrophylla","0.01%","No",,,
"Coriandrum sativum","0.01%","No",,,
"Croton glandulosus","0.01%","No",,,
"Borrichia frutescens","0.01%","No",,,
"Erigeron floribundus","0.01%","No",,,
"Bombax ceiba","0.01%","No",,,
"Virola sebifera","0.01%","No",,,
"Gomphocarpus physocarpus","0.01%","No",,,
"Jasminum nudiflorum","0.01%","No",,,
"Tecomaria capensis","0.01%","No",,,
"Pisonia macranthocarpa","0.01%","No",,,
"Strophostyles helvola","0.01%","No",,,
"Sporobolus africanus","0.01%","No",,,
"Gymnostomum aeruginosum","0.01%","No",,,
"Dicranopteris linearis","0.01%","No",,,
"Fissidens asplenioides","0.01%","No",,,
"Digitaria ciliaris","0.01%","No",,,
"Arachis hypogaea","0.01%","No",,,
"Phyllanthus urinaria","0.01%","No",,,
"Psidium cattleianum","0.01%","No",,,
"Lophocolea liebmanniana","5.66%","Yes","0.01%",41,"No"
"Phragmites australis","0.00%","No",,,
"Erigeron canadensis","0.00%","No",,,
"Dimerandra emarginata","0.00%","No",,,
"Dichanthelium sciurotoides","3.90%","Yes","0.00%",102,"No"
"Pteridium aquilinum","0.00%","No",,,
"Zamia variegata","11.90%","Yes","0.00%",15,"No"
"Dasya antillarum","13.33%","Yes","0.00%",20,"No"
"Oryza sativa","0.00%","No",,,
"Rhynchospora harperi","2.34%","Yes","0.00%",129,"No"
"Pontederia parviflora","2.30%","Yes","0.00%",144,"No"
"Miconia calvescens","0.00%","No",,,
"Drosera intermedia","0.00%","No",,,
"Campylopus introflexus","0.00%","No",,,
"Artocarpus heterophyllus","0.00%","No",,,
"Peperomia versicolor","2.00%","Yes","0.00%",110,"No"
"Sonchus oleraceus","0.00%","No",,,
"Oxalis corniculata","0.00%","No",,,
"Monotropa uniflora","0.00%","No",,,
"Solanum lycopersicum","0.00%","No",,,
"Plantago major","0.00%","No",,,
"Azadirachta indica","0.00%","No",,,
"Bolbitis hastata","2.30%","Yes","0.00%",66,"No"
"Diplazium moccennianum","2.47%","Yes","0.00%",41,"No"
"Spirodela polyrhiza","0.00%","No",,,
"Randia retroflexa","2.17%","Yes","0.00%",59,"No"
"Erythrina mexicana","2.78%","Yes","0.00%",60,"No"
"Lepidium virginicum","0.00%","No",,,
"Danaea trinitatensis","7.41%","Yes","0.00%",24,"No"
"Lopholejeunea sagraeana","3.64%","Yes","0.00%",38,"No"
"Pachyptera incarnata","4.88%","Yes","0.00%",29,"No"
"Sobralia","3.03%","Yes","0.00%",28,"No"
"Sphagnum girgensohnii","0.00%","No",,,
"Tortella tortuosa","0.00%","No",,,
"Rosulabryum capillare","0.00%","No",,,
"Acroporium warburgii","6.67%","Yes","0.00%",12,"No"
"Festuca ovina","0.00%","No",,,
"Chamaedorea cataractarum","2.00%","Yes","0.00%",44,"No"
"Lemna minor","0.00%","No",,,
"Ipomoea cairica","0.00%","No",,,
"Melilotus indicus","0.00%","No",,,
"Calyptocarpus vialis","0.00%","No",,,
"Clibadium terebinthinaceum","2.56%","Yes","0.00%",26,"No"
"Erigeron sumatrensis","0.00%","No",,,
"Stylogyne nigricans","3.03%","Yes","0.00%",27,"No"
"Stemodia bartsioides","2.04%","Yes","0.00%",40,"No"
"Vachellia cedilloi","3.33%","Yes","0.00%",25,"No"
"Cuphea melanium","2.04%","Yes","0.00%",45,"No"
"Andropogon gerardi","0.00%","No",,,
"Cladophora glomerata","0.00%","No",,,
"Trichostomum brachydontium","0.00%","No",,,
"Weissia controversa","0.00%","No",,,
"Fissidens bryoides","0.00%","No",,,
"Zamia tuerckheimii","4.17%","Yes","0.00%",17,"No"
"Zamia monticola","9.09%","Yes","0.00%",9,"No"
"Ornithocephalus gladiatus","2.94%","Yes","0.00%",28,"No"
"Houstonia caerulea","0.00%","No",,,
"Pterocarpus belizensis","2.94%","Yes","0.00%",28,"No"
"Parkinsonia aculeata","0.00%","No",,,
"Morus alba","0.00%","No",,,
"Amaranthus hybridus","0.00%","No",,,
"Crescentia linearifolia","2.04%","Yes","0.00%",46,"No"
"Serjania pacifica","2.17%","Yes","0.00%",32,"No"
"Melia azedarach","0.00%","No",,,
"Pleopeltis michauxiana","0.00%","No",,,
"Chenopodiastrum murale","0.00%","No",,,
"Potamogeton pusillus","0.00%","No",,,
"Imperata cylindrica","0.00%","No",,,
"Helianthus annuus","0.00%","No",,,
"Noterophila nana","3.33%","Yes","0.00%",29,"No"
"Corymbia torelliana",,"No",,,
,,,,,
