"gbif_id","species","n_points","alpha","n_parts","global_area_km2","belize_area_km2","weight","note","clip","category","range_share_pct"
"5594751","Amyris rhomboidea",3,"alpha3",1,1457.5,1457.5,1.00000000000007,,"no","EN","100.00%"
"5417508","Eugenia cayoana",8,"alpha3",1,2750.3,2750.3,1.00000000000004,"","no","NT","100.00%"
"5415590","Plinia peroblata",5,"alpha4",1,2504.3,2504.3,0.999999999999976,"","no","LC","100.00%"
"3790713","Zinowiewia pallida",12,"alpha3",1,4673,4671.8,0.999744813466679,"","no","LC","99.97%"
"10709918","Myrcia cuneifolia",9,"alpha3",1,4524,4522.3,0.999631014980544,"","no","LC","99.96%"
"8090140","Zamia meermanii",8,"alpha7",1,3687.1,3656.3,0.991627303205523,"","no","EN","99.16%"
"10706603","Myrcia bartlettii",40,"alpha3",1,5730.8,5633.8,0.983086562146884,"","no","LC","98.31%"
"8193350","Zamia decumbens",5,"alpha3",1,2283.7,2236.5,0.979335057484663,"","no","EN","97.93%"
"2898102","Faramea belizensis",9,"alpha3",1,6584.5,6266.7,0.951738842156207,"","no","NT","95.17%"
"5339542","Randia genipifolia",18,"alphaMCH",1,5249.2,4316.7,0.8223523576,"recovered via patched getDynamicAlphaHull","no","EN","82.24"
"2736314","Schippia concolor",53,"alpha3",1,21589.6,17505.7,0.810836298937265,"","no","VU","81.08%"
"5416952","Eugenia izabalana",8,"alpha10",1,4189.9,3133.6,0.747897288990811,"","no","EN",""
"7507747","Comocladia mayana",8,"alpha3",1,5207,3468.2,0.66606720978091,"","no","EN","66.61%"
"3570613","Purdiaea belizensis",38,"alpha3",2,20811.2,13084.4,0.628718856132132,"","no","LC","62.87%"
"5416275","Eugenia vacana",33,"alpha3",1,24211.3,13863.3,0.572598471166254,"","no","NT","57.26%"
"5418028","Eugenia flavoviridis",31,"alpha3",1,39253.4,21804.5,0.55547986315899,"","no","NT","55.55%"
"3158123","Desmopsis erythrocarpa",23,"alpha4",1,9311.5,4453.1,0.478232811981435,"","no","NT","47.82%"
"10721173","Myrcia petenensis",5,"alpha3",1,13190.7,6047.9,0.458499108815305,"","no","EN",""
"5416331","Eugenia toledinensis",12,"alpha3",1,18412.3,7669.9,0.416561063117418,"","no","EN","41.66%"
"5527302","Bonellia paludicola",24,"alpha3",1,41461.6,16099.4,0.388296611418151,"","no","NT","38.83%"
"3696336","Elvasia bisepala",9,"alpha7",1,34030.3,10931.3,0.321223073649625,"","no","LC","32.12%"
"9656991","Aiouea bladenensia",4,"alpha5",1,9433,2981.2,0.316037171102121,"","no","EN","31.60%"
"5685422","Nectandra belizensis",27,"alpha4",3,42770.4,13108.5,0.306485171657464,"","no","VU","30.65%"
"5357940","Inga davidsei",32,"alpha4",2,76663.3,23193.2,0.302533948263664,"","no","VU","30.25%"
"3722005","Parathesis rufa",30,"alpha3",1,32931.6,9831.5,0.298543082885175,"","no","NT","29.85%"
"3860521","Henriettea strigosa",17,"alpha5",2,68514.9,20118.2,0.293632557839692,"","no","LC","29.36%"
"4094001","Amphitecna lundellii",5,"alpha4",1,5494.7,1609,0.292827896097539,"","no","EN","29.28%"
"3186034","Chamguava gentlei",59,"alpha3",1,66323,18928.8,0.285402931344191,"","no","NT","28.54%"
"3156556","Stenanona stenopetala",20,"alpha4",1,54044.3,14924.6,0.276154113052533,"","no","LC","27.62%"
"3696365","Ouratea insulae",51,"alpha3",1,92149.1,25374.2,0.2753602967747,"","no","VU",""
"4086214","Rehdera penninervia",42,"alpha3",1,52306.1,14313.1,0.27364183307033,,"no","LC","27.36%"
"5416354","Eugenia ibarrae",29,"alpha6",1,56399.3,15294.3,0.271179765718728,"","no","LC","27.12%"
"2884926","Pouteria amygdalina",68,"alpha3",2,56998,14387.3,0.252417447860945,,"no","VU","25.24%"
"5417051","Eugenia chinajensis",8,"alpha3",1,8572.5,2030.2,0.236827414744691,"","no","EN","23.68%"
"5417199","Eugenia chahalana",19,"alpha3",1,20737,4665.2,0.22497178809966,"","no","EN","22.50%"
"4261858","Mortoniodendron vestitum",113,"alpha3",1,76399.5,17017.9,0.22274831275685,"","no","NT","22.27%"
"3799619","Lycianthes hypoleuca",71,"alpha3",1,74385.9,16042.4,0.215664171026824,"","no","VU","21.57%"
"2962767","Pithecellobium peckii",11,"alpha3",1,49586.3,10300.1,0.207720094378584,"","no","EN","20.77%"
"4035973","Coccoloba reflexiflora",100,"alpha3",1,113529.9,23338.2,0.205568554134274,"","no","LC","20.56%"
"5600050","Graffenrieda gentlei",3,"alphaMCH",1,10600.5,2171.4,0.204843421466817,"","no","EN","20.48%"
"5555737","Chrysochlamys guatemaltecana",60,"alpha3",2,65737.7,12715.3,0.193424817280367,"","no","VU","19.34%"
"2755557","Dioscorea bernoulliana",8,"alpha5",2,60770.8,11594.9,0.190798068770034,"","no","LC","19.08%"
"2962830","Pithecellobium macrandrium",111,"alpha3",2,89955.1,17049.9,0.189538106375199,"","no","LC","18.95%"
"2981850","Calliandra belizensis",56,"alpha3",1,53507,10038.2,0.18760606978917,"","no","NT","18.76%"
"2962825","Pithecellobium winzerlingii",99,"alpha4",1,129014.7,23872.3,0.185035271394067,"","no","LC","18.50%"
"3186028","Chamguava schippii",35,"alpha4",3,86262.1,15734.9,0.182408052864513,"","no","LC","18.24%"
"2736926","Colpothrinax cookii",51,"alpha8",2,74042.7,13196,0.178221876616886,"","no","LC","17.82%"
"5336125","Rondeletia belizensis",31,"alpha3",1,32881.9,5796.5,0.176282184335673,,"no","VU","17.63%"
"5527309","Bonellia longifolia",77,"alpha3",1,185311.5,31903.3,0.172160647473386,"","no","LC","17.22%"
"3870670","Mouriri exilis",98,"alpha4",3,111403.4,18899.6,0.169649718080349,"","no","LC",""
"5417509","Eugenia riograndis",36,"alpha3",1,46704.8,7521.2,0.161037168126374,"","no","LC","16.10%"
"3157842","Cymbopetalum mayanum",106,"alphaMCH",1,165449.2,26317.4,0.159066097942111,"","no","LC","15.91%"
"5357774","Inga belizensis",22,"alpha3",1,68393.1,10842.9,0.158537843721991,"","no","LC","15.85%"
"5600446","Blakea cuneata",46,"alpha3",1,65636.6,10350.4,0.157692714772613,"","no","LC","15.77%"
"4182474","Licaria guatemalensis",23,"alpha5",3,46932.3,7345.9,0.156521864857046,"","no","VU","15.65%"
"5533855","Ilex tectonica",11,"alpha18",1,120760.6,18705.1,0.15489413358462,"","no","NT",""
"2904787","Coussarea imitans",30,"alpha4",2,41502.8,6376.5,0.153639993651357,"","no","EN","15.36%"
"5339548","Randia longiloba",323,"alpha3",1,224661.2,34320.6,0.152765933294879,,"no","LC","15.28%"
"3695382","Ouratea pyramidalis",13,"alpha4",3,33250.5,4957.8,0.149104502729523,"","no","VU","14.91%"
"10689911","Myrcia karlingii",45,"alpha3",2,111462.5,16437,0.147466486315613,"","no","LC","14.75%"
"5347389","Zygia peckii",85,"alpha4",1,128220.3,18811.8,0.1467150592615,"","no","LC","14.67%"
"5416570","Eugenia tikalana",100,"alpha3",1,136284.9,19769.3,0.145058914310174,"","no","LC","14.51%"
"4033827","Coccoloba belizensis",186,"alpha3",3,351604.5,50871.4,0.144683737185474,"","no","LC","14.47%"
"5527316","Bonellia albiflora",91,"alpha3",1,103265.9,14861.7,0.143916726642996,"","no","LC","14.39%"
"4094095","Amphitecna breedlovei",44,"alpha3",1,87040.4,12500,0.143611728944166,"","no","LC","14.36%"
"2693853","Billbergia viridiflora",27,"alpha3",1,121024,17223,0.142310409657466,"","no","LC","14.23%"
"9413440","Haematoxylum calakmulense",58,"alpha3",1,70722.4,10023.2,0.141725622463968,"","no","VU","14.17%"
"2920689","Psychotria pleuropoda",44,"alpha3",1,59280.3,8298.4,0.139986379890565,"","no","LC","14.00%"
"10878138","Myrcia hondurensis",85,"alpha3",1,125411.6,17316,0.138073267147194,"","no","LC","13.81%"
"3148110","Verbesina lanata",58,"alpha4",2,99682.7,13567.7,0.136108416870056,"","no","LC","13.61%"
"3596694","Ottoschulzia pallida",65,"alpha3",1,81749.2,11044.9,0.135107017542174,"","no","LC","13.51%"
"7331153","Parathesis cubana",383,"alpha3",2,364310.7,48896.1,0.13421544665613,"","no","LC","13.42%"
"3700659","Neea stenophylla",38,"alpha6",3,356102.6,47736.3,0.134052061705077,"","no","NT","13.41%"
"4188685","Piper longepetiolatum",45,"alpha4",3,91997.2,12251,0.133167651590528,"","no","LC",""
"2894773","Guettarda deamii",45,"alpha3",1,97157.6,12911.7,0.132894456511604,"","no","LC","13.29%"
"3879259","Bartholomaea sessiliflora",15,"alpha3",1,55508.5,7336,0.132159775564094,"","no","EN","13.22%"
"10852430","Miconia conoplumosa",32,"alpha6",1,184275.8,24164,0.131129660095013,"","no","VU","13.11%"
"7297096","Citharexylum hirtellum",67,"alpha4",2,283695.4,35777.9,0.126113944015846,"","no","LC","12.61%"
"4177009","Beilschmiedia hondurensis",59,"alpha3",1,216619,27158.9,0.125376552801208,"","no","LC","12.54%"
"2884530","Pouteria izabalensis",78,"alpha10",1,353110.3,44197.6,0.125166643842005,"","no","LC","12.52%"
"4013259","Coussapoa oligocephala",173,"alpha3",1,129096,16136.9,0.124999191661336,,"no","VU","12.50%"
"5417894","Eugenia karwinskyana",172,"alpha3",2,349709.4,43240.1,0.123645905092174,"","no","LC",""
"2977400","Balizia leucocalyx",86,"alpha3",3,151804.5,18654.2,0.122883180122156,,"no","NT","12.29%"
"10704472","Myrcia megistophylla",25,"alpha9",1,90293.1,11062.3,0.122515789359942,"","no","VU","12.25%"
"5614970","Pera barbellata",44,"alpha3",1,153041.8,18700.9,0.122194401302455,"","no","EN","12.22%"
"2904141","Blepharidium guatemalense",308,"alpha3",1,211958.5,25806.6,0.121753141223268,"","no","LC","12.18%"
"5593114","Amyris attenuata",35,"alpha3",2,84049.7,10194.6,0.121292305913526,"","no","VU","12.13%"
"5555654","Clusia belizensis",37,"alpha3",1,116838.2,14000.4,0.119827354618543,"","no","LC","11.98%"
"5407069","Annona liebmanniana",94,"alpha3",1,213162.2,25328,0.118820452487192,"","no","LC","11.88%"
"4038504","Coccoloba hondurensis",138,"alpha3",1,383355.5,45491.4,0.118666341821602,"","no","LC","11.87%"
"9270348","Erythrostemon yucatanensis",564,"alpha3",2,315829.7,37475.6,0.118657571615886,,"no","LC","11.87%"
"9560994","Damburneya ambigens",111,"alpha3",1,217832.2,25175.6,0.115573513742497,"","no","LC","11.56%"
"7702855","Ormosia velutina",31,"alpha10",2,131734.8,15188.8,0.115298024562021,"","no","LC","11.53%"
"3830095","Hyperbaena winzerlingii",271,"alpha3",2,144973.5,16686.2,0.115098447490713,"","no","LC","11.51%"
"2898045","Faramea brachysiphon",39,"alpha6",2,149422.6,17185.1,0.115009973551466,"","no","NT","11.50%"
"2736139","Synechanthus fibrosus",151,"alpha3",2,200166.7,22901.3,0.114411097873463,,"no","VU","11.44%"
"4076350","Rinorea deflexiflora",195,"alpha3",2,147417.3,16719.3,0.11341459564433,"","no","LC","11.34%"
"2915484","Appunia guatemalensis",151,"alpha3",1,289871.6,32812.4,0.113196383159573,"","no","LC",""
"2885096","Manilkara staminodella",67,"alpha3",2,90396.7,10015.5,0.110795324624345,"","no","LC","11.08%"
"3154750","Oxandra maya",14,"alpha4",3,22644.9,2505,0.110622840387567,"","no","VU","11.06%"
"2902091","Hamelia rovirosae",311,"alpha3",1,326730.7,35975.2,0.110106655063403,"","no","LC","11.01%"
"2985212","Hirtella guatemalensis",66,"alpha4",1,276413.1,30197.2,0.109246641341793,"","no","LC","10.92%"
"5556277","Clusia massoniana",95,"alpha3",2,164742.7,17742,0.107695381878888,"","no","LC","10.77%"
"5350024","Harpalyce rupicola",30,"alpha3",1,171172,18347.3,0.107186431111652,"","no","EN",""
"4070282","Diospyros bumelioides",114,"alpha3",1,101782.9,10894.2,0.107033322235983,"","no","NT","10.70%"
"3721966","Parathesis sessilifolia",107,"alpha3",1,123498.8,13203.5,0.10691240654398,"","no","LC","10.69%"
"5417729","Eugenia trikii",72,"alpha3",1,122246.6,13069.2,0.106908199842202,"","no","LC","10.69%"
"5351875","Swartzia cubensis",485,"alpha3",2,256739.8,27408.1,0.106754323171273,,"no","LC","10.68%"
"3694065","Erythroxylum guatemalense",122,"alpha3",1,435708.2,46473.5,0.106662045828944,"","no","LC","10.67%"
"5416803","Eugenia percivalii",17,"alpha3",1,25628.3,2713.1,0.105862674121595,"","no","NT","10.59%"
"5660626","Cordia stellifera",297,"alpha3",2,483618.3,51066.4,0.105592414522478,"","no","LC",""
"5417898","Eugenia winzerlingii",153,"alpha3",1,194815.5,20563.6,0.10555406049338,"","no","LC","10.56%"
"9361587","Damburneya longicaudata",136,"alpha3",1,221989.7,23370,0.105275306535935,"","no","LC","10.53%"
"2734392","Chamaedorea neurochlamys",149,"alpha3",2,304207.1,31607.6,0.103901731516609,"","no","LC","10.39%"
"2731925","Cryosophila stauracantha",192,"alpha3",1,167291.5,17328.9,0.10358491499095,,"no","LC","10.36%"
"2968694","Dalbergia tabascana",187,"alpha3",1,209266.5,21589,0.103165285666031,"","no","LC","10.32%"
"2968981","Lonchocarpus hondurensis",385,"alpha3",2,368320.4,37912.7,0.102934030262412,"","no","LC","10.29%"
"3156881","Anaxagorea guatemalensis",53,"alpha3",2,83551.4,8575.5,0.1026373418231,"","no","LC",""
"3684710","Chionanthus oblanceolatus",215,"alpha3",2,70271.4,7089,0.100879688575602,"","no","LC","10.09%"
"5564497","Compsoneura mexicana",323,"alpha3",2,212992.1,21451.7,0.100715810026832,"","no","LC","10.07%"
"3158175","Mosannona depressa",427,"alpha3",1,394921.8,39700.5,0.10052761359371,"","no","LC","10.05%"
"2803377","Vanilla insignis",50,"alpha4",1,314509.6,31569.4,0.100376721363179,"","no","EN","10.04%"
"5284156","Zamia prasina",237,"alpha3",2,219459.5,21987.2,0.10018776277485,"","no","LC","10.02%"
"5416613","Eugenia gaumeri",143,"alpha3",1,266247.4,26534.2,0.0996599040641851,"","no","LC",""
"2953418","Bauhinia rubeleruziana",151,"alpha3",2,100238,9901.6,0.0987813580314532,,"no","LC","9.88%"
"3784516","Cupania spectabilis",54,"alpha4",2,200501.9,19738.8,0.0984468044734182,"","no","EN","9.84%"
"2969181","Lonchocarpus luteomaculatus",318,"alpha5",2,556315.7,54452.7,0.0978809758136473,"","no","LC","9.79%"
"8828901","Pleradenophora tuerckheimiana",191,"alpha3",2,233287.3,22682.9,0.0972316092697909,"","no","LC","9.72%"
"3154725","Sapranthus campechianus",221,"alpha3",1,316608,30487.3,0.0962935587407898,"","no","LC","9.63%"
"7309883","Dichapetalum donnell-smithii",256,"alpha3",2,421264.5,40526.3,0.0962015388586995,"","no","LC","9.62%"
"4062976","Bourreria mollis",396,"alpha4",3,448172.9,42811,0.0955235056031777,"","no","LC","9.55%"
"3694340","Erythroxylum bequaertii",59,"alpha3",1,69512.2,6638.3,0.095498190305118,"","no","LC","9.55%"
"8342183","Heisteria media",58,"alpha4",2,190807.6,18188.2,0.0953223239795132,"","no","EN","9.53%"
"2981815","Calliandra rhodocephala",76,"alpha3",1,97511.9,9221,0.094563069330636,"","no","LC","9.46%"
"2970059","Mimosa bahamensis",1080,"alpha4",2,481220.6,45372,0.0942852266682668,"","no","LC",""
"10804288","Leptobalanus sparsipilis",81,"alpha5",3,197317.8,18570.2,0.094113254022835,"","no","VU","9.41%"
"8104403","Casearia bartlettii",32,"alpha4",1,37630.8,3536.5,0.0939780970174107,"","no","NT","9.40%"
"3786086","Cupania belizensis",323,"alpha3",1,463569.2,43036.5,0.0928372407627625,"","no","LC",""
"2884184","Pouteria belizensis",30,"alpha3",1,115239.6,10652.9,0.0924417084743766,"","no","VU","9.24%"
"5339458","Randia petenensis",59,"alpha3",1,146611.4,13439.9,0.0916701372313286,"","no","VU","9.17%"
"2733093","Bactris mexicana",261,"alpha3",2,360355.6,32905.8,0.0913148919695944,,"no","LC","9.13%"
"3617696","Lacmellea standleyi",46,"alpha4",2,175393.7,15930.5,0.0908272499388082,"","no","LC",""
"3880229","Xylosma cinerea",87,"alpha4",2,563046,50672.8,0.0899976534093888,"","no","LC","9.00%"
"4050491","Polygala jamaicensis",89,"alpha3",2,110048.8,9812.2,0.0891621225861122,"","no","LC",""
"5339925","Morinda panamensis",313,"alpha4",2,571590.2,50769.8,0.0888221073612081,"","no","LC","8.88%"
"3891557","Aegiphila monstrosa",258,"alpha3",1,335980.4,29557.4,0.0879735522665564,"","no","LC",""
"5294717","Reinhardtia latisecta",55,"alpha3",1,142593.4,12539.8,0.0879412798610091,"","no","LC","8.79%"
"5577873","Allophylus camptostachys",230,"alpha10",3,621629.3,54485.2,0.0876489668431794,"","no","LC","8.76%"
"5580281","Crossopetalum filipes",150,"alpha3",2,244739.6,21072.6,0.0861019926960272,"","no","LC","8.61%"
"10704611","Miconia caelestis",109,"alpha5",2,212850.2,18283,0.0858959610707795,"","no","LC","8.59%"
"2981366","Cojoba graciliflora",363,"alpha3",2,533597.8,45655,0.0855606717111368,"","no","LC","8.56%"
"3800310","Lycianthes armentalis",141,"alpha3",2,293964.8,25137.8,0.085512971699137,"","no","LC","8.55%"
"4190977","Piper neesianum",286,"alpha3",1,268105.5,22459.4,0.0837709019333938,"","no","LC","8.38%"
"9381860","Damburneya gentlei",117,"alpha4",3,199766.6,16572.6,0.0829597159840427,"","no","LC","8.30%"
"3993929","Protium confusum",409,"alpha4",1,607453.7,50321,0.0828392609665611,"","no","LC","8.28%"
"3795510","Vachellia gentlei",194,"alpha3",1,240073.8,19830.6,0.0826020000313279,"","no","LC","8.26%"
"10820504","Myrcia calderonii",18,"alpha5",1,73481.7,6047.9,0.0823044041367814,"","no","LC","8.23%"
"3988072","Buxus bartlettii",59,"alpha3",3,142231.6,11677.9,0.0821045013025559,"","no","LC","8.21%"
"3863988","Miconia hyperprasina",172,"alpha3",1,435007,35673.3,0.0820063371396357,"","no","LC","8.20%"
"2894623","Guettarda gaumeri",321,"alpha3",2,228443.1,18311.3,0.0801567294447162,"","no","LC",""
"7331168","Ardisia nigrescens",168,"alpha3",1,194996,15549.1,0.0797404995814071,"","no","LC","7.97%"
"3795407","Mariosousa usumacintensis",143,"alpha3",3,174408.6,13770,0.0789523428874239,"","no","VU","7.90%"
"3643090","Symplocos jurgensenii",71,"alpha7",1,649965.6,51285.8,0.078905434939303,"","no","LC",""
"2953996","Gliricidia maculata",266,"alpha3",1,319532.9,25188.7,0.0788298388846705,"","no","LC","7.88%"
"12171326","Dracaena ghiesbreghtii",361,"alpha6",2,664477.5,52349.5,0.0787829814805506,"","no","LC","7.88%"
"5323884","Brassia maculata",52,"alpha4",2,250472.2,19695,0.0786313742388242,"","no","LC",""
"2962817","Pithecellobium johansenii",22,"alpha7",1,121715.8,9537.7,0.0783607025845081,"","no","NT","7.84%"
"2907922","Machaonia lindeniana",457,"alpha3",3,238602,18667.1,0.07823531109782,,"no","LC","7.82%"
"8399666","Forchhammeria trifoliata",280,"alpha4",2,628658.3,49151.5,0.0781847959471877,"","no","LC","7.82%"
"7291570","Gymnopodium floribundum",1003,"alpha3",2,276618.7,21552.7,0.077914680350139,"","no","LC","7.79%"
"3940227","Hampea trilobata",923,"alpha3",1,265363.1,20675.4,0.0779138042045677,,"no","LC","7.79%"
"3940254","Hampea stipitata",297,"alpha3",2,313105,24107.9,0.0769963303452733,,"no","LC","7.70%"
"5416269","Eugenia bumelioides",22,"alpha8",1,120223.9,8891.1,0.0739545981618946,"","no","VU","7.40%"
"3073627","Cnidoscolus souzae",309,"alpha3",2,261601.8,19112.2,0.0730583638344687,,"no","LC","7.31%"
"3800867","Brachistus nelsonii",117,"alpha3",1,235227.7,16919.7,0.0719290004108915,"","no","LC","7.19%"
"3951581","Deamia testudo",799,"alpha3",1,574692.4,41300.2,0.0718648190366056,"","no","LC","7.19%"
"3774117","Louteridium donnell-smithii",140,"alpha3",1,155753.1,11181.4,0.0717890645782759,,"no","VU","7.18%"
"2897566","Arachnothryx stachyoidea",178,"alpha4",2,227806.4,16238.1,0.0712803835774231,"","no","LC","7.13%"
"5385795","Critonia daleoides",466,"alpha3",1,618066.7,43952.5,0.0711129508255388,"","no","LC","7.11%"
"6056969","Diospyros yucatanensis",105,"alpha3",1,236592.8,16796.5,0.0709934653734464,"","no","LC","7.10%"
"5347449","Zygia conzattii",384,"alpha3",3,672553.3,47717.7,0.0709500878247698,"","no","LC","7.10%"
"5557333","Ardisia tuerckheimii",193,"alpha3",2,206782.6,14364.3,0.0694657618271909,"","no","LC","6.95%"
"11430363","Jupunba idiopoda",154,"alpha3",2,392879.2,27196.8,0.0692243429084593,"","no","LC","6.92%"
"3075891","Drypetes brownii",141,"alpha4",3,389078.2,26872.4,0.0690667393299467,"","no","LC","6.91%"
"2969050","Lonchocarpus longistylus",129,"alpha3",1,148397.8,10208.7,0.0687928163546093,"","no","LC","6.88%"
"3714541","Vismia camparaguey",180,"alpha14",1,338097.8,23107.1,0.0683445186458996,"","no","LC","6.83%"
"2944735","Platymiscium dimorphandrum",177,"alpha3",1,447631.2,30504.3,0.0681460355487589,,"no","LC","6.81%"
"9793143","Monteverdia schippii",128,"alpha3",3,322945.1,21963.8,0.0680109465525319,"","no","LC","6.80%"
"2835774","Specklinia microphylla",27,"alpha7",1,456254.5,30826.8,0.0675650293214567,"","no","LC","6.76%"
"5536205","Mortoniella pittieri",58,"alpha3",2,14316.6,957.3,0.0668655703473115,"","no","NT","6.69%"
"3036716","Oreopanax geminatus",94,"alpha3",1,151779.8,10132.8,0.0667600545526975,"","no","NT","6.68%"
"3719094","Ctenardisia amplifolia",34,"alpha3",1,74679.5,4970.1,0.0665522084521593,"","no","NT","6.66%"
"5670608","Myriocarpa heterospicata",160,"alpha3",1,278000.9,18455.2,0.0663852788304684,,"no","LC","6.64%"
"5347399","Zygia cognata",157,"alpha3",2,286022.6,18961.1,0.0662921928110204,"","no","LC","6.63%"
"3982603","Byrsonima bucidifolia",459,"alpha3",1,268699,17798.1,0.0662381259762003,"","no","LC",""
"9761743","Monteverdia belizensis",38,"alpha4",2,226491.5,14937.1,0.0659498389428373,"","no","VU","6.59%"
"5578327","Blomia prisca",122,"alphaMCH",1,846193.1,55388.9,0.0654565308102487,"","no","LC","6.55%"
"3983105","Bunchosia polystachya",159,"alpha6",2,875561.5,57051.4,0.0651597531689328,"","no","LC","6.52%"
"3623132","Cucurbita lundelliana",214,"alpha3",3,260786.1,16893.5,0.0647791829524656,"","no","LC","6.48%"
"7313221","Deherainia smaragdina",154,"alpha3",1,169092.7,10946.1,0.0647341267866775,"","no","VU","6.47%"
"6708884","Ipomoea splendor-sylvae",360,"alpha3",2,639641.9,41340.3,0.064630333861837,"","no","LC","6.46%"
"5334878","Alseis yucatanensis",437,"alpha3",1,257215.7,16476,0.0640553093950192,,"no","LC","6.41%"
"5557643","Ardisia bracteosa",155,"alpha3",1,462642.4,29627.1,0.0640389263210155,"","no","LC","6.40%"
"3905536","Vitex gaumeri",1044,"alpha4",3,718311,45949,0.0639680633168402,,"no","LC","6.40%"
"2835703","Specklinia brighamii",134,"alpha3",3,272471.6,17383.9,0.0638008546889839,,"no","LC","6.38%"
"2957679","Senna peralteana",393,"alpha3",3,297072.6,18849.2,0.0634499045313246,"","no","LC","6.34%"
"4181911","Licaria peckii",357,"alpha3",1,260538.4,16518,0.0633995576233788,,"no","LC","6.34%"
"4034203","Coccoloba acapulcensis",428,"alpha3",2,581810.7,36806,0.0632611764288757,,"no","LC","6.33%"
"4075752","Rinorea guatemalensis",544,"alpha3",3,545853,34415.9,0.0630497956329887,"","no","LC",""
"2894772","Guettarda tikalana",92,"alpha3",1,69738.7,4373.3,0.0627101424367764,"","no","VU","6.27%"
"5610118","Volkameria ligustrina",263,"alpha3",2,781599.1,48627,0.0622148168427655,"","no","LC","6.22%"
"3994238","Protium multiramiflorum",230,"alpha3",3,198981.4,12367.6,0.0621543092482732,"","no","VU","6.22%"
"3795499","Vachellia globulifera",102,"alpha3",2,362375.7,22510.6,0.0621195761778117,"","no","LC",""
"3082334","Grias cauliflora",191,"alpha3",2,340970.6,21087.3,0.0618449642914149,"","no","LC","6.18%"
"3057733","Croton icche",138,"alpha3",2,146751.9,9038.6,0.0615909801071778,"","no","LC","6.16%"
"3864206","Miconia hondurensis",266,"alpha3",2,301271.9,18491.8,0.0613789504616616,"","no","LC","6.14%"
"2969185","Lonchocarpus rugosus",1401,"alpha3",2,1413052,85958.4,0.0608317458495372,"","no","LC","6.08%"
"3867553","Miconia schlechtendalii",199,"alpha3",1,436084.4,25971.3,0.05955572794138,"","no","LC","5.96%"
"3743040","Virola multiflora",111,"alpha3",2,141303.5,8413.6,0.0595425958461628,,"no","LC","5.95%"
"3036753","Oreopanax sanderianus",223,"alpha3",2,288217.1,17095.5,0.0593146804522151,,"no","LC","5.93%"
"2881673","Quercus purulhana",203,"alpha3",1,208725.8,12374.8,0.0592872658291269,,"no","NT","5.93%"
"5349767","Erythrina folkersii",196,"alpha3",1,319232,18914.2,0.0592489737883003,"","no","LC","5.92%"
"5580276","Crossopetalum gaumeri",303,"alpha3",2,168789.4,9992.7,0.0592021841988285,"","no","LC","5.92%"
"3795574","Vachellia cookii",27,"alpha3",1,102296.3,5978.2,0.0584404901924453,"","no","LC",""
"3153700","Magnolia yoroconte",23,"alpha3",1,75523.3,4403.9,0.0583120241913564,"","no","VU","5.83%"
"8151353","Ceiba schottii",243,"alpha3",2,177103,10291.6,0.0581109961405439,,"no","LC","5.81%"
"5340036","Hillia panamensis",66,"alpha4",2,210995.4,12243.8,0.0580287740950564,"","no","LC","5.80%"
"7321670","Mosquitoxylum jamaicense",416,"alpha3",3,423721.4,24548.5,0.0579354858946911,"","no","LC","5.79%"
"3036590","Oreopanax guatemalensis",382,"alpha3",2,321958.3,18637.3,0.0578873695983119,"","no","LC","5.79%"
"3190133","Casimiroa tetrameria",165,"alpha4",3,250418.4,14445.4,0.0576849443415514,"","no","LC",""
"5556048","Clusia quadrangula",183,"alpha3",1,258262.5,14888.9,0.0576504027974334,,"no","LC","5.77%"
"5339401","Randia matudae",130,"alpha3",2,252637.1,14547.7,0.0575833675194643,"","no","LC","5.76%"
"2966873","Cynometra hemitomophylla",64,"alpha3",3,79799.5,4572.9,0.0573046043193312,"","no","LC","5.73%"
"3618725","Cascabela gaumeri",931,"alpha3",2,665958.8,38131.5,0.0572580490719101,,"no","LC","5.73%"
"3034058","Persea schiedeana",419,"alpha3",2,449526.9,25510.3,0.0567493134606125,"","no","EN","5.67%"
"5416937","Eugenia savannarum",48,"alpha3",1,68003.7,3846.8,0.056567936012137,"","no","EN","5.66%"
"8001665","Diospyros yatesiana",176,"alpha3",1,149181.7,8436.5,0.0565521382716636,"","no","LC","5.66%"
"2921033","Psychotria costivenia",977,"alpha3",3,675337.2,38007.1,0.05627869190206,"","no","LC","5.63%"
"4261742","Heliocarpus donnellsmithii",746,"alpha3",3,1019619.1,57051.4,0.0559536071292311,"","no","LC","5.60%"
"2911206","Pittoniotis protracta",383,"alpha3",3,617008.1,34496.5,0.0559093539174715,"","no","LC","5.59%"
"3794908","Mariosousa dolichostachya",350,"alpha3",1,218219.2,12081.8,0.0553652504686673,"","no","LC","5.54%"
"7528408","Malpighia macrocarpa",46,"alpha4",1,110839.5,6126.2,0.0552709768534238,"","no","VU","5.53%"
"2931059","Solanum rojasianum",16,"alpha17",2,156358.6,8622.6,0.0551464415232384,"","no","LC","5.51%"
"3788083","Exothea diphylla",164,"alpha3",1,122178.2,6732.6,0.0551045097661126,"","no","LC","5.51%"
"3683454","Forestiera corollata",6,"alpha44",1,41195.3,2263.9,0.0549555416795128,"","no","EN","5.50%"
"5651046","Sloanea meianthera",86,"alpha5",3,726958.4,39752.8,0.054683694141316,"","no","LC","5.47%"
"5662394","Cordia dodecandra",1049,"alpha4",2,945554.5,51645.5,0.0546193231440304,,"no","LC","5.46%"
"7804464","Capparidastrum quiriguense",86,"alpha3",3,122689,6689.1,0.0545210483009363,"","no","NT","5.45%"
"4075533","Rinorea hummelii",800,"alpha3",3,596640.7,32458.9,0.0544027453836869,,"no","LC","5.44%"
"3850860","Trichilia erythrocarpa",115,"alpha3",1,144115.5,7834.7,0.0543639953645324,"","no","EN","5.44%"
"2732482","Sabal mauritiiformis",2106,"alpha3",3,892832.4,48436.1,0.054249929200849,,"no","LC","5.42%"
"5358062","Inga pinetorum",82,"alpha3",1,167955.2,9096.7,0.0541613349250759,"","no","LC","5.42%"
"4182957","Licaria capitata",340,"alpha3",2,497772.4,26831.8,0.0539036905816533,"","no","LC","5.39%"
"2921957","Psychotria biaristata",627,"alpha3",1,875450.3,47145.4,0.0538527962622794,"","no","LC","5.39%"
"8094051","Quadrella calciphila",9,"alpha3",2,33711.9,1800,0.053394459905017,"","no","EN","5.34%"
"5556308","Clusia lundellii",233,"alphaMCH",1,1069843.8,57051.4,0.0533268216725227,"","no","LC","5.33%"
"9706650","Aiouea areolata",75,"alpha3",1,165221.9,8717.9,0.0527650311251656,"","no","VU","5.28%"
"7650790","Vatairea lundellii",164,"alpha3",2,421875.6,22218.5,0.0526659534904947,"","no","VU","5.27%"
"3057687","Croton arboreus",548,"alpha3",2,417354.1,21761.4,0.052141258962497,"","no","LC","5.21%"
"10825085","Casearia thamnia",564,"alpha4",1,1101068.3,57051.4,0.0518145587470715,"","no","LC","5.18%"
"5670534","Myriocarpa obovata",168,"alpha3",2,353928.8,18313.4,0.0517432865268904,"","no","LC","5.17%"
"2803365","Vanilla hartii",53,"alpha9",3,236804.5,12218.9,0.0515991084797009,"","no","EN","5.16%"
"3992575","Protium copal",981,"alpha3",3,643791.3,33201.6,0.0515719783453662,"","no","LC","5.16%"
"2878086","Quercus oleoides",1080,"alpha3",3,733336.8,37815.2,0.0515659905103035,,"no","NT","5.16%"
"5580184","Crossopetalum parviflorum",738,"alpha3",2,877173.9,45212.7,0.0515436554524619,"","no","LC","5.15%"
"2981811","Calliandra caeciliae",119,"alpha3",2,345548.4,17808.7,0.0515376160070962,"","no","LC","5.15%"
"7378972","Psychotria subsessilis",501,"alpha3",2,632011.5,32517,0.0514500212421898,"","no","LC","5.15%"
"3144983","Koanophyllon galeottii",86,"alpha4",1,257791.8,13239.9,0.0513588031658276,"","no","LC","5.14%"
"8141597","Diphysa yucatanensis",207,"alpha3",1,185103.1,9488.9,0.0512628157020705,"","no","LC","5.13%"
"5347439","Zygia confusa",22,"alpha4",2,11143,569,0.0510673065607524,"","no","EN","5.11%"
"4195865","Dichapetalum brenesii",69,"alpha3",2,22000.9,1122.4,0.0510155491756036,"","no","LC","5.10%"
"4030845","Vochysia guatemalensis",694,"alpha3",3,525595.4,26664.4,0.0507317913893171,"","no","LC","5.07%"
"2968917","Dalbergia stevensonii",41,"alpha3",1,134807.8,6798.1,0.0504279532055339,"","no","CR","5.04%"
"5380435","Adelia barbinervis",736,"alpha3",2,1008939.2,50849.9,0.0503993726861821,"","no","LC","5.04%"
"7303780","Erblichia odorata",323,"alpha3",2,332255.5,16717.9,0.0503165362301747,"","no","LC","5.03%"
"7697593","Coccoloba barbadensis",1429,"alpha3",1,1034964.4,51912,0.050158241602082,"","no","LC","5.02%"
"2712584","Scleria georgiana",294,"alpha5",3,1139789.4,57051.4,0.0500543077967266,,"no","LC","5.01%"
"2768042","Beaucarnea pliabilis",143,"alpha3",1,210077.6,10421.7,0.0496086188092555,,"no","VU","4.96%"
"5558626","Ardisia paschalis",616,"alpha3",3,416917.7,20607.1,0.049427338167276,,"no","LC","4.94%"
"3879417","Xylosma panamensis",266,"alpha3",2,935647.4,46142.8,0.0493164224951777,"","no","LC",""
"7285075","Bunchosia swartziana",679,"alpha3",3,436616.3,21527.9,0.0493062499626183,,"no","LC","4.93%"
"5335249","Simira salvadorensis",277,"alpha3",3,377417.2,18605.8,0.0492977885109687,,"no","LC","4.93%"
"3158124","Desmopsis schippii",249,"alpha4",3,352022.1,17306,0.0491618269738117,"","no","LC","4.92%"
"4261610","Heliocarpus mexicanus",358,"alpha3",2,666915.4,32487.9,0.0487136088654039,"","no","LC","4.87%"
"7941503","Palicourea glomerulata",464,"alpha3",2,427153,20678.3,0.0484096258954382,"","no","LC","4.84%"
"5285629","Pinus tecunumanii",367,"alpha3",3,309735.1,14981.5,0.0483688188286491,,"no","VU","4.84%"
"2734422","Chamaedorea oblongata",550,"alpha3",2,485615.2,23249.9,0.047877301886688,"","no","VU","4.79%"
"4188615","Piper psilorhachis",328,"alpha3",3,515781.2,24667.5,0.0478255505954598,"","no","LC",""
"3718198","Clethra hondurensis",147,"alpha3",2,224124.2,10682.8,0.0476645771868775,"","no","LC","4.77%"
"3684654","Chionanthus panamensis",164,"alpha3",3,172007.6,8165.5,0.0474716585610014,"","no","LC","4.75%"
"7621467","Bernoullia flammea",243,"alpha3",2,526128.3,24917.7,0.0473604731365305,,"no","LC","4.74%"
"9408823","Cenostigma gaumeri",531,"alpha4",3,246395.9,11651.2,0.0472865991898722,,"no","LC","4.73%"
"2738052","Astrocaryum mexicanum",405,"alpha3",2,296486.3,14017,0.0472771634555625,,"no","LC","4.73%"
"7291255","Coccoloba cozumelensis",648,"alpha3",3,434893.7,20537,0.0472231275682034,"","no","LC","4.72%"
"7291925","Coccoloba humboldtii",176,"alpha3",1,455876.5,21216.3,0.0465395369044955,"","no","LC","4.65%"
"4035373","Coccoloba spicata",261,"alpha3",1,313733.6,14582.7,0.0464810326671284,"","no","LC","4.65%"
"2969068","Lonchocarpus castilloi",273,"alphaMCH",1,449612.4,20794,0.0462488142849673,"","no","LC","4.62%"
"5385777","Critonia sexangularis",183,"alpha3",2,277064.3,12759.6,0.0460528549596613,"","no","LC","4.61%"
"5340023","Hillia tetrandra",276,"alpha5",2,1275370.1,57051.4,0.0447331870089731,"","no","LC","4.47%"
"2734738","Chamaedorea woodsoniana",131,"alpha4",2,299663.6,13342.1,0.0445236625401806,"","no","LC",""
"4160087","Ampelocera hottlei",190,"alpha3",1,373224.1,16602.5,0.0444838969454041,"","no","LC","4.45%"
"3830548","Hyperbaena mexicana",378,"alpha3",1,558617.9,24794.3,0.0443850664882344,"","no","LC","4.44%"
"2933859","Havardia albicans",524,"alpha3",2,220214.5,9713.8,0.0441108447771889,"","no","LC","4.41%"
"3905249","Vitex hemsleyi",223,"alpha3",3,297291.5,13085.6,0.044016036695732,,"no","LC","4.40%"
"7317301","Cameraria latifolia",305,"alpha3",2,308327.1,13418.1,0.043519146075446,"","no","LC","4.35%"
"5361724","Ateleia pterocarpa",169,"alpha3",3,324632.1,14085,0.0433876254686145,"","no","LC","4.34%"
"2984785","Couepia polyandra",437,"alpha3",1,1008919.5,43524.8,0.043140023827794,,"no","LC","4.31%"
"5349703","Erythrina standleyana",303,"alpha3",2,454246.3,19527.8,0.0429893818328092,,"no","LC","4.30%"
"10832128","Selenicereus minutiflorus",14,"alpha23",1,53421.1,2280.6,0.0426916834718498,"","no","VU","4.27%"
"7330134","Clusia salvinii",661,"alpha4",2,1049241,44703.8,0.0426058276175391,,"no","LC","4.26%"
"3104739","Clibadium arboreum",672,"alpha3",2,520129.1,22144.3,0.0425746475879798,"","no","LC","4.26%"
"7278781","Robinsonella lindeniana",200,"alpha3",2,285163.5,12137.9,0.0425645442419717,"","no","LC","4.26%"
"2695328","Tillandsia brachycaulos",730,"alpha3",1,877983.4,37166.2,0.0423313340508611,,"no","LC","4.23%"
"2923366","Psychotria mexiae",285,"alpha4",2,468967.3,19782.9,0.0421839141198722,"","no","LC","4.22%"
"2969021","Lonchocarpus guatemalensis",1322,"alpha3",1,990860,41651.5,0.0420356791978811,,"no","LC","4.20%"
"5558789","Ardisia nigropunctata",283,"alphaMCH",1,541401,22704.9,0.0419373873276053,"","no","LC",""
"2918417","Spermacoce tetraquetra",257,"alpha4",3,1331186.7,55804,0.04192052648616,"","no","LC","4.19%"
"5334881","Alseis hondurensis",15,"alpha4",3,58084.8,2433.4,0.0418937212414086,,"no","VU","4.19%"
"6109608","Thrinax radiata",1344,"alpha3",2,1369963.5,57051.4,0.0416444454431675,"","no","LC","4.16%"
"3778585","Bravaisia grandiflora",23,"alpha4",1,62306.3,2553.9,0.0409900112117438,"","no","EN",""
"7296133","Quararibea funebris",578,"alpha3",3,741774.6,30396.4,0.0409778951848919,"","no","LC","4.10%"
"4182150","Licaria misantlae",234,"alpha3",3,276616.9,11234.2,0.0406128604995726,"","no","LC","4.06%"
"5355119","Machaerium cirrhiferum",63,"alpha36",3,812174.1,32975,0.0406009049090874,"","no","LC","4.06%"
"5378891","Sapium lateriflorum",225,"alpha3",2,528342.3,21365.9,0.040439492944498,"","no","LC","4.04%"
"2894766","Guettarda macrosperma",500,"alpha3",3,571801.3,22994.1,0.0402134295146472,"","no","LC","4.02%"
"2984493","Celtis trinervia",265,"alpha5",3,1419654,57051.4,0.0401868128592738,"","no","LC","4.02%"
"3764285","Pseudolmedia glabrata",542,"alphaMCH",1,1422910.8,57051.4,0.0400948327144608,,"no","LC","4.01%"
"5322243","Oncidium ensatum",179,"alpha3",3,565220.1,22650,0.0400729234459211,"","no","LC","4.01%"
"2943053","Chloroleucon mangense",1410,"alpha7",3,1247490.2,49916.1,0.0400132163435615,"","no","LC","4.00%"
"8333378","Koanophyllon albicaule",534,"alpha3",1,968549.6,38633.5,0.0398880336087658,"","no","LC","3.99%"
"4071386","Diospyros salicifolia",573,"alpha3",3,835988.6,33242.2,0.0397639372087797,"","no","LC","3.98%"
"3065638","Euphorbia blodgettii",687,"alpha4",3,1439210.6,57051.4,0.0396407357196105,"","no","LC","3.96%"
"7265001","Allophylus cominia",1007,"alpha3",2,1014477.7,39957.1,0.0393868297967817,"","no","LC","3.94%"
"5361897","Ficus crassinervia",610,"alpha3",3,882981,34737.8,0.0393415020734627,"","no","LC","3.93%"
"2921678","Palicourea domingensis",350,"alpha6",3,1367755.6,53653.9,0.0392277286795393,"","no","LC","3.92%"
"3795578","Vachellia collinsii",1074,"alpha3",2,1258189.1,49244.2,0.0391389309812355,,"no","LC","3.91%"
"3743287","Virola koschnyi",235,"alpha3",2,401809.5,15609.3,0.0388475900772265,"","no","LC","3.88%"
"2732498","Sabal yapa",622,"alpha3",2,236601,9115.1,0.0385250906179625,"","no","LC","3.85%"
"3718545","Gentlea micranthera",187,"alpha3",3,266678.5,10247.5,0.0384263283460308,"","no","LC","3.84%"
"2920024","Psychotria papantlensis",111,"alphaMCH",1,943036.6,36181.3,0.0383668503089405,"","no","LC","3.84%"
"3784095","Matayba oppositifolia",377,"alpha4",3,1488942.6,57051.4,0.0383167011124938,,"no","LC","3.83%"
"2958005","Senna racemosa",939,"alpha5",2,917340.8,35027.8,0.0381841041590053,"","no","LC","3.82%"
"2957940","Senna hayesiana",890,"alpha3",1,1215672.8,46186.7,0.0379927399549111,"","no","LC","3.80%"
"3714243","Garcinia intermedia",692,"alpha4",3,1386928.7,52379.3,0.0377664225708094,"","no","LC","3.78%"
"7388615","Thouinia paucidentata",596,"alpha3",2,365558.2,13765.2,0.0376552798011524,"","no","LC","3.77%"
"10750299","Myrcia chytraculia",521,"alpha3",2,1229467,46217.9,0.0375918382046743,,"no","LC","3.76%"
"5381735","Phyllanthus elsiae",321,"alpha5",3,1213075.4,45347,0.0373818872506977,"","no","LC",""
"4182389","Ocotea effusa",173,"alpha3",1,273190.5,10210.1,0.0373736592621528,"","no","LC","3.74%"
"7329570","Picramnia antidesma",1237,"alpha4",2,1407970.9,52390.2,0.0372097183358035,"","no","LC","3.72%"
"3778614","Bravaisia berlandieriana",594,"alpha3",2,410392.2,15268.6,0.0372048735592302,"","no","LC","3.72%"
"5571061","Ficus cahuitensis",66,"alpha5",2,60524.4,2231,0.0368608770031361,"","no","LC","3.69%"
"3619989","Malouetia guatemalensis",253,"alpha3",1,472699.5,17372.5,0.0367516788583483,"","no","LC",""
"7632925","Palicourea tetragona",930,"alpha6",2,726499.2,26688.9,0.0367362667224863,"","no","LC","3.67%"
"3784412","Matayba clavelligera",78,"alpha4",2,341751,12547.4,0.0367149439715007,"","no","LC","3.67%"
"3993199","Protium glabrum",422,"alpha3",2,321375.8,11788.1,0.0366800458893352,"","no","LC","3.67%"
"2984543","Pseudolmedia spuria",357,"alpha5",3,1564055.9,57051.4,0.0364765537249901,"","no","LC","3.65%"
"9486396","Damburneya nitida",262,"alpha3",2,623490.5,22396.9,0.0359217939807984,"","no","LC","3.59%"
"2920461","Psychotria limonensis",633,"alpha3",3,687971.9,24706.3,0.0359117356194886,,"no","LC","3.59%"
"4261454","Petenaea cordata",204,"alpha3",1,107573.6,3811.8,0.0354343399913823,"","no","EN","3.54%"
"5570299","Ficus colubrinae",534,"alpha3",1,502114.2,17674.8,0.0352008509591967,"","no","LC","3.52%"
"2953044","Bauhinia jenningsii",443,"alpha3",1,313914.3,11032.5,0.0351450219883309,,"no","LC","3.51%"
"5416878","Eugenia galalonensis",265,"alpha5",3,1626560.1,57051.4,0.03507486099507,"","no","LC","3.51%"
"3169443","Myrsine floridana",2469,"alpha5",3,1494032.4,52347.4,0.0350376328841089,,"no","LC","3.50%"
"8423811","Casearia tacanensis",249,"alpha3",3,227535.1,7909.5,0.034761713595799,"","no","LC","3.48%"
"7330354","Clusia guatemalensis",373,"alpha3",2,435608.5,15127,0.0347261111100554,"","no","LC","3.47%"
"5339536","Randia monantha",320,"alpha3",3,651810.9,22505.6,0.0345277367103007,"","no","LC",""
"2695885","Tillandsia limbata",263,"alpha3",1,519431.3,17901.1,0.0344628783210245,,"no","LC","3.45%"
"3590257","Ternstroemia tepezapote",1285,"alpha3",1,916815.9,31529.1,0.0343897430023332,"","no","LC","3.44%"
"4038391","Neomillspaughia emarginata",563,"alpha40",2,951555.8,32598.6,0.0342582133590411,"","no","LC","3.43%"
"3072937","Jatropha gaumeri",330,"alpha3",2,368724.2,12585.8,0.0341333106654563,"","no","LC","3.41%"
"2942793","Crotalaria cajanifolia",771,"alpha3",3,1244004.9,42207.2,0.0339285132709509,"","no","LC","3.39%"
"3796237","Pithecellobium hymenaeifolium",440,"alpha5",3,844393.5,28614.7,0.0338879291819464,"","no","LC","3.39%"
"2922848","Psychotria lundellii",51,"alpha3",2,111978.5,3782.7,0.0337807688238691,"","no","EN","3.38%"
"8167972","Pithecellobium keyense",1006,"alpha3",3,736120.7,24817.9,0.0337144329556718,"","no","LC","3.37%"
"5357252","Diphysa carthagenensis",695,"alpha3",2,1157368.2,38900,0.0336107655937141,"","no","LC","3.36%"
"3867912","Miconia desmantha",250,"alpha5",3,380030.4,12759.1,0.0335739023624308,"","no","LC","3.36%"
"2968689","Dalbergia glabra",1462,"alphaMCH",1,1699494.4,57050.9,0.0335693087272355,"","no","LC","3.36%"
"3835690","Zanthoxylum panamense",92,"alpha5",1,459213.7,15326.9,0.0333764327806737,"","no","LC","3.34%"
"2888824","Coccoloba diversifolia",2103,"alpha3",2,1709588.1,57006.5,0.0333451524166175,,"no","LC","3.33%"
"3785479","Cupania guatemalensis",322,"alpha3",3,675817.6,22438.4,0.0332019058202531,"","no","LC","3.32%"
"5572008","Ficus turrialbana",97,"alpha6",3,416508.7,13793.2,0.0331161874821599,"","no","LC","3.31%"
"7321731","Metopium brownei",1367,"alpha6",2,1690680.3,55718.8,0.032956465133701,,"no","LC","3.30%"
"2886951","Sideroxylon americanum",467,"alpha3",3,723968,23793.4,0.0328652623540136,"","no","LC","3.29%"
"3059312","Croton billbergianus",498,"alpha3",2,627570.9,20612.5,0.0328449106591568,"","no","LC","3.28%"
"3791288","Wimmeria bartlettii",193,"alpha3",1,295036.2,9662.2,0.0327493590244471,"","no","LC","3.27%"
"3068012","Euphorbia schlechtendalii",1023,"alpha3",1,1354572,44334.1,0.0327292306194418,,"no","LC","3.27%"
"3999832","Roupala glaberrima",163,"alpha3",1,208094.4,6809.2,0.0327214883054641,"","no","LC","3.27%"
"4092274","Handroanthus guayacan",523,"alpha4",3,1510714.9,49367.6,0.032678305653445,,"no","LC","3.27%"
"2907391","Chiococca belizensis",245,"alpha3",3,786141.9,25615.5,0.0325838278546808,"","no","LC","3.26%"
"3845846","Morinda royoc",2184,"alpha3",2,1493513.6,48495,0.0324704236779482,"","no","LC","3.25%"
"2920385","Psychotria nervosa",4907,"alpha5",1,1758251.5,57051.4,0.0324477858284318,"","no","LC","3.24%"
"7894693","Amyris sylvatica",205,"alpha4",3,1297054,41890.3,0.0322964954973436,"","no","LC","3.23%"
"2900980","Cosmocalyx spectabilis",108,"alpha41",1,557239.9,17928.7,0.0321741002817663,"","no","VU","3.22%"
"7610930","Palicourea pubescens",2105,"alpha3",3,1724127.4,55016,0.0319095023843495,,"no","LC","3.19%"
"8351704","Palicourea veracruzensis",180,"alphaMCH",1,469976.3,14975.8,0.0318651027338487,"","no","LC","3.19%"
"8365367","Mollinedia viridiflora",874,"alpha3",1,693726,22098.4,0.0318545896870277,"","no","LC","3.19%"
"2907393","Chiococca phaenostemon",261,"alphaMCH",1,1365264.1,42646.8,0.0312370135013062,"","no","LC","3.12%"
"2683625","Ceratozamia robusta",124,"alpha3",1,134348.1,4156,0.0309343185864817,"","no","EN","3.09%"
"5335776","Stenostomum lucidum",144,"alpha3",1,889080.5,27451.5,0.0308763012592232,"","no","LC","3.09%"
"2732676","Attalea cohune",437,"alpha6",3,1842695.8,56635.1,0.0307349004909283,,"no","LC","3.07%"
"2962801","Pithecellobium oblongum",259,"alpha5",3,1734326.3,53164.1,0.0306540422667456,"","no","LC","3.07%"
"5417102","Eugenia aeruginea",260,"alpha12",3,1861792.3,57051.4,0.0306432515502442,"","no","LC","3.06%"
"3076386","Astrocasia tremula",373,"alpha6",2,1223606.8,37431.4,0.0305910636835714,"","no","LC","3.06%"
"5317921","Maxillaria hedwigiae",166,"alpha3",3,332212.7,10141.3,0.0305265551764046,,"no","LC","3.05%"
"3794448","Semialarium mexicanum",991,"alpha3",2,1039612.6,31670.3,0.0304635916394514,,"no","LC","3.05%"
"4074469","Orthion subsessile",157,"alpha3",1,116187,3514.8,0.030251457828986,,"no","LC","3.03%"
"4034901","Coccoloba tuerckheimii",190,"alpha3",2,265315,7992,0.0301226869105657,"","no","LC","3.01%"
"3700896","Neea psychotrioides",1614,"alpha3",3,1758524.8,52943.7,0.0301068973079701,"","no","LC",""
"5685634","Nectandra rubriflora",117,"alpha4",2,267693.5,8005.9,0.0299069217368997,"","no","LC","2.99%"
"11738665","Phippsiomeles microcarpa",173,"alpha3",2,400178.7,11815.5,0.0295254881286474,"","no","LC","2.95%"
"2894890","Guettarda foliacea",171,"alpha4",3,298895.6,8789.2,0.029405430229795,"","no","LC","2.94%"
"9817116","Cordia diversifolia",351,"alpha5",1,1211168.3,35606.7,0.0293986729824927,"","no","LC","2.94%"
"3859926","Miconia argentea",967,"alpha3",1,1027486.2,30139.9,0.0293336589100509,"","no","LC","2.93%"
"7296173","Quararibea yunckeri",210,"alpha3",2,210558.2,6144.6,0.0291822361955321,"","no","LC",""
"2922901","Psychotria clivorum",69,"alpha5",2,215146.4,6240.8,0.0290071502879844,"","no","LC","2.90%"
"2925393","Citharexylum caudatum",1562,"alpha4",3,1969620.2,57051.4,0.0289656699867595,"","no","LC","2.90%"
"9468083","Damburneya salicifolia",2143,"alpha3",1,1329233.5,38434.3,0.0289146684865501,"","no","LC","2.89%"
"3694365","Erythroxylum confusum",256,"alpha3",2,702091.7,20259.1,0.0288552861619072,"","no","LC","2.89%"
"2803385","Vanilla inodora",71,"alpha8",3,1989467.5,57051.4,0.0286767025231661,"","no","EN","2.87%"
"3155625","Guatteria amplifolia",1167,"alpha3",1,775817.8,22141.6,0.0285396734028632,,"no","LC","2.85%"
"5416409","Eugenia capuli",1216,"alpha3",2,993032.3,28236.7,0.0284348572918805,"","no","LC","2.84%"
"2885232","Manilkara chicle",392,"alpha3",1,781069,22199.2,0.0284215203311052,"","no","LC","2.84%"
"7687706","Tabernaemontana donnell-smithii",1540,"alpha3",2,1393266.7,39442.2,0.0283091333783512,"","no","LC","2.83%"
"7305499","Piper villiramulum",332,"alpha3",2,728232.9,20611.2,0.0283030653555862,"","no","LC","2.83%"
"3590874","Symplococarpon purpusii",321,"alpha3",2,492980.6,13833.9,0.028061779249026,"","no","LC","2.81%"
"4069804","Diospyros tetrasperma",382,"alpha7",3,2037239.4,57051.4,0.0280042538318444,"","no","LC","2.80%"
"5417525","Eugenia venezuelensis",279,"alpha3",1,948573,26493,0.027929300647882,"","no","LC","2.79%"
"3766584","Trophis mexicana",869,"alpha3",3,704980,19623.1,0.0278349195482613,"","no","LC","2.78%"
"3784726","Cupania rufescens",256,"alpha3",2,700939.6,19500.4,0.0278203311963974,"","no","LC","2.78%"
"3189908","Guaiacum sanctum",1233,"alpha4",3,2057576.5,57051.4,0.0277274588728302,,"no","NT","2.77%"
"5421375","Alvaradoa amorphoides",1573,"alpha4",2,2067570.3,57051.4,0.0275934364796513,,"no","LC","2.76%"
"7700130","Nectandra sanguinea",156,"alpha3",2,501666.3,13833.7,0.0275755629615455,"","no","LC","2.76%"
"6379095","Epiphyllum hookeri",401,"alpha5",3,2071202.1,57051.4,0.0275450509144974,,"no","LC","2.75%"
"5285893","Podocarpus guatemalensis",247,"alpha3",3,758875.9,20841,0.0274629407707042,"","no","LC","2.75%"
"2965822","Lysiloma latisiliquum",1852,"alpha4",3,998866.6,27422,0.0274531560260766,,"no","LC","2.75%"
"2879995","Quercus cortesii",264,"alpha5",2,558546.6,15317.3,0.0274235729267998,,"no","NT","2.74%"
"5633780","Leptolobium panamense",382,"alpha5",3,859562.5,23548.1,0.0273954301920543,,"no","LC","2.74%"
"2957797","Senna papillosa",654,"alpha5",2,1962964.5,53356.1,0.0271814006518982,"","no","LC","2.72%"
"3169628","Tabernaemontana alba",2025,"alpha5",3,2108711.7,57051.4,0.0270550818300004,"","no","LC","2.71%"
"4130116","Aristida appressa",275,"alpha3",1,1003367.7,27033.3,0.02694252402525,"","no","LC","2.69%"
"10786450","Coulteria cubensis",163,"alpha4",2,562605.5,15092.2,0.0268255269957439,"","no","NT","2.68%"
"3108806","Telanthophora cobanensis",146,"alpha4",3,153454.9,4114.6,0.0268128972856229,"","no","NT","2.68%"
"5569991","Ficus costaricana",366,"alpha3",2,744730,19739.3,0.026505250518484,,"no","LC","2.65%"
"2911062","Exostema caribaeum",1152,"alpha3",2,1834356.3,48483.3,0.0264306712837659,,"no","LC","2.64%"
"3851765","Trichilia breviflora",172,"alpha3",2,206918.5,5377.4,0.0259879306306206,"","no","EN","2.60%"
"7285177","Bunchosia lindeniana",1301,"alpha3",3,1114489.3,28919.5,0.0259486438380944,"","no","LC","2.59%"
"2702542","Dichanthelium strigosum",523,"alpha4",3,2203602.7,57051.4,0.0258900431169949,"","no","LC","2.59%"
"5581364","Physalis gracilis",641,"alpha3",3,953335.4,24501.4,0.0257006637581757,"","no","LC","2.57%"
"2886860","Sideroxylon persimile",405,"alpha7",3,1525896.8,39142.3,0.025651964784057,,"no","LC","2.57%"
"2985148","Hirtella americana",808,"alpha4",3,2242366.5,57051.4,0.0254424820201993,"","no","LC","2.54%"
"5603969","Casearia corymbosa",2263,"alpha3",2,1938126.5,49127.5,0.0253479525923485,"","no","LC","2.53%"
"4176818","Ocotea bourgeauviana",82,"alpha3",1,203569.9,5136.7,0.0252332795506941,"","no","LC","2.52%"
"3087127","Borrichia arborescens",1213,"alpha3",2,1342734.6,33677.2,0.0250810590622936,,"no","LC","2.51%"
"2984660","Brosimum alicastrum",879,"alpha6",2,2206359.1,55018.7,0.0249364312919584,"","no","LC","2.49%"
"2968487","Dalbergia tucurensis",142,"alpha3",2,360439.1,8937.1,0.02479494482771,"","no","LC","2.48%"
"4189200","Piper pseudofuligineum",463,"alpha3",2,1092083.7,27029.5,0.0247504099248153,"","no","LC","2.48%"
"7998910","Exothea paniculata",753,"alpha5",3,2306986.5,57051.4,0.0247298231580419,"","no","LC","2.47%"
"3596937","Calatola uxpanapensis",20,"alpha4",3,22164.9,547.9,0.0247192273664087,"","no","EN","2.47%"
"2894856","Guettarda subcapitata",70,"alpha3",1,187505.1,4601.7,0.0245417715178376,"","no","LC","2.45%"
"2805503","Spiranthes torta",190,"alpha4",3,1140958.1,27947.1,0.0244944180941438,"","no","LC","2.45%"
"3169186","Elaeodendron xylocarpum",658,"alpha4",2,2330737.2,57051.4,0.0244778207631842,"","no","LC","2.45%"
"3879289","Bartholomaea mollis",3,"alpha6",1,8318.9,203,0.0244069521765469,"","no","EN",""
"5361698","Ateleia gummifera",145,"alpha3",2,576668.9,14000.6,0.0242783748773464,"","no","LC","2.43%"
"7297113","Citharexylum hexangulare",292,"alpha3",2,645280.1,15615.2,0.0241991012285441,"","no","LC","2.42%"
"5529314","Mappia multiflora",25,"alpha8",3,70018.5,1685.7,0.0240753362039436,"","no","VU","2.41%"
"3795493","Vachellia hindsii",787,"alpha3",2,607287.3,14418.3,0.0237421833642285,,"no","LC","2.37%"
"4038517","Coccoloba hirtella",37,"alpha9",3,115823.8,2738.4,0.0236427432467689,"","no","VU","2.36%"
"3169629","Tabernaemontana citrifolia",358,"alpha4",2,800020.9,18897.5,0.0236212579914979,"","no","LC","2.36%"
"2984473","Cecropia obtusifolia",2281,"alpha4",3,2150297.8,50648,0.0235539661402595,,"no","LC","2.36%"
"5406779","Pavonia paludicola",224,"alpha4",2,1493132.1,35082.4,0.0234958732537745,"","no","LC","2.35%"
"7751398","Ehretia tinifolia",1267,"alpha4",3,2444974.4,57051.4,0.0233341371758779,"","no","LC","2.33%"
"5558253","Ardisia hintonii",29,"alpha5",2,260649,6074.5,0.0233051995824416,"","no","LC","2.33%"
"4190607","Piper schiedeanum",469,"alpha3",2,732659,16984.3,0.0231817506727528,"","no","LC","2.32%"
"5357266","Diphysa macrophylla",20,"alpha7",1,217621.9,5043.9,0.0231771381919133,"","no","NT","2.32%"
"3722837","Parathesis donnell-smithii",367,"alpha3",1,712231.4,16349.6,0.0229555167097448,"","no","LC","2.30%"
"4260447","Macrohasseltia macroterantha",115,"alpha4",2,148151.5,3396.6,0.0229263338047749,"","no","LC","2.29%"
"2734697","Chamaedorea adscendens",14,"alpha31",1,2503135.6,57051.4,0.0227919606654004,"","no","VU","2.28%"
"3791995","Gyminda tonduzii",249,"alpha3",3,256880,5819.5,0.0226544144840693,"","no","LC","2.27%"
"2953586","Bauhinia dipetala",100,"alpha3",1,291796.9,6606.2,0.0226397119605122,,"no","VU","2.26%"
"2893696","Ernodea littoralis",1165,"alpha3",2,1332457.6,30022.8,0.0225318661198709,,"no","LC","2.25%"
"3983773","Hiraea reclinata",470,"alpha10",1,2529813.5,57000.9,0.0225316695531117,"","no","LC","2.25%"
"3861062","Henriettea cuneata",140,"alpha5",1,373061.9,8403.9,0.0225268183473738,"","no","LC","2.25%"
"2985306","Moquilea platypus",385,"alpha3",1,820384.3,18330.4,0.0223436913499709,"","no","LC","2.23%"
"5557987","Ardisia schippii",9,"alpha12",1,164364.2,3671,0.0223347893254363,"","no","EN","2.23%"
"5421190","Amyris balsamifera",280,"alpha5",3,2573879.5,57051.4,0.0221655162116151,"","no","LC","2.22%"
"3058441","Croton glabellus",706,"alpha4",3,2581906.2,57051.4,0.0220966078448916,"","no","LC","2.21%"
"3075805","Drypetes lateriflora",599,"alpha5",2,2607006.6,57051.4,0.021883860372899,"","no","LC",""
"9360828","Damburneya coriacea",1781,"alpha4",2,2319055.9,50655.1,0.0218429647770454,,"no","LC","2.18%"
"10911024","Heliotropium petiolare",287,"alpha3",2,638324.3,13902.8,0.0217801314346892,"","no","LC","2.18%"
"3849755","Guarea bijuga",126,"alpha5",3,460178.4,9978.7,0.0216843798951522,"","no","LC","2.17%"
"2896492","Gonzalagunia panamensis",521,"alpha4",3,1401489.2,30203,0.0215506819476726,,"no","LC","2.16%"
"5339321","Solenandra mexicana",572,"alpha3",3,1026407.3,21579.6,0.0210243597796509,"","no","LC","2.10%"
"3073576","Cnidoscolus multilobus",697,"alpha3",1,1006416.3,21143.7,0.0210088886138007,,"no","LC","2.10%"
"5579866","Elachyptera floribunda",115,"alpha5",2,2235784.8,46783.6,0.0209249214328325,"","no","LC","2.09%"
"3172583","Amphitecna latifolia",598,"alpha4",1,2758316.4,57051.4,0.0206834027094758,,"no","LC","2.07%"
"7709453","Palicourea elata",2569,"alpha3",2,904521.1,18679.1,0.0206507983156278,,"no","LC","2.07%"
"5334692","Erithalis fruticosa",1280,"alpha3",1,2135220.9,44046.6,0.0206286065949875,,"no","LC","2.06%"
"5358068","Inga cocleensis",188,"alpha4",2,809938,16665.7,0.0205764791521467,"","no","LC","2.06%"
"7628041","Palicourea simiarum",244,"alpha3",2,287004.6,5873.1,0.0204635536183745,"","no","LC","2.05%"
"2878358","Quercus elliptica",874,"alpha3",3,729532.8,14852.8,0.0203593409568352,"","no","LC","2.04%"
"5643554","Brunellia mexicana",300,"alpha3",2,362057.8,7344.1,0.0202842152910974,"","no","LC","2.03%"
"7151936","Bonellia macrocarpa",2946,"alpha8",2,2817438.6,57051.4,0.020249374285791,,"no","LC","2.02%"
"3865718","Miconia fulvostellata",105,"alpha3",2,174030.9,3517.9,0.0202143750776604,"","no","LC","2.02%"
"2712356","Scleria setulosociliata",152,"alpha14",2,2825913.7,57051.4,0.0201886452368178,"","no","LC","2.02%"
"7328869","Agarista mexicana",397,"alpha3",1,691511.1,13940,0.0201587186730185,"","no","LC","2.02%"
"3039518","Krugiodendron ferreum",1007,"alpha5",1,2838920.8,57051.4,0.0200961467019662,,"no","LC","2.01%"
"3750498","Hedyosmum mexicanum",876,"alpha6",1,939848.8,18742.9,0.0199425124476847,"","no","LC","1.99%"
"2907388","Chiococca pachyphylla",499,"alpha3",1,835315,16492.2,0.0197436717845848,,"no","LC","1.97%"
"2894724","Guettarda combsii",614,"alphaMCH",1,2898836.3,57051.4,0.0196807832511322,,"no","LC","1.97%"
"2888836","Coccoloba swartzii",499,"alpha5",3,1491286.5,29346.2,0.0196784441175649,"","no","LC",""
"7270715","Saurauia yasicae",662,"alpha3",1,766041.7,15006.9,0.0195901833251746,"","no","LC","1.96%"
"8198757","Paspalum caespitosum",268,"alpha5",3,1871995.4,36302.1,0.0193921805332472,"","no","LC","1.94%"
"2878354","Quercus sapotifolia",999,"alpha3",2,704650.5,13658,0.0193826048248005,"","no","LC","1.94%"
"3090102","Neomirandea araliifolia",310,"alpha4",2,721020.5,13968.2,0.0193728549362709,"","no","LC","1.94%"
"5372463","Colubrina arborescens",953,"alpha5",2,2963756.9,57051.4,0.0192496790677255,"","no","LC","1.92%"
"5417751","Eugenia foetida",874,"alpha4",3,1157342.6,22265.1,0.0192381287015933,"","no","LC","1.92%"
"3660942","Spondias radlkoferi",2001,"alpha17",2,2972881.5,57051.4,0.0191905963362915,"","no","LC","1.92%"
"3698942","Terminalia bucidoides",86,"alpha4",3,114690.6,2195,0.0191381579564812,"","no","LC","1.91%"
"9404777","Tara vesicaria",637,"alpha4",1,1288063.5,24494.8,0.0190167601407395,"","no","LC","1.90%"
"2965867","Lysiloma auritum",302,"alpha3",2,646740.1,12259.1,0.0189552500971848,"","no","LC","1.90%"
"2969141","Lonchocarpus minimiflorus",440,"alpha3",2,353858.1,6665.9,0.0188378209548287,"","no","LC","1.88%"
"5381821","Phyllanthus mocinianus",421,"alpha3",3,928689.1,17462.7,0.0188035878680353,"","no","LC","1.88%"
"5355162","Machaerium seemannii",371,"alpha3",1,815673.5,15247.7,0.0186934264485091,"","no","LC","1.87%"
"3061128","Manihot aesculifolia",669,"alpha3",3,1198124.3,22357.1,0.0186601133224188,"","no","LC","1.87%"
"2930678","Solanum rovirosanum",555,"alpha3",1,483364.3,8985.4,0.0185893840965003,"","no","LC","1.86%"
"3867535","Miconia schlimii",339,"alpha4",1,571585.7,10576,0.018502920428995,"","no","LC","1.85%"
"2965803","Lysiloma acapulcense",1292,"alpha3",1,1321310.5,24376.5,0.0184486961181746,,"no","LC","1.84%"
"2956069","Piscidia piscipula",2221,"alpha5",3,3094192,57051.4,0.0184382123958959,,"no","LC","1.84%"
"3694721","Ouratea nitida",406,"alpha6",2,3131284.7,57051.4,0.0182197959253127,"","no","LC","1.82%"
"2887138","Sideroxylon foetidissimum",840,"alpha3",2,1500104.4,27291.6,0.0181931112603126,"","no","LC","1.82%"
"2929212","Solanum hirtum",1036,"alpha3",3,2210700.4,40054.1,0.0181182791247049,,"no","LC","1.81%"
"2905402","Ixora nicaraguensis",109,"alpha3",3,141672.1,2530.4,0.0178609741387882,"","no","LC","1.79%"
"2705601","Paspalum clavuliferum",222,"alpha5",3,3242583.9,57051.4,0.0175944153984614,"","no","LC","1.76%"
"5536401","Thevetia ahouai",1969,"alpha3",3,2884321.1,50294.9,0.0174373287922377,"","no","LC","1.74%"
"2957590","Senna undulata",427,"alpha7",3,3272126.5,57051.4,0.0174355631482548,,"no","LC","1.74%"
"4183045","Licaria campechiana",83,"alpha3",2,238806.6,4139,0.0173321392829746,"","no","LC","1.73%"
"3660021","Tapirira mexicana",389,"alpha3",1,459749.5,7878.2,0.0171358229375408,"","no","LC","1.71%"
"2716557","Cyperus planifolius",553,"alpha5",3,2988039.2,51079.7,0.0170947143971023,"","no","LC","1.71%"
"7297424","Lippia myriocephala",939,"alpha3",1,995716,17008.2,0.0170813343918673,,"no","LC","1.71%"
"2973023","Albizia adinocephala",360,"alpha3",2,500194.2,8522.8,0.0170390310447184,,"no","LC","1.70%"
"2902039","Hamelia calycosa",212,"alpha9",3,1130116.1,19196.5,0.0169863496360435,"","no","LC","1.70%"
"3798770","Lycianthes synanthera",423,"alpha3",2,556711.5,9380.6,0.0168500223826038,,"no","LC","1.69%"
"6029771","Helicteres baruensis",1349,"alpha5",3,3391851,57051.4,0.0168201282213372,"","no","LC","1.68%"
"5341206","Rochefortia spinosa",85,"alpha6",2,3192827.8,53357.3,0.0167116128013513,"","no","LC","1.67%"
"5354940","Machaerium conzattii",3,"alpha12",1,14246.3,238.1,0.0167111825515662,"","no","EN","1.67%"
"2899321","Palicourea padifolia",2068,"alpha3",2,864849.7,14440.9,0.0166975807656604,,"no","LC","1.67%"
"4094111","Amphitecna apiculata",225,"alpha3",1,208893.4,3472.4,0.0166229124471274,,"no","LC","1.66%"
"2880526","Quercus insignis",376,"alpha3",1,676869.4,11163.3,0.0164924917993825,,"no","EN","1.65%"
"3849104","Psychotria sarapiquensis",124,"alpha4",2,219511.2,3568,0.0162542244711317,"","no","LC","1.63%"
"3999089","Roupala plinervia",10,"alpha27",2,390060.9,6321.6,0.0162067796109337,"","no","LC","1.62%"
"8396259","Combretum cacoucia",204,"alpha4",3,959280.8,15361.5,0.016013590982533,"","no","LC","1.60%"
"3157769","Unonopsis pittieri",207,"alpha3",1,317177.4,5029,0.0158553530017467,"","no","LC","1.59%"
"5398966","Trixis inula",2028,"alpha4",2,3225944.1,50934.1,0.0157889072381903,,"no","LC","1.58%"
"5611458","Diphysa paucifoliolata",31,"alpha4",1,18414.7,288,0.0156389286139218,"","no","VU",""
"2693142","Xyris elliottii",924,"alpha4",3,483976.1,7538.3,0.0155758545061952,,"no","LC","1.56%"
"5349775","Erythrina berteroana",478,"alpha6",2,3681105.9,57051.4,0.0154984318461246,"","no","LC","1.55%"
"2721019","Rhynchospora fascicularis",1252,"alpha7",3,3688711.6,57051.4,0.0154664758361666,"","no","LC","1.55%"
"2873940","Erythroxylum rotundifolium",841,"alpha3",3,1722960.3,26606.5,0.0154422979514588,"","no","LC","1.54%"
"5668522","Godmania aesculifolia",633,"alpha5",3,2452720.1,37811.7,0.0154162330423068,,"no","LC","1.54%"
"9532169","Specklinia corniculata",47,"alpha23",1,3701645.1,57051.4,0.0154124359559616,"","no","LC","1.54%"
"3879525","Xylosma oligandra",198,"alphaMCH",1,1919957.9,29335.6,0.0152793193532414,"","no","LC","1.53%"
"5357263","Diphysa americana",684,"alpha28",1,3751422,57051.4,0.0152079314318256,"","no","LC","1.52%"
"7798451","Terminalia molinetii",210,"alpha6",2,690417.5,10466.1,0.0151590863159063,"","no","LC","1.52%"
"7149790","Luehea seemannii",1108,"alpha4",1,1557204.7,23605,0.0151585858381544,"","no","LC","1.52%"
"8416596","Palicourea brachiata",699,"alpha4",3,1716151.8,25994.4,0.0151469305543012,,"no","LC","1.51%"
"3190669","Simarouba glauca",1263,"alpha5",3,3786318.3,57051.4,0.0150677687525657,,"no","LC","1.51%"
"8186693","Lunania mexicana",392,"alpha4",2,479478.8,7205.9,0.0150286393254427,"","no","LC","1.50%"
"7982798","Syringodium filiforme",571,"alpha5",3,3664259.9,55051.9,0.0150240107410046,,"no","LC","1.50%"
"7299631","Lycianthes heteroclita",760,"alpha3",1,1050010,15648.4,0.0149030829656434,,"no","LC","1.49%"
"3880266","Xylosma characantha",105,"alpha4",3,398168.9,5869.6,0.0147413938747005,"","no","LC","1.47%"
"2874119","Xylosma flexuosa",1776,"alpha9",3,3879965.4,57051.4,0.0147040920568035,,"no","LC","1.47%"
"3879668","Lindackeria laurina",449,"alpha3",1,813727.2,11831.7,0.0145401438235421,"","no","LC",""
"3087854","Chromolaena glaberrima",281,"alpha3",1,535585.2,7744.9,0.0144606639811639,"","no","LC","1.45%"
"2775702","Yucca lacandonica",45,"alpha10",1,163929.7,2357.9,0.0143834610385735,"","no","EN","1.44%"
"4183934","Piper sanctum",32,"alphaMCH",1,855995.2,12265.6,0.0143290171950355,"","no","LC","1.43%"
"5361701","Ateleia cubensis",145,"alpha3",2,472752.5,6726.2,0.0142276362033206,,"no","LC","1.42%"
"5651319","Sloanea petenensis",68,"alpha9",3,118630.1,1686.9,0.0142200354001727,"","no","NT","1.42%"
"2942760","Crotalaria longirostrata",827,"alpha3",2,1052147.7,14950.6,0.0142095918743309,"","no","LC","1.42%"
"2790661","Platystele minimiflora",25,"alpha8",3,230204.6,3260.1,0.0141617705801153,"","no","LC","1.42%"
"3863544","Miconia insularis",63,"alpha9",2,839618.5,11859.7,0.014125091724213,"","no","LC","1.41%"
"2953439","Bauhinia divaricata",3434,"alpha7",3,4068526.2,57051.4,0.0140226129566159,"","no","LC","1.40%"
"2803371","Vanilla odorata",112,"alpha6",3,3378711.1,47358.2,0.014016641659682,"","no","EN","1.40%"
"4087524","Utricularia guyanensis",89,"alpha6",3,1481115.3,20739.5,0.0140025992113159,,"no","LC","1.40%"
"2880727","Quercus acutifolia",1376,"alpha3",3,888212.3,12312,0.0138615396494181,,"no","VU","1.39%"
"10668105","Dalbergia brownei",771,"alpha4",1,4141898.6,57051.4,0.0137742070639622,"","no","LC","1.38%"
"2904009","Calycophyllum candidissimum",1005,"alpha11",3,4154937.9,57051.4,0.0137309797137576,,"no","LC","1.37%"
"2969108","Lonchocarpus lineatus",90,"alpha3",1,129522.3,1778.3,0.0137300120003937,"","no","LC","1.37%"
"5571745","Ficus velutina",601,"alpha6",2,4184196.8,57051.4,0.0136349628627949,"","no","LC","1.36%"
"7595115","Casearia arguta",814,"alpha3",3,1462918.3,19946,0.013634411944926,"","no","LC","1.36%"
"3865092","Miconia gracilis",588,"alpha5",2,1095596.6,14931.1,0.0136282476992351,"","no","LC","1.36%"
"7299919","Cestrum racemosum",748,"alpha3",1,1913809.2,25817.3,0.0134899843749541,"","no","LC","1.35%"
"5416820","Eugenia choapamensis",54,"alpha3",2,120780.4,1622.1,0.0134305313083701,"","no","NT","1.34%"
"7636577","Eugenia rhombea",421,"alpha6",1,4256199.9,57051.4,0.0134042973136575,"","no","LC","1.34%"
"3061181","Gymnanthes belizensis",6,"alpha122",1,416585.1,5574.5,0.0133813517872178,"","no","CR","1.34%"
"5570840","Ficus schippii",359,"alpha3",3,1209432.3,16022.3,0.0132477974780405,"","no","LC","1.32%"
"3869207","Miconia reducens",326,"alpha5",2,1211575,15972.8,0.013183461036881,,"no","LC","1.32%"
"5329591","Thalassia testudinum",1170,"alpha5",3,4200262,55051.7,0.0131067259046158,"","no","LC","1.31%"
"2839519","Acianthera hondurensis",26,"alpha4",1,166740.1,2183.7,0.0130963264258708,"","no","LC",""
"5414246","Ilex guianensis",383,"alpha5",2,2657846.9,34530.7,0.0129919779866987,"","no","LC","1.30%"
"7331069","Stylogyne turbacensis",529,"alpha3",1,1696223,21965.7,0.0129497893560939,"","no","LC","1.29%"
"2734333","Geonoma pinnatifrons",346,"alpha6",1,1989996.3,25444.8,0.0127863636521087,"","no","LC","1.28%"
"3873419","Cynophalla verrucosa",383,"alpha4",2,1140796.9,14565.9,0.012768146952695,"","no","LC",""
"5379905","Sapium macrocarpum",465,"alpha8",3,1517089.8,19184.7,0.0126457333350915,"","no","LC","1.26%"
"5389382","Sinclairia discolor",276,"alpha3",3,464365,5759.8,0.0124036137392497,"","no","NT","1.24%"
"2705533","Tripsacum latifolium",100,"alpha25",1,4633935.9,57051.4,0.0123116437965345,"","no","LC","1.23%"
"7538896","Ocotea macrophylla",854,"alpha4",2,889766.9,10817.6,0.0121578414326862,"","no","LC","1.22%"
"3172399","Utricularia purpurea",3236,"alpha3",3,1832705.8,22225,0.0121268956887357,"","no","LC","1.21%"
"7283547","Pseudorhipsalis ramulosa",217,"alpha10",3,4719500.1,57051.4,0.0120884346553952,"","no","LC",""
"2897625","Arachnothryx buddleioides",975,"alpha7",3,1037782.4,12474.2,0.0120200913905837,"","no","LC","1.20%"
"3061239","Gymnanthes lucida",1101,"alpha3",3,1403537.8,16865.6,0.0120164922897214,,"no","LC","1.20%"
"2968016","Zapoteca tetragona",618,"alpha3",1,1295738.8,15547.5,0.0119989694832329,"","no","LC","1.20%"
"2929657","Solanum cordovense",308,"alpha5",3,1969292.2,23606,0.0119870494124494,"","no","LC","1.20%"
"2769812","Furcraea hexapetala",179,"alpha9",2,3657172.9,43303.5,0.0118407036336211,"","no","LC","1.18%"
"2732503","Sabal mexicana",1539,"alpha5",2,3036034.2,35918.2,0.011830645458508,"","no","LC","1.18%"
"3700902","Guapira petenensis",124,"alpha3",2,331032.9,3888.8,0.0117475356117958,"","no","NT","1.17%"
"2734714","Chamaedorea arenbergiana",79,"alpha13",1,4879814.1,57051.4,0.011691299619575,,"no","LC","1.17%"
"5355165","Machaerium kegelii",328,"alpha4",3,2913611.4,33969.5,0.0116588936001198,"","no","LC","1.17%"
"5706003","Berrya cubensis",177,"alpha34",1,4906029.5,57051.4,0.011628826989371,"","no","LC","1.16%"
"2877988","Quercus lancifolia",367,"alpha3",3,345466.7,4012.5,0.0116146722096187,"","no","LC","1.16%"
"3838727","Jacaratia mexicana",867,"alpha3",1,736174.3,8536,0.0115950807520613,,"no","LC","1.16%"
"9390953","Schoepfia schreberi",1222,"alpha5",1,4933633.5,57051.4,0.0115637630463028,"","no","LC","1.16%"
"2959564","Lonchocarpus schiedeanus",142,"alpha4",1,610229.5,7003.2,0.0114763074374742,"","no","LC","1.15%"
"7271307","Trichilia havanensis",2271,"alpha17",3,4976093.1,57051.4,0.0114650926551017,,"no","LC","1.15%"
"5620957","Epiphyllum pumilum",109,"alpha3",1,167119.9,1895.3,0.011340714477741,"","no","LC",""
"3190421","Pilocarpus racemosus",313,"alpha11",2,5114112.3,57051.4,0.0111556737669478,"","no","LC","1.12%"
"2929938","Solanum tampicense",268,"alpha10",1,5140262.2,57051.4,0.0110989218873023,"","no","LC","1.11%"
"5938753","Miconia subhirsuta",779,"alpha17",2,5145761.1,57051.4,0.0110870612588147,,"no","LC","1.11%"
"3191295","Heteropterys laurifolia",1038,"alpha5",1,5158132.6,57051.4,0.0110604694989947,"","no","LC","1.11%"
"3870233","Mouriri myrtilloides",701,"alpha5",3,5094553.6,55761.6,0.0109453378659884,"","no","LC","1.09%"
"8409353","Miconia impetiolaris",893,"alpha5",2,5145299.2,55094.2,0.0107076804803473,"","no","LC","1.07%"
"3189396","Terminalia oblonga",734,"alpha6",3,5128316.7,54854.4,0.0106963839372635,"","no","LC","1.07%"
"5357473","Lennea melanocarpa",188,"alphaMCH",1,1519110.2,16155,0.0106345306295994,"","no","LC","1.06%"
"5577078","Allophylus psilospermus",537,"alpha8",1,5303335.7,56233.2,0.0106033653780695,"","no","LC","1.06%"
"3825343","Besleria laxiflora",706,"alpha3",3,1472248.4,15304.6,0.0103953857482467,,"no","LC","1.04%"
"5350702","Rhynchosia pyramidalis",248,"alpha7",2,5188461.4,53851.2,0.010379030497939,"","no","LC","1.04%"
"3788320","Talisia floresii",104,"alpha3",1,155700.7,1613.8,0.010364767505307,"","no","NT","1.04%"
"5572425","Ficus tonduzii",661,"alpha3",2,1447106.8,14912.2,0.0103048672206108,,"no","LC","1.03%"
"3084466","Selenicereus grandiflorus",728,"alpha10",3,5562300.4,57051.4,0.0102567939406294,,"no","LC","1.03%"
"4261486","Trichospermum mexicanum",1265,"alphaMCH",1,5641859.6,57051.4,0.0101121567100898,"","no","LC","1.01%"
"3860494","Henriettea succosa",942,"alpha4",3,4262429.3,42977.1,0.0100827718010665,"","no","LC","1.01%"
"3148048","Verbesina turbacensis",794,"alpha10",1,1715728.7,17074.7,0.00995185341917715,"","no","LC","1.00%"
"5371729","Nectandra turbacensis",782,"alpha8",3,5396707.1,53321.2,0.00988032524187975,"","no","LC","0.99%"
"9508023","Damburneya martinicensis",224,"alpha5",3,1246844.5,12215.5,0.00979714091031052,"","no","LC","0.98%"
"3173104","Justicia spicigera",1044,"alpha6",3,5841041.7,57051.4,0.0097673277101715,,"no","LC","0.98%"
"5555940","Clusia stenophylla",321,"alpha4",3,497320.8,4844.3,0.00974080779505236,"","no","LC","0.97%"
"2695969","Tillandsia fasciculata",4698,"alpha5",3,5882341.4,57051.4,0.00969875161801914,"","no","LC","0.97%"
"7323345","Iresine arbuscula",227,"alpha3",1,296680.2,2871.9,0.00968018453471727,,"no","LC","0.97%"
"5361859","Cordia dentata",3118,"alpha16",1,5896142.7,57051.4,0.00967604949397999,"","no","LC","0.97%"
"5339488","Randia aculeata",3542,"alpha5",3,5973562.4,57051.4,0.00955064405029769,"","no","LC","0.96%"
"8288718","Quiina macrophylla",228,"alpha4",1,1693754.3,15946.6,0.00941496045562139,"","no","LC","0.94%"
"3059195","Croton cortesianus",1475,"alphaMCH",1,6069689.9,57051.4,0.0093993877593571,,"no","LC","0.94%"
"5557210","Ardisia compressa",1900,"alpha21",3,6097033.1,57051.4,0.00935723454128428,,"no","LC","0.94%"
"5349751","Erythrina americana",1285,"alpha9",3,3379939.8,31580.2,0.00934341860346976,,"no","LC","0.93%"
"9920389","Myrcianthes fragrans",1881,"alpha5",3,6137435.8,57051.4,0.00929563592484083,"","no","LC","0.93%"
"5357635","Inga multijuga",273,"alpha3",3,1166885.1,10831.4,0.00928234507020946,"","no","LC","0.93%"
"2712966","Scleria muehlenbergii",564,"alpha7",2,6216679.7,57051.4,0.00917714455332303,,"no","LC","0.92%"
"7299868","Physalis melanocystis",135,"alpha3",3,435371.3,3927.4,0.00902079766293319,"","no","LC","0.90%"
"7297388","Citharexylum affine",358,"alpha3",3,775752.7,6996.7,0.00901924902684276,"","no","LC","0.90%"
"3068495","Euphorbia mesembryanthemifolia",2046,"alpha6",3,6363443.9,57051.4,0.00896548629613186,,"no","LC","0.90%"
"2922285","Psychotria flava",255,"alpha3",1,256737.9,2293.3,0.00893248260303901,"","no","LC","0.89%"
"3878304","Chiangiodendron mexicanum",43,"alpha3",3,38465.3,343.6,0.00893161547942193,"","no","EN","0.89%"
"7155030","Nama jamaicensis",1499,"alpha5",3,6422855.4,57051.4,0.00888255539694984,,"no","LC","0.89%"
"2969089","Lonchocarpus heptaphyllus",650,"alpha5",3,6478937.1,57051.4,0.008805667970126,"","no","LC","0.88%"
"5706146","Luehea candida",1319,"alpha19",3,6538732.7,57051.4,0.00872514160071976,,"no","LC","0.87%"
"7300750","Myriocarpa longipes",1298,"alpha7",2,3223321.7,28022.5,0.00869368019891108,"","no","LC","0.87%"
"5341261","Cordia collococca",1820,"alpha5",2,6607968.9,57051.4,0.00863372235451577,"","no","LC","0.86%"
"2981383","Cojoba arborea",1479,"alpha6",3,6657959.1,57051.4,0.00856889745770367,,"no","LC","0.86%"
"3168995","Morella cerifera",4956,"alpha8",1,6659719.4,57051.4,0.00856663244624613,"","no","LC","0.86%"
"3190450","Bursera simaruba",4723,"alpha4",2,6824075.7,57051.4,0.00836030705760207,"","no","LC","0.84%"
"3618940","Tabernaemontana arborea",320,"alphaMCH",1,6865110.1,57051.4,0.0083103355155945,"","no","LC","0.83%"
"5385749","Critonia morifolia",1107,"alpha6",3,4139306.7,34321.8,0.0082916802308405,"","no","LC","0.83%"
"2835715","Specklinia picta",326,"alpha5",3,4429158.5,36714.3,0.00828922346480873,"","no","LC","0.83%"
"2735044","Manicaria saccifera",926,"alpha6",3,5961242.8,48753.4,0.00817840105939476,,"no","LC","0.82%"
"2885577","Chrysophyllum mexicanum",1095,"alphaMCH",1,6987491.8,57051.4,0.00816478509228613,"","no","LC","0.82%"
"2920358","Psychotria panamensis",678,"alpha3",1,855738.3,6903.7,0.00806750813883683,"","no","LC","0.81%"
"2957695","Senna atomaria",4022,"alpha4",3,3335288.1,26770.2,0.00802635666647431,"","no","LC","0.80%"
"2925663","Cornutia pyramidata",1580,"alpha5",2,7683414.3,60947.9,0.00793240391827304,"","no","LC","0.79%"
"2702936","Anthephora hermaphrodita",1093,"alpha6",2,7193804.8,57051.4,0.00793062503585956,,"no","LC","0.79%"
"2922874","Psychotria grandis",631,"alpha5",2,4195865.8,33142.5,0.00789884062131865,"","no","LC","0.79%"
"7271515","Trichilia moschata",271,"alpha4",3,738704.8,5831.1,0.00789369202106129,"","no","LC","0.79%"
"2705089","Panicum amarum",1373,"alpha5",1,3367795.7,26514.7,0.00787302294991277,,"no","LC","0.79%"
"2972943","Albizia tomentosa",554,"alphaMCH",1,1686298.2,13139.3,0.0077918136401775,,"no","LC","0.78%"
"2864094","Halodule wrightii",341,"alpha25",2,5985627.8,46616.1,0.00778800109498163,,"no","LC","0.78%"
"7319919","Styrax argenteus",1278,"alpha8",3,2114040,16401.6,0.0077584022759194,,"no","LC","0.78%"
"5571280","Ficus yoponensis",398,"alpha5",2,2752084.2,21219.3,0.00771026877267105,,"no","LC","0.77%"
"4176282","Beilschmiedia mexicana",166,"alpha10",2,380702.3,2924.2,0.0076810692782972,"","no","LC","0.77%"
"4098366","Urera simplex",1024,"alpha3",3,1955467.6,14892,0.00761558446333007,"","no","LC","0.76%"
"5333448","Cyrilla racemiflora",4422,"alpha6",2,7511327.2,57051.4,0.00759537794008333,,"no","LC","0.76%"
"2964927","Centrosema macrocarpum",530,"alpha4",3,6042488,45813,0.00758181421603106,"","no","LC","0.76%"
"5406662","Luehea speciosa",1510,"alpha4",1,7531565.9,57051.4,0.0075749676835496,,"no","LC","0.76%"
"7331109","Ardisia pellucida",241,"alpha4",2,967532,7274.8,0.00751894221159337,,"no","LC","0.75%"
"4086629","Lippia umbellata",1047,"alpha3",2,1146242.6,8617,0.00751762123549084,,"no","LC","0.75%"
"2879011","Quercus skinneri",325,"alpha3",2,407074.2,3057.8,0.0075115917477974,,"no","NT","0.75%"
"5600285","Blakea laevigata",223,"alpha3",2,208136.4,1561.9,0.00750424026721545,"","no","LC","0.75%"
"3063705","Hippomane mancinella",2172,"alpha6",2,7606680.1,57051.4,0.00750016670875378,,"no","LC","0.75%"
"4108205","Paspalum lineare",334,"alpha5",3,3143630.7,23570.4,0.00749781812223964,"","no","LC","0.75%"
"4087346","Utricularia hydrocarpa",221,"alpha6",3,5660267.9,42428,0.00749576119876766,"","no","LC","0.75%"
"4087432","Utricularia hispida",584,"alpha6",3,4386104.5,32264.2,0.00735600160403303,,"no","LC","0.74%"
"2712456","Scleria eggersiana",191,"alpha7",3,7764208.7,57051.4,0.007347995235709,"","no","LC","0.73%"
"2962824","Pithecellobium lanceolatum",3074,"alphaMCH",1,7848310.2,57051.4,0.00726925503874798,,"no","LC","0.73%"
"7686451","Amaioua glomerulata",822,"alpha5",3,7716644.8,56055,0.0072641665761859,,"no","LC","0.73%"
"6316071","Vanilla cribbiana",28,"alpha20",2,2060959.2,14957.7,0.0072576581414966,"","no","CR","0.73%"
"9158933","Sebastiania glandulosa",321,"alpha9",3,2580923.7,18671.9,0.00723457318797262,"","no","LC","0.72%"
"3172444","Utricularia juncea",1147,"alpha10",3,7939601.9,57051.4,0.00718567121872064,"","no","LC","0.72%"
"2920572","Psychotria trichotoma",688,"alpha7",3,4474854.4,32000.5,0.00715119345410995,"","no","LC","0.72%"
"2712333","Scleria ciliata",941,"alpha13",2,8008311,57051.4,0.00712402010552616,,"no","LC","0.71%"
"4059050","Varronia spinescens",2144,"alpha5",3,5390999.9,38341.7,0.0071121728123496,,"no","LC","0.71%"
"2705583","Paspalum fimbriatum",548,"alpha18",3,7938238.2,56432.2,0.00710890576448134,,"no","LC","0.71%"
"6069332","Capparidastrum frondosum",1292,"alpha5",3,8043290.9,57051.4,0.00709303808056505,"","no","LC",""
"3035093","Dendropanax arboreus",2912,"alpha4",3,8457763.9,59513.5,0.0070365561146233,"","no","LC","0.70%"
"7934164","Blakea watsonii",218,"alpha3",3,303170.3,2127.2,0.00701660203657801,"","no","LC","0.70%"
"5600054","Graffenrieda galeottii",292,"alpha4",2,588337.3,4128.1,0.00701654172188533,"","no","LC","0.70%"
"2907882","Machaonia erythrocarpa",126,"alpha8",1,553531,3874.9,0.00700035460481973,"","no","LC","0.70%"
"3152065","Triumfetta bogotensis",848,"alpha9",3,8159225.6,57051.4,0.00699225286547485,"","no","LC","0.70%"
"2880406","Quercus corrugata",452,"alpha5",1,682996.4,4772.6,0.00698780930956911,"","no","LC","0.70%"
"10699427","Miconia octona",1197,"alpha6",3,8190305.7,57051.4,0.00696571909746062,"","no","LC","0.70%"
"3721319","Myrsine juergensenii",662,"alpha3",2,848079,5889,0.0069439471755836,"","no","LC","0.69%"
"8949959","Henriettea fascicularis",310,"alpha5",2,3915736.8,26948.7,0.00688214242016961,"","no","LC","0.69%"
"5421056","Clusia minor",4892,"alphaMCH",1,7523275,50605.7,0.00672654923809684,"","no","LC","0.67%"
"3056881","Acalypha skutchii",127,"alpha10",1,165267.6,1092.1,0.00660815991358698,"","no","LC","0.66%"
"3086334","Piper glabrescens",675,"alpha4",2,2596967.1,16982.4,0.00653931644138925,,"no","LC","0.65%"
"9342986","Palicourea winkleri",747,"alpha3",2,2087655.2,13620,0.00652408284605942,"","no","LC","0.65%"
"4267463","Ipomoea trifida",2333,"alpha7",3,8826850.3,57051.4,0.00646338914693689,,"no","LC","0.65%"
"2894630","Guettarda elliptica",1309,"alpha226",1,8835176.6,57051.4,0.00645729807574668,"","no","LC","0.65%"
"10687779","Coulteria velutina",335,"alpha3",2,550192.4,3508.5,0.00637676977361096,,"no","LC","0.64%"
"7131683","Varronia bullata",1534,"alpha11",3,8981942.2,57051.4,0.00635178530073581,"","no","LC","0.64%"
"10106975","Miconia rubescens",573,"alpha5",2,2197758.3,13919.5,0.00633352024205228,,"no","LC","0.63%"
"3152066","Triumfetta lappula",847,"alpha5",2,9008602.1,57051.4,0.00633298797589628,"","no","LC","0.63%"
"3834649","Zanthoxylum riedelianum",822,"alpha3",3,5470135.3,34470.4,0.00630156437950063,"","no","LC","0.63%"
"3865565","Miconia glaberrima",1073,"alphaMCH",1,4734299.8,29822.3,0.00629920653032469,"","no","LC","0.63%"
"2949573","Chamaecrista glandulosa",910,"alpha7",1,9107496.7,57051.4,0.00626422064347196,,"no","LC","0.63%"
"2721358","Rhynchospora eximia",270,"alpha11",3,9138147.6,57051.4,0.00624320933335101,"","no","LC","0.62%"
"2721618","Rhynchospora colorata",4930,"alpha8",2,9198802.5,57051.4,0.0062020430294723,"","no","LC","0.62%"
"3866671","Miconia smaragdina",420,"alpha6",3,1447845.8,8948.6,0.0061805995353171,"","no","LC",""
"3086344","Piper aequale",1200,"alpha5",3,6837230.6,42098.1,0.00615718284083285,"","no","LC","0.62%"
"7995855","Muellera monilis",183,"alpha6",3,2325894.1,14294.4,0.00614575146826732,"","no","LC","0.61%"
"5418017","Eugenia oerstediana",533,"alphaMCH",1,9287636.2,57051.4,0.00614272212788654,"","no","LC","0.61%"
"2884162","Pouteria sapota",756,"alpha8",3,9400161.2,57051.4,0.00606919045929008,"","no","LC",""
"3073732","Cleidion castaneifolium",194,"alpha16",1,2643248.4,16010.3,0.00605704177794998,"","no","LC","0.61%"
"5420363","Psidium oligospermum",741,"alpha7",3,9510037.5,57051.4,0.00599906875317836,"","no","LC","0.60%"
"3086520","Cassipourea guianensis",703,"alpha5",3,9542592.8,56968.1,0.00596987864215381,"","no","LC","0.60%"
"2880017","Quercus peduncularis",1393,"alpha3",1,970946,5790.8,0.0059641170847389,,"no","LC","0.60%"
"5293087","Gaussia maya",85,"alpha35",1,2197675.4,12961.6,0.00589786771190065,,"no","VU","0.59%"
"5420400","Psidium salutare",916,"alpha7",2,8788223,51790.2,0.0058931339839679,,"no","LC","0.59%"
"7262862","Ficus popenoei",209,"alpha5",2,4638996.4,27252.2,0.00587458514044465,"","no","LC","0.59%"
"8743558","Dalbergia ovalis",722,"alpha4",3,8280342.2,48540,0.00586208172675623,,"no","LC","0.59%"
"2734435","Chamaedorea pinnatifrons",1133,"alpha4",3,2489807.4,14567.9,0.00585102187878118,"","no","LC","0.59%"
"7779939","Utricularia resupinata",885,"alpha26",3,8725080.8,50615.9,0.00580120018324603,"","no","LC","0.58%"
"2969310","Mimosa albida",4059,"alpha9",3,9687842.4,56036.2,0.0057841730964889,"","no","LC","0.58%"
"2717763","Eleocharis cellulosa",556,"alpha5",2,4566990.8,26330.4,0.00576536529022492,"","no","LC","0.58%"
"5357665","Inga punctata",2890,"alpha5",3,8482223.8,48840.3,0.00575795835700707,"","no","LC",""
"3058909","Croton reflexifolius",480,"alphaMCH",1,10074390.4,57051.4,0.00566300950335928,"","no","LC","0.57%"
"3859613","Miconia nutans",318,"alpha5",2,836328.1,4659.1,0.00557092347554234,,"no","LC","0.56%"
"8107355","Piper grande",224,"alpha5",2,1574842.5,8763.9,0.00556493599023494,"","no","LC","0.56%"
"10931974","Heliotropium angustiflorum",194,"alpha3",3,880633.8,4848.3,0.00550546695483666,"","no","LC","0.55%"
"2705328","Eragrostis prolifera",476,"alpha11",3,10379295.9,57051.4,0.0054966511635379,"","no","LC","0.55%"
"4927151","Ipomoea ramosissima",586,"alpha5",2,8113271.7,44367,0.00546844144012738,,"no","LC","0.55%"
"9338550","Eumachia microdon",934,"alpha38",1,10438340.1,57051.4,0.0054655594742691,"","no","LC","0.55%"
"5558301","Ardisia guianensis",894,"alpha7",3,9211319.3,50324.6,0.00546334067394556,"","no","LC",""
"7550705","Pavonia malacophylla",802,"alpha9",1,10120647.4,55050.4,0.00543941623408356,"","no","LC","0.54%"
"2737019","Pseudophoenix sargentii",216,"alpha3",2,538420.9,2914.4,0.00541294952498878,"","no","VU","0.54%"
"5572059","Ficus apollinaris",235,"alpha8",2,1728531,9348.6,0.00540838663835394,"","no","LC","0.54%"
"2734323","Geonoma interrupta",652,"alpha9",2,3138840.3,16924.5,0.00539196677646042,,"no","LC","0.54%"
"2720605","Rhynchospora triflora",189,"alpha10",3,10604543.5,57051.4,0.00537989857805678,"","no","LC","0.54%"
"2712430","Scleria bracteata",1061,"alpha4",1,8491834.9,45537.2,0.00536247296306301,,"no","LC","0.54%"
"2907948","Machaonia acuminata",461,"alpha6",3,5691981.9,30406.6,0.00534200552437466,"","no","LC","0.53%"
"6374020","Acalypha alopecuroidea",963,"alpha6",2,10736247.6,57051.4,0.00531390208983512,"","no","LC","0.53%"
"3124739","Vernonanthura patens",2520,"alpha4",3,4307953.3,22448.9,0.00521103832230423,,"no","LC","0.52%"
"2899345","Palicourea triphylla",1033,"alpha6",2,9081354.7,46926.2,0.00516731823639242,"","no","LC","0.52%"
"2931223","Solanum lepidotum",716,"alphaMCH",1,11122246.2,57051.4,0.00512948261862596,"","no","LC","0.51%"
"7316950","Aspidosperma megalocarpon",529,"alphaMCH",1,11157161.1,57051.4,0.0051134305711142,,"no","LC","0.51%"
"5355033","Machaerium biovulatum",993,"alpha4",2,2339125.1,11867.1,0.00507328809390743,,"no","LC","0.51%"
"5417775","Eugenia acapulcensis",1457,"alpha43",3,11251281.3,57051.4,0.00507065526001799,"","no","LC","0.51%"
"3866980","Miconia elata",1113,"alpha5",2,5742402.3,29000.3,0.00505019562025311,"","no","LC","0.51%"
"2712667","Scleria lacustris",179,"alpha23",3,11309774.9,57051.4,0.00504443009676615,"","no","LC",""
"3849592","Trichilia martiana",3509,"alpha7",1,9984906,50225.3,0.00503011947022435,"","no","LC","0.50%"
"3831433","Zanthoxylum ekmanii",188,"alphaMCH",1,11400053.7,57051.4,0.0050044824259464,"","no","LC","0.50%"
"2882446","Brasenia schreberi",4917,"alpha15",3,11402324.7,57051.4,0.00500348570398536,,"no","LC","0.50%"
"3172403","Utricularia amethystina",774,"alpha9",2,10428493,51719.7,0.00495946056910975,"","no","LC","0.50%"
"3060306","Croton schiedeanus",1456,"alphaMCH",1,11520049.8,57051.4,0.0049523543393456,"","no","LC","0.50%"
"12075529","Pseudalbizzia niopoides",218,"alpha8",3,4976460.9,24551,0.00493342979580484,,"no","LC","0.49%"
"3157107","Xylopia frutescens",1143,"alpha6",3,11565074.2,57051.4,0.00493307415333953,"","no","LC","0.49%"
"2887108","Sideroxylon obtusifolium",1732,"alpha9",2,11576162.9,57051.4,0.00492834881407483,,"no","LC","0.49%"
"5341268","Cordia panamensis",636,"alpha3",1,1637999.2,8016.7,0.00489418859119481,"","no","LC","0.49%"
"5406592","Piptocarpha poeppigiana",438,"alpha4",1,3697682.5,17862.5,0.00483073927773315,"","no","LC","0.48%"
"2829647","Habenaria monorrhiza",979,"alpha7",2,7005194,33696.3,0.00481019487599908,"","no","LC","0.48%"
"3021440","Prunus myrtifolia",1405,"alpha8",2,11873492.5,55567.5,0.00467996642706972,,"no","LC","0.47%"
"3617700","Rauvolfia ligustrina",338,"alpha20",1,12212130.8,57051.4,0.00467169650845172,"","no","LC","0.47%"
"8776463","Miconia bubalina",571,"alpha3",3,3254773.4,14869.3,0.0045684739317468,"","no","LC","0.46%"
"7932857","Machaerium isadelphum",554,"alpha4",3,5529397.1,25079.1,0.00453558628998635,"","no","LC","0.45%"
"2956955","Senna quinquangulata",907,"alpha5",2,9643388.5,43675,0.00452900612961438,"","no","LC","0.45%"
"3190118","Zanthoxylum caribaeum",2397,"alpha6",3,12604312.3,57051.4,0.00452633726716683,"","no","LC","0.45%"
"3862726","Miconia xalapensis",3349,"alpha100",1,12856656.2,57051.4,0.00443749664627566,"","no","LC","0.44%"
"2925400","Avicennia germinans",4312,"alpha13",3,12978569.8,57051.4,0.00439581319986125,"","no","LC","0.44%"
"2969669","Mimosa quadrivalvis",4792,"alpha10",3,13047608.3,57051.4,0.00437255374609638,,"no","LC","0.44%"
"10232993","Palicourea gracilenta",979,"alpha4",3,10005204,43455.6,0.00434329887712158,"","no","LC","0.43%"
"2959262","Coursetia caribaea",1963,"alpha41",2,13183985.1,57051.4,0.00432732350026094,,"no","LC","0.43%"
"2929008","Solanum umbellatum",1396,"alpha20",2,13194639.6,57051.4,0.00432382925988103,"","no","LC","0.43%"
"3861216","Miconia matthaei",413,"alphaMCH",1,13282688.1,57051.4,0.00429516737820786,,"no","LC","0.43%"
"4100595","Boehmeria ulmifolia",438,"alpha6",2,1489282.8,6387.2,0.00428880544756448,"","no","LC","0.43%"
"5357801","Inga cookii",9,"alpha3",1,18870.9,79.6,0.00421952036788144,"","no","LC",""
"8153963","Terminalia amazonica",1657,"alpha4",3,9102395.6,38363.1,0.00421461695852111,,"no","LC","0.42%"
"2884054","Pouteria reticulata",1264,"alpha3",3,9711932,40453.8,0.00416537029957841,,"no","LC","0.42%"
"2984648","Trophis racemosa",2402,"alpha118",1,13796918.1,57051.4,0.00413508061438878,,"no","LC","0.41%"
"2908816","Bertiera guianensis",1066,"alphaMCH",1,13837149.9,57051.4,0.00412305778697006,"","no","LC","0.41%"
"3071832","Mabea occidentalis",866,"alpha6",3,5114268.6,21038,0.00411359203478513,"","no","LC","0.41%"
"3718266","Clethra mexicana",1223,"alpha4",2,1613337.9,6533.9,0.00404992102747479,"","no","LC","0.40%"
"3023741","Prunus rhamnoides",313,"alpha4",2,842315.3,3402.2,0.00403908036716625,,"no","LC","0.40%"
"2962854","Pithecellobium unguis-cati",1693,"alpha26",3,14255650.1,57051.4,0.00400201803761794,"","no","LC","0.40%"
"5614973","Pera arborea",1014,"alpha76",1,3280472,13033.2,0.00397296968822623,"","no","LC","0.40%"
"3172401","Utricularia pusilla",522,"alpha7",2,14393927,57051.4,0.00396357218112177,"","no","LC","0.40%"
"5571386","Ficus maxima",2829,"alpha5",3,14426826.8,57051.4,0.00395453341673976,"","no","LC","0.40%"
"7656893","Marila laxiflora",353,"alpha6",2,4101428.6,16120.1,0.00393036728277314,"","no","LC","0.39%"
"3833649","Zanthoxylum acuminatum",652,"alpha7",2,14805617.7,57051.4,0.003853359574776,"","no","LC","0.39%"
"3782358","Siparuna thecaphora",2884,"alphaMCH",1,15112004.1,57051.4,0.00377523512219835,,"no","LC","0.38%"
"5569828","Ficus crocata",1137,"alpha16",3,15140228.5,57051.4,0.00376819733055649,"","no","LC","0.38%"
"5371733","Nectandra hihua",922,"alpha12",1,15193994.6,57051.4,0.00375486304191237,"","no","LC","0.38%"
"3870706","Miconia centrodesma",806,"alpha7",3,5079665.8,18892.4,0.00371921748464628,,"no","LC","0.37%"
"3643405","Symplocos limoncillo",410,"alpha4",3,415281.6,1510.4,0.00363693342800629,"","no","LC","0.36%"
"5357464","Barbieria pinnata",238,"alpha8",1,8446129.7,30653.3,0.00362926854492278,"","no","LC","0.36%"
"2925469","Aegiphila elata",301,"alpha7",2,6903145.8,24949.5,0.00361422780399572,"","no","LC","0.36%"
"7304064","Curatella americana",2448,"alpha40",1,15846370.3,57018.3,0.00359819384194782,"","no","LC","0.36%"
"2931492","Solanum jamaicense",1452,"alpha9",3,15898898.3,57051.4,0.00358838503333458,,"no","LC","0.36%"
"3190505","Guarea glabra",2455,"alpha20",2,16017154.8,57051.4,0.00356189157948478,"","no","LC","0.36%"
"7316430","Pourouma bicolor",1404,"alpha3",3,4052975.8,14378.1,0.00354755350166945,,"no","LC","0.35%"
"10779688","Polygonum punctatum",371,"alpha14",3,15834663.2,56054.4,0.00353998269588121,"","no","LC","0.35%"
"3054262","Crateva tapia",3836,"alpha5",1,11609194.2,40807.5,0.00351509852403145,"","no","LC","0.35%"
"5421358","Turpinia occidentalis",2333,"alpha15",1,16273240.1,57051.4,0.00350583954943044,"","no","LC","0.35%"
"5331157","Homalium racemosum",897,"alpha5",3,10794799,37573.6,0.00348071786951291,,"no","LC","0.35%"
"8335424","Miconia tomentosa",1338,"alpha57",1,16396598.8,57051.4,0.00347946358882024,"","no","LC","0.35%"
"7300639","Phenax mexicanus",308,"alpha7",3,960573.5,3332.9,0.00346967725942564,"","no","LC","0.35%"
"5381441","Phyllanthus acuminatus",1089,"alpha8",1,16603017,57051.4,0.00343620491902642,,"no","LC","0.34%"
"3863767","Miconia triplinervis",575,"alpha5",2,3291353.5,11261.1,0.00342143269551268,"","no","LC","0.34%"
"2957303","Senna reticulata",1479,"alpha28",2,16808473.4,57051.4,0.00339420286281977,,"no","LC","0.34%"
"2985089","Hirtella triandra",1292,"alpha5",2,12019847.4,40526.4,0.00337162648001351,"","no","LC","0.34%"
"3865993","Miconia stenostachya",1599,"alpha13",1,14126150.4,47623.9,0.00337132568838258,,"no","LC","0.34%"
"8365613","Peperomia pseudopereskiifolia",138,"alpha4",3,1264392.3,4243.3,0.00335603857999377,"","no","LC","0.34%"
"3188561","Miconia splendens",986,"alpha6",2,10870285.2,36361.9,0.00334507114763222,"","no","LC","0.33%"
"3190491","Trichilia pallida",2475,"alphaMCH",1,17180271.9,57051.4,0.00332074887297687,,"no","LC","0.33%"
"3038523","Didymopanax morototoni",3010,"alpha12",2,17200733.5,57051.4,0.00331679858766226,,"no","LC","0.33%"
"5545213","Ludwigia nervosa",1218,"alpha3",2,7892197.9,25892.1,0.00328071670869802,"","no","LC","0.33%"
"11098505","Ctenodon brasilianus",555,"alpha5",3,10112720.4,33158.6,0.00327889517362659,"","no","LC","0.33%"
"8625966","Witheringia solanacea",2019,"alpha5",2,5164718.1,16848.3,0.00326219773222445,"","no","LC","0.33%"
"5361910","Ficus obtusifolia",1996,"alpha9",3,17580693,57051.4,0.00324511489112261,"","no","LC","0.32%"
"2932884","Solanum schlechtendalianum",1437,"alphaMCH",1,17601124,57051.4,0.00324134803921065,,"no","LC","0.32%"
"2893703","Coutarea hexandra",2211,"alpha6",3,15038351.6,48728.8,0.00324030197396517,"","no","LC","0.32%"
"3190513","Carapa guianensis",1182,"alpha6",2,10576484.9,34205.5,0.00323411011196305,,"no","LC","0.32%"
"2885671","Chrysophyllum venezuelanense",472,"alpha7",1,6677773.4,21518.1,0.0032223477777381,"","no","LC","0.32%"
"5406679","Sterculia apetala",2730,"alpha30",2,18039654.7,57051.4,0.00316255325061447,"","no","LC","0.32%"
"3188577","Miconia mirabilis",1298,"alphaMCH",1,18095854.1,57051.4,0.00315273146690047,,"no","LC","0.32%"
"3723206","Gentlea venosissima",136,"alpha8",3,959439.2,2987.8,0.00311411292640752,"","no","LC",""
"2976206","Entada polystachya",1302,"alpha40",3,18410692.9,57051.4,0.00309881702596043,,"no","LC","0.31%"
"3152195","Guazuma ulmifolia",1659,"alpha14",2,18439738.2,57051.4,0.00309393593565294,"","no","LC","0.31%"
"3086328","Piper tuberculatum",1889,"alpha17",2,18529474.5,57051.4,0.00307895232721446,,"no","LC","0.31%"
"2921742","Palicourea violacea",1757,"alpha5",3,11620533.4,35390.8,0.00304554018190746,"","no","LC","0.30%"
"2949909","Chamaecrista desvauxii",3058,"alphaMCH",1,18812453.5,57051.4,0.00303263838007486,"","no","LC",""
"4061086","Myriopus maculatus",630,"alpha24",2,18845936.1,57051.4,0.00302725045762122,"","no","LC","0.30%"
"2702800","Echinochloa polystachya",1087,"alpha7",2,18907238.3,57051.4,0.00301743532355617,"","no","LC","0.30%"
"5569874","Ficus crassiuscula",146,"alpha8",2,1507640.9,4537.2,0.00300949785928905,"","no","LC","0.30%"
"3152209","Theobroma bicolor",287,"alpha8",2,5156618.8,15399,0.00298626020329667,"","no","LC","0.30%"
"3172537","Tabebuia rosea",2641,"alpha11",3,19399865.2,57051.4,0.00294081263385742,"","no","LC","0.29%"
"3036624","Oreopanax capitatus",1682,"alpha20",1,19541960.1,57051.4,0.00291942919129681,"","no","LC","0.29%"
"3058147","Croton nitens",277,"alphaMCH",1,19624362.6,57051.4,0.00290717053349387,"","no","LC","0.29%"
"3869924","Miconia ciliata",2551,"alpha8",2,13390934.7,38719.5,0.0028914702055165,"","no","LC","0.29%"
"3836596","Zanthoxylum melanostictum",562,"alpha8",3,1831554.6,5286,0.00288608272613633,"","no","LC","0.29%"
"2703641","Pharus latifolius",1109,"alpha23",2,19804963.1,57051.4,0.00288066018588664,"","no","LC","0.29%"
"5414291","Crossopetalum rhacoma",764,"alpha3",3,1622750.8,4642.4,0.00286082774809489,"","no","LC","0.29%"
"2969008","Lonchocarpus velutinus",98,"alpha4",1,535059.3,1528.3,0.00285633039350879,"","no","LC","0.29%"
"2898772","Palicourea guianensis",2361,"alphaMCH",1,17904997.2,50680.5,0.00283052505976435,"","no","LC","0.28%"
"7533857","Parmentiera aculeata",1143,"alpha36",3,20264972.9,57051.4,0.00281526991548553,"","no","LC","0.28%"
"8113584","Vismia baccifera",2688,"alpha4",2,5680045.4,15946.8,0.00280750868467682,"","no","LC","0.28%"
"2704509","Distichlis spicata",4893,"alpha13",3,20323158.7,57051.4,0.00280720972238401,"","no","LC","0.28%"
"8161227","Sterculia mexicana",113,"alpha3",1,144015.9,404.1,0.00280560548095107,"","no","VU","0.28%"
"5355476","Ormosia macrocalyx",306,"alpha4",2,4709209,13015.9,0.00276392259854093,,"no","LC","0.28%"
"10738960","Miconia dependens",2404,"alpha35",2,20662686.9,57051.4,0.00276108179526472,,"no","LC","0.28%"
"4117506","Homolepis aturensis",967,"alpha7",1,10782622.3,29715.4,0.00275586310534935,"","no","LC",""
"2968593","Dalbergia ecastaphyllum",3519,"alpha16",2,20747233.8,57051.4,0.00274983013128244,,"no","LC","0.27%"
"2968064","Zapoteca formosa",1979,"alpha33",1,20757653,57051.4,0.00274844987300394,,"no","LC","0.27%"
"2921300","Psychotria viridis",507,"alpha7",2,9700176.8,26336.6,0.00271506830309952,"","no","LC","0.27%"
"4159734","Celtis schippii",443,"alpha65",1,7148975.3,19340.6,0.00270536885023595,"","no","LC","0.27%"
"9671278","Aiouea montana",2285,"alpha333",1,21188840.8,57051.4,0.00269251957428961,,"no","LC","0.27%"
"5339445","Randia armata",3270,"alpha64",1,21398566.4,57051.4,0.00266613041337425,,"no","LC","0.27%"
"7411905","Urera baccifera",3434,"alpha31",2,21408875.5,57051.4,0.00266484657432306,"","no","LC","0.27%"
"2712691","Scleria secans",1062,"alpha4",3,13113776,34829.3,0.002655932447788,"","no","LC","0.27%"
"2941866","Crotalaria nitens",489,"alpha6",2,5834071.7,15396.5,0.00263905958580391,"","no","LC",""
"4099683","Pouzolzia obliqua",130,"alpha4",2,874113.6,2295.6,0.002626240092326,"","no","LC","0.26%"
"3186420","Myrciaria floribunda",2406,"alpha31",2,21854436.2,57051.4,0.00261051660366249,,"no","LC","0.26%"
"3860779","Miconia albicans",3291,"alpha5",3,10525075.2,27396.1,0.00260293464040003,"","no","LC","0.26%"
"2984335","Urera caracasana",1943,"alpha5",3,14425125.5,37543.4,0.0026026426806412,"","no","LC","0.26%"
"3086528","Rhizophora mangle",4650,"alpha22",3,21934410.3,57051.4,0.00260099851404279,"","no","LC","0.26%"
"5357519","Inga nobilis",1889,"alphaMCH",1,21992219.8,57051.4,0.00259416143871686,,"no","LC","0.26%"
"3079119","Hieronyma oblonga",650,"alpha6",3,4422291,11400,0.00257785314347213,,"no","LC","0.26%"
"3673614","Pleuropetalum sprucei",393,"alpha8",2,1582418.3,4078.2,0.0025771783602718,"","no","LC","0.26%"
"7586130","Ocotea leucoxylon",956,"alpha5",3,8876538.6,22845.2,0.00257366642398262,"","no","LC","0.26%"
"5331145","Casearia aculeata",1459,"alphaMCH",1,22274906.3,57051.4,0.00256123944186072,"","no","LC","0.26%"
"2961150","Enterolobium cyclocarpum",3106,"alpha36",3,22351541.3,57051.4,0.00255245791830546,,"no","LC","0.26%"
"3597030","Calatola costaricensis",872,"alpha3",2,1613208.9,4097.9,0.00254023251630544,"","no","LC","0.25%"
"2907406","Chiococca alba",3633,"alpha10",2,22480544.6,57051.4,0.00253781078578983,"","no","LC","0.25%"
"8095300","Palicourea hoffmannseggiana",3007,"alpha129",1,22573561.1,57051.4,0.00252735349731617,,"no","LC","0.25%"
"7763101","Palicourea acuminata",1259,"alpha6",3,8981333.3,22449.2,0.00249953583352766,"","no","LC","0.25%"
"2874114","Prockia crucis",1715,"alpha188",1,22948920.7,57051.4,0.00248601532552748,"","no","LC","0.25%"
"3802204","Solanum rude-pannum",1213,"alpha192",1,23007378.6,57051.4,0.00247969877838666,"","no","LC","0.25%"
"2884848","Pouteria durlandii",683,"alpha7",2,11217650.3,27565,0.00245728725373134,"","no","LC","0.25%"
"5331147","Casearia decandra",1541,"alpha7",3,15859347.1,38924.9,0.00245438491581175,,"no","LC","0.25%"
"4259460","Heliocarpus americanus",2739,"alpha94",2,23275212.2,57051.4,0.00245116427410669,"","no","LC","0.25%"
"4181101","Persea liebmannii",335,"alpha3",2,661001.6,1612.5,0.00243950527809524,,"no","LC","0.24%"
"7908521","Combretum laxum",2032,"alpha4",3,13462836.4,32672.3,0.00242684958984033,"","no","LC","0.24%"
"2984498","Celtis iguanaea",2844,"alpha23",2,23584630.4,57051.4,0.0024190062660798,,"no","LC","0.24%"
"3862134","Miconia longifolia",650,"alpha16",1,10584688.3,25541.3,0.00241304336674244,"","no","LC","0.24%"
"9458613","Cyperus subsquarrosus",1371,"alpha8",3,23694585.9,57051.4,0.00240778078612859,,"no","LC","0.24%"
"8171056","Inga mexicana",10,"alpha10",1,115253.6,276.9,0.00240261016698899,"","no","VU","0.24%"
"4087968","Utricularia erectiflora",155,"alpha6",3,3986862.9,9530.7,0.00239051485613384,"","no","LC","0.24%"
"3189382","Laguncularia racemosa",3795,"alpha27",2,23957143,57051.4,0.00238139283433058,"","no","LC","0.24%"
"5323741","Eulophia maculata",4242,"alpha14",3,23984351.6,57051.4,0.00237869130876287,,"no","LC","0.24%"
"3870399","Miconia chamissois",1050,"alphaMCH",1,13603139.2,32331.1,0.00237674064710137,,"no","LC","0.24%"
"3862739","Miconia lateriflora",494,"alpha5",2,6242976,14782.1,0.00236779876810899,"","no","LC",""
"3860460","Miconia ampla",305,"alpha5",2,6405318.5,15087.7,0.00235549445449689,,"no","LC","0.24%"
"5407165","Annona montana",885,"alpha18",3,24309204.9,57051.4,0.00234690393135212,,"no","LC","0.23%"
"2984501","Trema micranthum",2729,"alpha26",1,24444921.4,57051.4,0.00233387409117578,,"no","LC","0.23%"
"3878707","Piparea dentata",1613,"alpha5",3,10752582.1,24792.9,0.00230576116825947,"","no","LC",""
"5361923","Ficus aurea",4157,"alpha52",3,25250617.8,57051.4,0.00225940486468006,,"no","LC","0.23%"
"2902114","Ronabea latifolia",981,"alpha5",2,7364406,16588.9,0.00225257433539859,,"no","LC","0.23%"
"7661791","Miconia punctata",979,"alpha5",3,8972694.4,19972.1,0.00222587031305324,"","no","LC","0.22%"
"3079092","Hieronyma alchorneoides",1930,"alpha142",1,23207059.4,51543.6,0.00222102950324918,,"no","LC","0.22%"
"3188559","Miconia affinis",1529,"alphaMCH",1,25949101.6,57051.4,0.00219858743289945,"","no","LC","0.22%"
"2895593","Genipa americana",4485,"alphaMCH",1,26210176.8,57051.4,0.00217668767131128,"","no","LC","0.22%"
"3763127","Brosimum lactescens",1386,"alpha147",1,14474302.8,31473.6,0.00217444780732878,"","no","LC",""
"5331148","Casearia sylvestris",3065,"alpha101",1,26316780.7,57051.4,0.00216787035429435,,"no","LC","0.22%"
"7798391","Vismia macrophylla",2451,"alphaMCH",1,26386433.5,57051.4,0.00216214778386716,"","no","LC","0.22%"
"5417812","Eugenia biflora",2105,"alpha293",1,26460106.7,57051.4,0.00215612768519653,,"no","LC","0.22%"
"10679177","Miconia cooperi",526,"alpha15",3,3845155.7,8071.1,0.00209902898133921,"","no","LC","0.21%"
"4179703","Ocotea leptobotra",1877,"alpha53",2,17417306.5,36314.7,0.00208497848126403,"","no","LC","0.21%"
"3864223","Miconia holosericea",1115,"alpha12",1,12106011.4,24897.2,0.00205659819797274,"","no","LC","0.21%"
"2720706","Rhynchospora holoschoenoides",2066,"alpha19",3,27863343.9,57051.4,0.00204754206339612,,"no","LC","0.20%"
"2716932","Eleocharis retroflexa",450,"alpha14",3,27965631,57051.4,0.0020400529727298,,"no","LC","0.20%"
"5331156","Casearia bicolor",794,"alpha5",2,7680691.7,15598.9,0.00203092741519997,,"no","LC","0.20%"
"7831077","Roupala montana",2821,"alpha216",1,18135193.1,36700.5,0.0020237158607305,"","no","LC","0.20%"
"7727923","Rotala ramosior",2396,"alpha28",3,28318010.8,57051.4,0.00201466723971427,,"no","LC","0.20%"
"10846639","Grona adscendens",2479,"alpha6",3,28346005.4,57051.4,0.00201267754767306,,"no","LC","0.20%"
"2703456","Oryza latifolia",1111,"alpha34",3,28643023.2,57051.4,0.00199180681045085,"","no","LC","0.20%"
"2931480","Solanum nudum",1888,"alphaMCH",1,28677454.7,57051.4,0.00198941535478346,"","no","LC","0.20%"
"3080049","Amanoa guianensis",595,"alpha5",1,7020586.9,13954.7,0.00198768839680019,,"no","LC","0.20%"
"2965104","Lecointea amazonica",140,"alpha5",2,3511033.2,6931.1,0.00197410334963514,"","no","LC","0.20%"
"2705323","Eragrostis hypnoides",2344,"alpha12",3,28999405.2,57051.4,0.00196732892270435,,"no","LC","0.20%"
"3175173","Myrcia amazonica",1084,"alpha6",2,11566774.2,22736.7,0.00196569307019906,,"no","LC","0.20%"
"4115793","Tripsacum andersonii",131,"alpha61",2,29212358,57051.4,0.00195298745050696,"","no","LC",""
"5660135","Cordia bicolor",901,"alpha4",3,9579973.6,18638.4,0.00194555806265278,"","no","LC","0.19%"
"8185162","Symphonia globulifera",2796,"alpha27",2,22434266.8,43341.6,0.00193193799363643,,"no","LC","0.19%"
"6390957","Persicaria punctata",4656,"alpha11",3,29606430.9,57051.4,0.0019269924430612,,"no","LC","0.19%"
"5354927","Machaerium floribundum",339,"alpha6",2,6371329,12182.1,0.00191202046177714,"","no","LC","0.19%"
"7885367","Schlegelia parviflora",530,"alpha10",1,9041000.1,17218.6,0.00190450141579753,,"no","LC","0.19%"
"7798674","Blakea calycularis",71,"alpha14",3,245257.7,463.5,0.00188992495395592,"","no","VU","0.19%"
"2712441","Scleria macrophylla",331,"alpha4",2,13341643,25199.5,0.00188878344253077,"","no","LC","0.19%"
"3801334","Cestrum schlechtendalii",1482,"alpha4",3,8842844.5,16501.5,0.0018660845460267,,"no","LC","0.19%"
"7304263","Ocotea oblonga",437,"alpha4",2,4580579.2,8435.1,0.00184149182414152,"","no","LC","0.18%"
"5361938","Ficus citrifolia",2866,"alpha22",3,31565622,57051.4,0.00180738933529189,"","no","LC","0.18%"
"4132253","Leptochloa mucronata",1170,"alpha42",3,32048766.8,57051.4,0.00178014239820639,,"no","LC","0.18%"
"5349322","Pterocarpus rohrii",1711,"alpha4",1,12896758.5,22951,0.001779595004205,,"no","LC","0.18%"
"2929481","Solanum rugosum",1164,"alpha5",2,9450016.8,16696.5,0.0017668254162116,"","no","LC","0.18%"
"9800247","Aiouea maya",14,"alpha3",1,60132.9,104.7,0.00174123136286028,"","no","LC",""
"3870061","Miconia chrysophylla",527,"alpha6",3,10126614.6,17404.6,0.00171869781131455,,"no","LC","0.17%"
"3866649","Bellucia grossularioides",1850,"alpha29",2,11910488.5,20426.4,0.00171499423643546,"","no","LC","0.17%"
"2716444","Cyperus amabilis",1135,"alpha21",2,33449476.4,57051.4,0.00170559825936772,,"no","LC","0.17%"
"3866517","Bellucia pentamera",2291,"alpha35",3,11897210.6,20194.5,0.00169741159423492,,"no","LC","0.17%"
"5379918","Sapium glandulosum",3484,"alphaMCH",1,34013599.7,57051.4,0.0016773105220812,"","no","LC","0.17%"
"7304294","Nectandra cuspidata",2099,"alpha4",2,10756578.4,17794,0.00165424649338812,"","no","LC","0.17%"
"5383980","Trichostigma octandrum",1117,"alpha238",1,34560759.5,57051.4,0.00165075563731348,"","no","LC","0.17%"
"2734551","Chamaedorea tepejilote",1594,"alphaMCH",1,35195059.1,57051.4,0.00162100505331915,"","no","LC","0.16%"
"3086352","Piper auritum",3625,"alpha36",3,35321884.7,57051.4,0.00161518472488613,,"no","LC","0.16%"
"2874865","Cochlospermum vitifolium",2799,"alpha146",2,35388022.1,57051.4,0.00161216607556766,,"no","LC","0.16%"
"3086355","Piper hispidum",3186,"alpha297",2,35423446.4,57051.4,0.00161055386681442,"","no","LC","0.16%"
"5292456","Bulbostylis hispidula",2270,"alpha31",3,35437775.5,57051.4,0.00160990265001243,,"no","LC","0.16%"
"2910497","Rudgea cornifolia",1067,"alpha5",3,8767133.5,14017.6,0.00159888578768181,"","no","LC","0.16%"
"5340516","Pentodon pentandrus",1090,"alpha23",1,36015202.5,57051.4,0.00158409128999222,,"no","LC","0.16%"
"2920891","Psychotria carthagenensis",3046,"alpha4",3,11152614,17333,0.00155416177444845,,"no","LC","0.16%"
"3152240","Ochroma pyramidale",4119,"alpha11",3,13534581,21034.8,0.00155415580516211,"","no","LC","0.16%"
"10816285","Miconia tococa",3090,"alphaMCH",1,36867540.2,57051.4,0.00154746881185852,,"no","LC","0.15%"
"5357158","Cassia grandis",1527,"alpha22",3,37458421.1,57051.4,0.00152305855118577,,"no","LC","0.15%"
"2734708","Chamaedorea seifrizii",571,"alpha51",3,38091822.9,57051.4,0.00149773269638962,,"no","LC","0.15%"
"11086770","Palicourea racemosa",2137,"alpha3",3,10330155.2,15418.8,0.00149259773889574,"","no","LC","0.15%"
"2734119","Geonoma deversa",274,"alpha62",1,8346207.2,12370.3,0.00148214638586493,"","no","LC","0.15%"
"2984476","Cecropia peltata",2495,"alpha161",3,38747258.9,57051.4,0.00147239753792027,"","no","LC","0.15%"
"8435196","Passiflora pallida",4914,"alpha21",3,38702320.1,56854.8,0.00146902856021488,"","no","LC","0.15%"
"2980360","Senegalia polyphylla",2549,"alphaMCH",1,14168426.6,20743.9,0.00146409202237692,"","no","LC","0.15%"
"4261757","Christiana africana",316,"alpha41",2,19491294.4,28250.2,0.00144937550147554,"","no","LC","0.14%"
"2884812","Pouteria torta",1370,"alpha4",2,10155317.6,14663.4,0.00144391208668368,,"no","LC","0.14%"
"8115692","Diospyros nigra",711,"alpha41",3,39932329.5,57051.4,0.00142870123996329,"","no","LC","0.14%"
"5357991","Inga thibaudiana",2322,"alphaMCH",1,16144659.3,22584.6,0.00139889230165932,"","no","LC","0.14%"
"9478376","Cyperus hortensis",1974,"alpha17",3,40924491.3,57051.4,0.00139406420934906,,"no","LC","0.14%"
"4088298","Utricularia adpressa",137,"alpha8",2,4231446.9,5866.2,0.00138634459465392,"","no","LC","0.14%"
"5331149","Casearia arborea",2618,"alphaMCH",1,41385340.6,57051.4,0.0013785405126842,,"no","LC","0.14%"
"3188562","Miconia prasina",3010,"alpha62",1,41987094.7,57051.4,0.00135878343367119,"","no","LC","0.14%"
"3086337","Piper aduncum",3047,"alpha36",3,42813400.8,57051.4,0.00133255867485363,"","no","LC","0.13%"
"5579512","Salacia impressifolia",406,"alpha5",2,6533634.4,8645.4,0.00132321514596044,,"no","LC","0.13%"
"5570848","Poulsenia armata",733,"alpha8",2,3286294.5,4344.1,0.00132187668894689,,"no","LC","0.13%"
"10932080","Miconia minutiflora",2096,"alpha4",3,11481357.2,14755.9,0.00128520483824107,"","no","LC","0.13%"
"4013465","Cecropia angustifolia",2059,"alpha5",3,2563928.7,3149.4,0.00122835233292163,,"no","LC","0.12%"
"2957323","Senna fruticosa",866,"alpha94",3,47318901.2,57051.4,0.00120567822228591,"","no","LC","0.12%"
"2884309","Pouteria campechiana",1266,"alpha32",3,47730164.6,57051.4,0.00119528958477853,"","no","LC",""
"2942415","Crotalaria pumila",2999,"alpha39",3,48266980.8,57051.4,0.00118199580172659,"","no","LC","0.12%"
"7844328","Myrsine coriacea",3328,"alpha371",1,49685569.5,57051.4,0.00114824825825143,"","no","LC","0.11%"
"5353534","Neptunia prostrata",933,"alpha20",3,49816899.9,57051.4,0.00114522117587051,"","no","LC",""
"2711092","Schoenoplectus americanus",2932,"alpha40",3,50644930,57051.4,0.00112649713647994,"","no","LC","0.11%"
"2925465","Stachytarpheta indica",1457,"alpha19",3,50749001.2,57051.4,0.00112418702469448,"","no","LC",""
"2952993","Bauhinia ungulata",2408,"alpha254",1,51078135.1,57051.4,0.00111694306287789,,"no","LC","0.11%"
"2967846","Desmodium intortum",1891,"alpha28",3,51851416.8,57051.4,0.00110028562728085,,"no","LC","0.11%"
"2982067","Calliandra houstoniana",4005,"alpha36",3,52586328.7,57051.4,0.00108490875938979,,"no","LC","0.11%"
"11054326","Paepalanthus fluviatilis",950,"alpha5",3,10232258.7,11019.3,0.00107692110236845,,"no","LC","0.11%"
"7531920","Castilla elastica",994,"alpha42",3,53432203.5,57051.4,0.00106773378091957,"","no","LC","0.11%"
"2893335","Strumpfia maritima",644,"alpha4",2,1679939.9,1788.3,0.0010644870168904,,"no","LC","0.11%"
"5421045","Conocarpus erectus",4684,"alpha48",2,54362340.6,57051.4,0.00104946490534665,,"no","LC","0.10%"
"2710884","Cyperus blepharoleptos",1264,"alphaMCH",1,54724487.2,57051.4,0.00104251993231593,"","no","LC","0.10%"
"5333327","Ceratophyllum muricatum",157,"alpha38",3,54972065.9,57051.4,0.00103782471481126,"","no","LC","0.10%"
"5357217","Parkinsonia aculeata",4912,"alpha18",2,56912992.9,57051.4,0.00100243135670955,,"no","LC","0.10%"
"4062365","Euploca procumbens",4417,"alpha67",2,56973032.1,57051.4,0.00100137497539476,,"no","LC","0.10%"
"3190598","Spondias purpurea",3946,"alpha60",1,57120211.1,57051.4,0.000998794779037462,,"no","LC","0.10%"
"3873525","Cynophalla flexuosa",3665,"alpha377",1,57205070.2,57051.4,0.000997313147180082,,"no","LC","0.10%"
"5359611","Dioclea guianensis",587,"alpha5",2,10097903,9803.2,0.000970812427468456,"","no","LC","0.10%"
"5421109","Sauvagesia erecta",3546,"alpha165",1,59749715,57051.4,0.000954839176040246,"","no","LC","0.10%"
"5349333","Pterocarpus officinalis",1029,"alpha7",2,4600000.7,4383.8,0.000953007531666825,,"no","NT","0.10%"
"3152235","Pachira aquatica",2726,"alpha33",1,60167933.1,57051.4,0.000948202235611124,,"no","LC","0.09%"
"2945453","Schizolobium parahyba",1596,"alpha15",3,24824894,23481,0.000945865680201911,"","no","LC",""
"3858929","Miconia paleacea",298,"alpha8",3,1564161.2,1433.6,0.000916512028029668,"","no","LC","0.09%"
"3055091","Alchorneopsis floribunda",483,"alpha7",3,6964843.4,6296.1,0.000903983279186649,"","no","LC","0.09%"
"3172439","Utricularia foliosa",2648,"alpha70",1,63325980.5,57051.4,0.000900915677450769,"","no","LC","0.09%"
"3864198","Tibouchina aspera",980,"alpha7",2,7916828.2,7050.7,0.000890596624899258,,"no","LC","0.09%"
"5651141","Sloanea terniflora",528,"alpha4",2,5628468.6,4990.3,0.000886625693123608,"","no","LC","0.09%"
"3152212","Pseudobombax ellipticum",1572,"alpha44",2,64448207.8,57051.4,0.00088522816315008,,"no","LC","0.09%"
"2705587","Paspalum paniculatum",2278,"alpha24",3,66028084,57051.4,0.000864047011862747,"","no","LC","0.09%"
"2957408","Senna obtusifolia",4477,"alpha18",3,67533101.4,57051.4,0.000844791183843629,,"no","LC","0.08%"
"5341289","Cordia sebestena",3514,"alpha22",2,67865376.7,57051.4,0.000840655005440029,"","no","LC","0.08%"
"5349620","Erythrina fusca",2274,"alpha40",3,68268259.2,57051.4,0.000835693912633129,"","no","LC","0.08%"
"2928410","Aniseia martinicensis",1459,"alpha33",3,69251701.8,57051.4,0.00082382623336652,,"no","LC","0.08%"
"2888831","Coccoloba uvifera",4935,"alpha34",3,69912789.9,57051.4,0.00081603621813718,"","no","LC","0.08%"
"6401337","Handroanthus chrysanthus",1337,"alpha124",1,71244560.7,57051.4,0.000800782095953624,,"no","VU","0.08%"
"2982573","Vigna luteola",4875,"alpha34",3,71331666.5,57051.4,0.000799804231111015,,"no","LC","0.08%"
"3152072","Triumfetta semitriloba",3160,"alpha51",3,71555267,57051.4,0.000797304950370069,"","no","LC","0.08%"
"5572269","Ficus donnell-smithii",286,"alpha5",3,7538798.3,5979,0.000793103122222509,"","no","LC","0.08%"
"2979265","Vachellia farnesiana",4877,"alpha24",3,73720162.4,57051.4,0.000773890979203696,,"no","LC","0.08%"
"2986073","Suriana maritima",3700,"alpha35",3,73814845.4,57051.4,0.000772898301991492,,"no","LC","0.08%"
"2716800","Eleocharis acutangula",1027,"alpha29",1,74056205.8,57051.4,0.000770379308501823,,"no","LC","0.08%"
"3172419","Utricularia subulata",4431,"alpha38",3,74422091.2,57051.4,0.000766591851090693,,"no","LC","0.08%"
"2803398","Vanilla planifolia",940,"alpha27",3,75716482.8,57051.4,0.000753486777582832,"","no","EN","0.08%"
"3034614","Hydrocotyle umbellata",3978,"alpha40",3,76130374.2,57051.4,0.000749390361716581,,"no","LC","0.07%"
"2708137","Fimbristylis ferruginea",2262,"alpha16",3,81898248.8,57051.4,0.000696612803196355,"","no","LC","0.07%"
"3152775","Malvaviscus arboreus",4896,"alpha39",2,82631059.8,57051.4,0.000690434913508279,,"no","LC","0.07%"
"7597057","Trichanthecium parvifolium",1218,"alphaMCH",1,83126414.9,57051.4,0.000686320572211599,"","no","LC","0.07%"
"3039173","Cissus verticillata",4233,"alpha109",2,83554020.9,57051.4,0.000682808175999577,"","no","LC","0.07%"
"5290149","Phragmites australis",3853,"alpha33",2,84753507.8,57051.4,0.000673144629930894,"","no","LC","0.07%"
"5407147","Annona cherimola",1291,"alpha30",3,85907492.2,57051.4,0.000664102363709858,"","no","LC","0.07%"
"2928366","Wigandia urens",4556,"alpha52",3,85939514.4,57051.4,0.000663854910535411,"","no","LC","0.07%"
"5285740","Pinus caribaea",1187,"alpha28",3,87465346.2,57051.4,0.000652273970684139,,"no","LC","0.07%"
"3186061","Pimenta dioica",1030,"alpha34",3,87762516,57051.4,0.000650065327029278,,"no","LC","0.07%"
"3152824","Liquidambar styraciflua",4947,"alpha43",3,88651246.3,57051.4,0.000643548410259483,,"no","LC","0.06%"
"2733755","Roystonea regia",1506,"alpha28",3,91719733,57051.4,0.000622018477002877,,"no","LC","0.06%"
"2708808","Fimbristylis dichotoma",4068,"alpha32",2,94042991.9,57051.4,0.000606651995007821,"","no","LC","0.06%"
"3073512","Cnidoscolus aconitifolius",1629,"alpha73",1,97783773.2,57051.4,0.000583444131753917,,"no","LC","0.06%"
"4032759","Coccoloba escuintlensis",48,"alpha4",2,244016.2,140.6,0.000576113929324404,"","no","NT","0.06%"
"2893899","Posoqueria latifolia",3106,"alpha63",1,99115721.3,57051.4,0.000575603626797184,,"no","LC","0.06%"
"2950903","Haematoxylum campechianum",1613,"alpha153",2,102683740.1,57051.4,0.00055560275268411,,"no","LC","0.06%"
"5289619","Chloris radiata",626,"alpha45",2,103406365.4,57051.4,0.000551720084368302,"","no","LC","0.06%"
"2957187","Senna pendula",4016,"alpha67",1,105126715.9,57051.4,0.000542691438095809,,"no","LC","0.05%"
"2705584","Paspalum plicatulum",3692,"alpha101",2,105950023.8,57051.4,0.000538474335424347,,"no","LC","0.05%"
"7285448","Hiraea fagifolia",544,"alpha32",3,13868419.6,7433,0.000535967123460176,"","no","LC",""
"2708680","Fimbristylis complanata",1922,"alpha54",1,117975800.4,57051.4,0.000483585349135824,"","no","LC","0.05%"
"3849992","Swietenia humilis",1087,"alpha3",2,1110915.1,533.4,0.000480173824326392,,"no","EN","0.05%"
"2972960","Samanea saman",2408,"alpha234",1,121568449.7,57051.4,0.000469294202306342,,"no","LC","0.05%"
"2705093","Panicum repens",3814,"alpha31",1,134077804.8,57051.4,0.000425509417545965,"","no","LC","0.04%"
"3583416","Cyperus sesquiflorus",3216,"alpha59",3,137415669.7,57051.4,0.000415173675239425,,"no","LC","0.04%"
"2731327","Cladium mariscus",3344,"alpha48",3,138427740,57051.4,0.000412138265317359,"","no","LC","0.04%"
"5360097","Desmanthus virgatus",2849,"alpha31",3,139126365.5,57051.4,0.000410068705738221,,"no","LC","0.04%"
"5406697","Ceiba pentandra",3109,"alpha77",1,140458991.7,57051.4,0.000406178116204439,"","no","LC","0.04%"
"2902066","Hamelia patens",4898,"alpha130",1,144643760.2,57051.4,0.000394426752844504,,"no","LC","0.04%"
"3064495","Euphorbia heterophylla",4935,"alpha25",2,145014594.3,57051.4,0.000393418117118705,"","no","LC","0.04%"
"4117082","Setaria geminata",1238,"alpha63",1,146949658.4,57051.4,0.000388237504441627,,"no","LC","0.04%"
"2956176","Delonix regia",3490,"alpha27",2,146977413.4,57051.4,0.000388164190112352,,"no","LC","0.04%"
"2925466","Aegiphila martinicensis",125,"alpha6",3,3488859,1344.4,0.00038533589903845,,"no","LC","0.04%"
"5341112","Phyla nodiflora",4903,"alpha43",2,149792871.8,57051.4,0.000380868381562526,,"no","LC","0.04%"
"5421429","Malpighia glabra",3461,"alpha66",3,151118373.9,57051.4,0.000377527677032996,"","no","LC","0.04%"
"5350438","Phaseolus lunatus",3010,"alpha44",2,156441683.2,57051.4,0.000364681378249214,"","no","LC","0.04%"
"3132710","Pluchea carolinensis",4706,"alpha337",1,159037868.8,57051.4,0.000358728201548616,"","no","LC","0.04%"
"2889811","Ximenia americana",4350,"alpha220",1,159268080.4,57051.4,0.0003582096832322,,"no","LC","0.04%"
"2932944","Capsicum annuum",4331,"alpha24",3,162027644,57051.4,0.000352108857704257,,"no","LC","0.04%"
"3780825","Justicia eburnea",11,"alpha15",2,265245.5,91.3,0.000344320556364509,"","no","EN","0.03%"
"4097481","Spirodela polyrhiza",4411,"alpha150",1,167309702.7,57051.4,0.000340992588781456,,"no","LC","0.03%"
"2764202","Commelina diffusa",4878,"alpha70",1,168961285.4,57051.4,0.000337659414245974,"","no","LC","0.03%"
"2705833","Urochloa reptans",1294,"alpha81",2,184848802.5,57051.4,0.000308638021369038,,"no","LC","0.03%"
"2867616","Lemna aequinoctialis",2991,"alpha43",1,191573485,57051.4,0.000297804096575177,,"no","LC","0.03%"
"2708407","Abildgaardia ovata",1867,"alpha134",1,201372992.6,57051.4,0.000283311917444005,,"no","LC","0.03%"
"7989033","Leptospron adenanthum",1285,"alpha326",1,202021189.5,57051.4,0.000282402894426175,,"no","LC","0.03%"
"3171169","Bacopa monnieri",4948,"alpha149",1,202978257.4,57051.4,0.000281071329412686,"","no","LC","0.03%"
"2925463","Stachytarpheta jamaicensis",4742,"alpha123",1,207037227.9,57051.4,0.000275560918342985,"","no","LC","0.03%"
"8400302","Guilandina bonduc",4749,"alpha95",1,211790320.6,57051.4,0.000269376657383917,"","no","LC","0.03%"
"8312665","Abelmoschus moschatus",1675,"alpha90",1,215668539,57051.4,0.000264532643044779,,"no","LC","0.03%"
"4930679","Aleurites moluccanus",2725,"alpha61",1,216046125.3,57051.4,0.000264070316300546,,"no","LC","0.03%"
"2705924","Axonopus compressus",4603,"alpha296",1,245011150.7,57051.4,0.000232852131340014,"","no","LC","0.02%"
"2718767","Cyperus brevifolius",4544,"alpha99",1,246887907.6,57051.4,0.000231082069579037,,"no","LC","0.02%"
"3085191","Celosia argentea",4708,"alpha170",1,248215449.3,57051.4,0.00022984616306585,,"no","LC","0.02%"
"5333923","Micropholis melinoniana",214,"alpha5",3,4141689.3,662.2,0.00015988020695956,"","no","LC","0.02%"
"7545558","Coulteria platyloba",897,"alpha4",2,1422367.7,190.3,0.000133821773192031,,"no","LC","0.01%"
"3614969","Couma macrocarpa",535,"alpha5",2,5078900.1,512.6,0.000100929248252206,"","no","LC","0.01%"
"10685404","Myrcia neolucida",485,"alpha5",3,7471643.9,340,4.55015124525786e-05,,"no","LC","0.00%"
"2967785","Desmodium metallicum",29,"alpha4",2,49320,0,7.46916188092738e-07,"","no","LC","0.00%"
"2920103","Psychotria lorenciana",24,"alpha3",1,14047.6,0,0,"","no","EN","0.00%"
"2717269","Eleocharis setifolia",146,"alpha17",3,5340007.2,0,0,"","no","LC","0.00%"
"3660099","Attilaea abalak",30,"alpha4",1,33143.5,0,0,"","no","EN","0.00%"
"5570630","Ficus nymphaeifolia",740,"alphaMCH",1,17178084.7,0,0,"","no","LC","0.00%"
"8692859","Symphysia poasana",396,"alpha3",3,168196.4,0,0,"","no","LC","0.00%"
"3846722","Tournefortiopsis crispiflora",1128,"alpha57",1,7019109.5,0,0,"","no","LC","0.00%"
"3056536","Acalypha schiedeana",587,"alpha3",3,1755952.1,0,0,"","no","LC","0.00%"
"2944742","Platymiscium pinnatum",3746,"alpha3",2,445068.3,0,0,"","no","LC","0.00%"
"3683498","Forestiera cartaginensis",51,"alpha6",1,104268.1,0,0,"","no","NT","0.00%"
"3891222","Aegiphila panamensis",602,"alpha6",2,4018795.1,0,0,"","no","LC","0.00%"
"5357264","Diphysa humilis",106,"alpha3",2,116090.1,0,0,"","no","LC","0.00%"
"3836492","Zanthoxylum mollissimum",116,"alpha4",3,284457.9,0,0,"","no","LC","0.00%"
"3878690","Piparea multiflora",2169,"alpha3",2,9736210.9,0,0,"","no","LC","0.00%"
"5417472","Eugenia domingensis",75,"alpha6",2,120440.9,0,0,"","no","LC","0.00%"
"9652852","Monteverdia sieberiana",50,"alpha4",1,1084800.9,0,0,"","no","LC","0.00%"
"5341279","Cordia laevigata",151,"alpha3",3,506240.4,0,0,"","no","LC","0.00%"
"2978155","Copaifera officinalis",91,"alpha12",1,4782544.7,0,0,"","no","LC","0.00%"
"7298763","Jacaranda copaia",2115,"alpha34",1,11135055,0,0,"","no","LC","0.00%"
"2968462","Dalbergia calycina",80,"alpha4",3,151074.8,0,0,"","no","VU","0.00%"
"3931668","Bauhinia wunderlinii",3,"alpha32",1,13613.3,0,0,"","no","EN","0.00%"
"2962812","Pithecellobium furcatum",56,"alpha3",2,29670.7,0,0,"","no","NT","0.00%"
"4261066","Triumfetta arborescens",16,"alpha19",1,133722.7,0,0,"","no","LC","0.00%"
"3035051","Dendropanax leptopodus",69,"alpha5",3,320896.4,0,0,"","no","LC","0.00%"
"2946613","Clitoria polystachya",126,"alpha5",3,678118.4,0,0,"","no","LC","0.00%"
"9341540","Pleradenophora tikalana",55,"alpha5",2,506457.7,0,0,"","no","VU","0.00%"
"2970374","Leucaena trichandra",293,"alpha3",2,385864.2,0,0,"","no","LC","0.00%"
"3871048","Miconia poeppigii",512,"alpha4",3,7015022.7,0,0,"","no","LC","0.00%"
"3073607","Cnidoscolus tubulosus",4949,"alphaMCH",1,711085.7,0,0,"","no","LC","0.00%"
"2981844","Calliandra coriacea",122,"alpha4",2,735741.3,0,0,"","no","LC","0.00%"
"4077284","Rinorea sylvatica",89,"alpha3",2,205092.7,0,0,"","no","LC","0.00%"
"11919516","Jupunba macradenia",82,"alpha4",2,419212.2,0,0,"","no","LC","0.00%"
"7413402","Lonchocarpus multifoliolatus",17,"alpha4",2,42102.3,0,0,"","no","EN","0.00%"
"5284084","Zamia variegata",15,"alphaMCH",1,4604310.9,0,0,"","no","EN","0.00%"
"5535318","Halophila baillonii",4,"alpha75",1,1311.8,0,0,"","no","VU","0.00%"
"2717665","Eleocharis sellowiana",437,"alpha8",3,8639649.1,0,0,"","no","LC",""
"3129643","Baccharis salicifolia",4943,"alpha3",2,3700724.9,0,0,"","no","LC","0.00%"
"2968539","Dalbergia retusa",305,"alpha4",3,305521.7,0,0,"","no","CR","0.00%"
"3174691","Myrcia splendens",2582,"alpha13",1,15673488.9,0,0,"","no","LC","0.00%"
"5355567","Ormosia coarctata",126,"alpha5",2,3064839.2,0,0,"","no","LC","0.00%"
"8336672","Panicum acuminatum",141,"alpha8",3,2369552.7,0,0,"","no","LC","0.00%"
"2709923","Schoenus nigricans",2583,"alpha35",2,20028480.7,0,0,"","no","LC","0.00%"
"8344091","Tibouchina longifolia",534,"alpha8",2,5321257.2,0,0,"","no","LC","0.00%"
"4087684","Utricularia trichophylla",169,"alpha5",2,4432753.2,0,0,"","no","LC","0.00%"
"8405152","Vriesea heliconioides",21,"alpha15",2,311231.9,0,0,"","no","LC","0.00%"
"3879827","Xylosma intermedia",261,"alpha5",3,2224111.3,0,0,"","no","LC","0.00%"
"3171888","Lindernia dubia",3820,"alpha164",3,178514998.6,0,0,,"no","LC","0.00%"
"6413649","Juncus bufonius",3637,"alpha35",2,70376392.9,0,0,,"no","LC","0.00%"
"2710765","Schoenoplectiella supina",1073,"alpha21",3,34095855.3,0,0,,"no","LC","0.00%"
"8046878","Heisteria macrophylla",243,"alpha3",2,163859.5,0,0,,"no","LC","0.00%"
"3785722","Cupania emarginata",359,"alpha3",1,675362,0,0,,"no","LC","0.00%"
"5293425","Euterpe precatoria",1501,"alpha3",3,3512761.8,0,0,,"no","LC","0.00%"
"5289958","Digitaria horizontalis",2359,"",,,,,"getDynamicAlphaHull failed: Error in (function (msg)  : 
  IllegalArgumentException: Invalid number of points in LinearRing found 2 - must be 0 or >= 4
","no","LC",""
"10806897","Magnolia montebelloensis",2,"",,,,,"fewer than 3 unique coordinate points","no","CR",""
"4139637","Acroceras zizanioides",1651,"",,,,,"getDynamicAlphaHull failed: Error in wk_handle.wk_wkb(wkb, s2_geography_writer(oriented = oriented,  : 
  Loop 0 is not valid: Edge 64 crosses edge 222
","no","LC",""
"5357706","Inga sapindoides",1380,"",,,,,"getDynamicAlphaHull failed: Error in (function (msg)  : 
  IllegalArgumentException: Invalid number of points in LinearRing found 2 - must be 0 or >= 4
","no","LC",""
"2705733","Oplismenus compositus",3533,"",,,,,"getDynamicAlphaHull failed: Error in UseMethod(""as_s2_geography"") : 
  no applicable method for 'as_s2_geography' applied to an object of class ""try-error""
","no","LC",""
"2702804","Echinochloa crus-pavonis",1564,"",,,,,"getDynamicAlphaHull failed: Error in (function (msg)  : 
  IllegalArgumentException: Invalid number of points in LinearRing found 2 - must be 0 or >= 4
","no","LC",""
"5420509","Psidium guineense",2936,"",,,,,"getDynamicAlphaHull failed: Error in UseMethod(""as_s2_geography"") : 
  no applicable method for 'as_s2_geography' applied to an object of class ""try-error""
","no","LC",""
"3086260","Pisonia aculeata",4221,"",,,,,"getDynamicAlphaHull failed: Error in (function (msg)  : 
  IllegalArgumentException: Invalid number of points in LinearRing found 2 - must be 0 or >= 4
","no","LC",""
"7326414","Gyrocarpus americanus",4007,"",,,,,"getDynamicAlphaHull failed: Error in (function (msg)  : 
  IllegalArgumentException: Invalid number of points in LinearRing found 2 - must be 0 or >= 4
","no","LC",""
"2702870","Stenotaphrum secundatum",4848,"",,,,,"getDynamicAlphaHull failed: Error in (function (msg)  : 
  IllegalArgumentException: Invalid number of points in LinearRing found 2 - must be 0 or >= 4
","no","LC",""
"5406665","Waltheria indica",4877,"",,,,,"getDynamicAlphaHull failed: Error in (function (msg)  : 
  IllegalArgumentException: Invalid number of points in LinearRing found 2 - must be 0 or >= 4
","no","LC",""
"5383279","Margaritaria nobilis",2801,"",,,,,"getDynamicAlphaHull failed: Error in (function (msg)  : 
  IllegalArgumentException: Invalid number of points in LinearRing found 2 - must be 0 or >= 4
","no","LC",""
"4261405","Pleuranthodendron lindenii",1176,"",,,,,"getDynamicAlphaHull failed: Error in (function (msg)  : 
  IllegalArgumentException: Invalid number of points in LinearRing found 2 - must be 0 or >= 4
","no","LC",""
"2705848","Urochloa mutica",4300,"",,,,,"getDynamicAlphaHull failed: Error in (function (msg)  : 
  IllegalArgumentException: Invalid number of points in LinearRing found 2 - must be 0 or >= 4
","no","LC",""
"10677735","Miconia dentata",1545,"",,,,,"getDynamicAlphaHull failed: Error in (function (msg)  : 
  IllegalArgumentException: Invalid number of points in LinearRing found 2 - must be 0 or >= 4
","no","LC",""
"9707340","Parasenegalia lundellii",1,"",,,,,"fewer than 3 unique coordinate points","no","EN",""
"2972923","Pseudosamanea guachapele",3216,"",,,,,"getDynamicAlphaHull failed: Error in (function (msg)  : 
  IllegalArgumentException: Invalid number of points in LinearRing found 2 - must be 0 or >= 4
","no","LC",""
"2985272","Licania hypoleuca",765,"",,,,,"getDynamicAlphaHull failed: Error in (function (msg)  : 
  IllegalArgumentException: Invalid number of points in LinearRing found 2 - must be 0 or >= 4
","no","LC",""
"2870583","Pistia stratiotes",4686,"",,,,,"getDynamicAlphaHull failed: Error in (function (msg)  : 
  IllegalArgumentException: Invalid number of points in LinearRing found 2 - must be 0 or >= 4
","no","LC",""
"3056437","Acalypha macrostachya",,"",,,,,"GBIF fetch failed after retries","no","LC",""
"3084455","Acanthocereus tetragonus",,"",,,,,"GBIF fetch failed after retries","no","LC",""
"6418688","Acoelorraphe wrightii",,"",,,,,"GBIF fetch failed after retries","no","LC",""
"7413879","Acrocomia aculeata",,"",,,,,"GBIF fetch failed after retries","no","LC",""
"2949117","Aeschynomene filosa",,"",,,,,"GBIF fetch failed after retries","no","LC",""
"3055359","Alchornea latifolia",,"",,,,,"GBIF fetch failed after retries","no","LC",""
"5335670","Alibertia edulis",,"",,,,,"GBIF fetch failed after retries","no","LC",""
"3084939","Alternanthera sessilis",,"",,,,,"GBIF fetch failed after retries","no","LC",""
"5421193","Amyris elemifera",,"",,,,,"GBIF fetch failed after retries","no","LC",""
"2952214","Andira inermis",,"",,,,,"GBIF fetch failed after retries","no","LC",""
"2706080","Andropogon virginicus",,"",,,,,"GBIF fetch failed after retries","no","LC",""
"5407100","Annona glabra",,"",,,,,"GBIF fetch failed after retries","no","LC",""
"5407273","Annona muricata",,"",,,,,"GBIF fetch failed after retries","no","LC",""
"5407091","Annona purpurea",,"",,,,,"GBIF fetch failed after retries","no","LC",""
"5407123","Annona reticulata",,"",,,,,"GBIF fetch failed after retries","no","LC",""
"5407099","Annona squamosa",,"",,,,,"GBIF fetch failed after retries","no","LC",""
"7264013","Aphelandra scabra",,"",,,,,"GBIF fetch failed after retries","no","LC",""
"5558603","Ardisia escallonioides",,"",,,,,"GBIF fetch failed after retries","no","LC",""
"5558224","Ardisia revoluta",,"",,,,,"GBIF fetch failed after retries","no","LC",""
"8358388","Aristolochia trilobata",,"",,,,,"GBIF fetch failed after retries","no","LC",""
"3618792","Aspidosperma desmanthum",,"",,,,,"GBIF fetch failed after retries","no","LC",""
"2882720","Bejaria aestuans",,"",,,,,"GBIF fetch failed after retries","no","LC",""
"5378306","Bernardia dodecandra",,"",,,,,"GBIF fetch failed after retries","no","LC",""
"7610513","Boehmeria caudata",,"",,,,,"GBIF fetch failed after retries","no","LC",""
"7300855","Boehmeria ramiflora",,"",,,,,"GBIF fetch failed after retries","no","LC",""
"5323864","Brassia verrucosa",,"",,,,,"GBIF fetch failed after retries","no","LC",""
"7374879","Brosimum guianense",,"",,,,,"GBIF fetch failed after retries","no","LC",""
"7288289","Buddleja americana",,"",,,,,"GBIF fetch failed after retries","no","LC",""
"5292341","Bulbostylis capillaris",,"",,,,,"GBIF fetch failed after retries","no","LC",""
"3191335","Bunchosia nitida",,"",,,,,"GBIF fetch failed after retries","no","LC",""
"3191361","Byrsonima crassifolia",,"",,,,,"GBIF fetch failed after retries","no","LC",""
"2958715","Caesalpinia pulcherrima",,"",,,,,"GBIF fetch failed after retries","no","LC",""
"8121164","Callicarpa acuminata",,"",,,,,"GBIF fetch failed after retries","no","LC",""
"2820852","Campylocentrum tyrridion",,"",,,,,"GBIF fetch failed after retries","no","LC",""
"8403992","Capsicum frutescens",,"",,,,,"GBIF fetch failed after retries","no","LC",""
"2860922","Carludovica palmata",,"",,,,,"GBIF fetch failed after retries","no","LC",""
"7880202","Casearia icosandra",,"",,,,,"GBIF fetch failed after retries","no","LC",""
"5331146","Casearia nitida",,"",,,,,"GBIF fetch failed after retries","no","LC",""
"7459713","Casearia tremula",,"",,,,,"GBIF fetch failed after retries","no","LC",""
"5357122","Cassia moschata",,"",,,,,"GBIF fetch failed after retries","no","LC",""
"3190511","Cedrela odorata",4181,"",,,,,"getDynamicAlphaHull failed: Error in (function (msg)  : 
  IllegalArgumentException: Invalid number of points in LinearRing found 2 - must be 0 or >= 4
","no","VU",""
"5289739","Cenchrus echinatus",4519,"",,,,,"getDynamicAlphaHull failed: Error in (function (msg)  : 
  IllegalArgumentException: Invalid number of points in LinearRing found 2 - must be 0 or >= 4
","no","LC",""
"2928791","Cestrum nocturnum",4171,"",,,,,"getDynamicAlphaHull failed: Error in (function (msg)  : 
  IllegalArgumentException: Invalid number of points in LinearRing found 2 - must be 0 or >= 4
","no","LC",""
"5421060","Clusia rosea",3173,"",,,,,"getDynamicAlphaHull failed: Error in (function (msg)  : 
  IllegalArgumentException: Invalid number of points in LinearRing found 2 - must be 0 or >= 4
","no","LC",""
"7649215","Cordia alliodora",2324,"",,,,,"getDynamicAlphaHull failed: Error in (function (msg)  : 
  IllegalArgumentException: Invalid number of points in LinearRing found 2 - must be 0 or >= 4
","no","LC",""
"5415081","Crescentia cujete",4504,"",,,,,"getDynamicAlphaHull failed: Error in UseMethod(""as_s2_geography"") : 
  no applicable method for 'as_s2_geography' applied to an object of class ""try-error""
","no","LC",""
"3057588","Croton niveus",,"",,,,,"GBIF fetch failed after retries","no","LC",""
"3057499","Croton punctatus",,"",,,,,"GBIF fetch failed after retries","no","LC",""
"3057635","Croton xalapensis",,"",,,,,"GBIF fetch failed after retries","no","LC",""
"3189962","Cupania glabra",,"",,,,,"GBIF fetch failed after retries","no","LC",""
"7802452","Cupania scrobiculata",,"",,,,,"GBIF fetch failed after retries","no","LC",""
"2684046","Cupressus lusitanica",,"",,,,,"GBIF fetch failed after retries","no","LC",""
"2713479","Cyperus compressus",,"",,,,,"GBIF fetch failed after retries","no","LC",""
"2714238","Cyperus digitatus",,"",,,,,"GBIF fetch failed after retries","no","LC",""
"2715031","Cyperus drummondii",,"",,,,,"GBIF fetch failed after retries","no","LC",""
"2730906","Cyperus flavescens",,"",,,,,"GBIF fetch failed after retries","no","LC",""
"2715828","Cyperus haspan",,"",,,,,"GBIF fetch failed after retries","no","LC",""
"2714233","Cyperus imbricatus",,"",,,,,"GBIF fetch failed after retries","no","LC",""
"2730652","Cyperus lanceolatus",,"",,,,,"GBIF fetch failed after retries","no","LC",""
"2714679","Cyperus luzulae",,"",,,,,"GBIF fetch failed after retries","no","LC",""
"2715219","Cyperus odoratus",,"",,,,,"GBIF fetch failed after retries","no","LC",""
"2730407","Cyperus polystachyos",,"",,,,,"GBIF fetch failed after retries","no","LC",""
"2714818","Cyperus rotundus",,"",,,,,"GBIF fetch failed after retries","no","LC",""
"2714958","Cyperus tenuis",,"",,,,,"GBIF fetch failed after retries","no","LC",""
"2971008","Dialium guianense",2079,"",,,,,"getDynamicAlphaHull failed: Error in (function (msg)  : 
  IllegalArgumentException: Invalid number of points in LinearRing found 2 - must be 0 or >= 4
","no","LC",""
"5421144","Dodonaea viscosa",4679,"",,,,,"getDynamicAlphaHull failed: Error in (function (msg)  : 
  IllegalArgumentException: Invalid number of points in LinearRing found 2 - must be 0 or >= 4
","no","LC",""
"6431411","Echinochloa colonum",4379,"",,,,,"getDynamicAlphaHull failed: Error in (function (msg)  : 
  IllegalArgumentException: Invalid number of points in LinearRing found 2 - must be 0 or >= 4
","no","LC",""
"5384950","Eclipta prostrata",4863,"",,,,,"getDynamicAlphaHull failed: Error in (function (msg)  : 
  IllegalArgumentException: Invalid number of points in LinearRing found 2 - must be 0 or >= 4
","no","LC",""
"2716850","Eleocharis geniculata",,"",,,,,"GBIF fetch failed after retries","no","LC",""
"2716972","Eleocharis interstincta",,"",,,,,"GBIF fetch failed after retries","no","LC",""
"2717250","Eleocharis mutata",,"",,,,,"GBIF fetch failed after retries","no","LC",""
"5320408","Epidendrum ramosum",,"",,,,,"GBIF fetch failed after retries","no","LC",""
"5318824","Epidendrum verrucosum",,"",,,,,"GBIF fetch failed after retries","no","LC",""
"2705341","Eragrostis atrovirens",,"",,,,,"GBIF fetch failed after retries","no","LC",""
"5397798","Eremosis leiocarpa",,"",,,,,"GBIF fetch failed after retries","no","LC",""
"5349020","Eriosema crinitum",,"",,,,,"GBIF fetch failed after retries","no","LC",""
"2873938","Erythroxylum areolatum",,"",,,,,"GBIF fetch failed after retries","no","LC",""
"7284815","Erythroxylum havanense",,"",,,,,"GBIF fetch failed after retries","no","LC",""
"7870294","Erythroxylum macrophyllum",,"",,,,,"GBIF fetch failed after retries","no","LC",""
"5416259","Eugenia axillaris",,"",,,,,"GBIF fetch failed after retries","no","LC",""
"5416458","Eugenia uniflora",4788,"",,,,,"getDynamicAlphaHull failed: Error in (function (msg)  : 
  IllegalArgumentException: Invalid number of points in LinearRing found 2 - must be 0 or >= 4
","no","LC",""
"3070346","Euphorbia nutans",4764,"",,,,,"getDynamicAlphaHull failed: Error in (function (msg)  : 
  IllegalArgumentException: Invalid number of points in LinearRing found 2 - must be 0 or >= 4
","no","LC",""
"5361926","Ficus americana",3818,"",,,,,"getDynamicAlphaHull failed: Error in (function (msg)  : 
  IllegalArgumentException: Invalid number of points in LinearRing found 2 - must be 0 or >= 4
","no","LC",""
"7944396","Ficus pertusa",3389,"",,,,,"getDynamicAlphaHull failed: Error in (function (msg)  : 
  IllegalArgumentException: Invalid number of points in LinearRing found 2 - must be 0 or >= 4
","no","LC",""
"8082978","Gliricidia sepium",2360,"",,,,,"getDynamicAlphaHull failed: Error in (function (msg)  : 
  IllegalArgumentException: Invalid number of points in LinearRing found 2 - must be 0 or >= 4
","no","LC",""
"7115794","Talipariti tiliaceum",4892,"",,,,,"getDynamicAlphaHull failed: Error in (function (msg)  : 
  IllegalArgumentException: Invalid number of points in LinearRing found 2 - must be 0 or >= 4
","no","LC",""
"2985122","Hirtella racemosa",,"",,,,,"GBIF fetch failed after retries","no","LC",""
"3034602","Hydrocotyle verticillata",,"",,,,,"GBIF fetch failed after retries","no","LC",""
"5357569","Inga affinis",,"",,,,,"GBIF fetch failed after retries","no","LC",""
"7592050","Inga inicuil",,"",,,,,"GBIF fetch failed after retries","no","LC",""
"5358014","Inga oerstediana",,"",,,,,"GBIF fetch failed after retries","no","LC",""
"5357680","Inga vera",,"",,,,,"GBIF fetch failed after retries","no","LC",""
"2928631","Ipomoea alba",,"",,,,,"GBIF fetch failed after retries","no","LC",""
"7999386","Ipomoea pes-caprae",,"",,,,,"GBIF fetch failed after retries","no","LC",""
"2928626","Ipomoea sagittata",,"",,,,,"GBIF fetch failed after retries","no","LC",""
"2928547","Ipomoea triloba",,"",,,,,"GBIF fetch failed after retries","no","LC",""
"3072953","Jatropha curcas",,"",,,,,"GBIF fetch failed after retries","no","LC",""
"2701534","Juncus biflorus",,"",,,,,"GBIF fetch failed after retries","no","LC",""
"8410331","Justicia aurea",,"",,,,,"GBIF fetch failed after retries","no","LC",""
"3075397","Lacistema aggregatum",,"",,,,,"GBIF fetch failed after retries","no","LC",""
"2925313","Lantana involucrata",,"",,,,,"GBIF fetch failed after retries","no","LC",""
"2867612","Lemna valdiviana",,"",,,,,"GBIF fetch failed after retries","no","LC",""
"2984583","Maclura tinctoria",3032,"",,,,,"getDynamicAlphaHull failed: Error in (function (msg)  : 
  IllegalArgumentException: Invalid number of points in LinearRing found 2 - must be 0 or >= 4
","no","LC",""
"2969284","Mimosa pudica",4833,"",,,,,"getDynamicAlphaHull failed: Error in (function (msg)  : 
  IllegalArgumentException: Invalid number of points in LinearRing found 2 - must be 0 or >= 4
","no","LC",""
"5357190","Myroxylon balsamum",789,"",,,,,"getDynamicAlphaHull failed: Error in (function (msg)  : 
  IllegalArgumentException: Invalid number of points in LinearRing found 2 - must be 0 or >= 4
","no","LC",""
"2705068","Panicum trichoides",3586,"",,,,,"getDynamicAlphaHull failed: Error in (function (msg)  : 
  IllegalArgumentException: Invalid number of points in LinearRing found 2 - must be 0 or >= 4
","no","LC",""
"2705541","Paspalum setaceum",4140,"",,,,,"getDynamicAlphaHull failed: Error in (function (msg)  : 
  IllegalArgumentException: Invalid number of points in LinearRing found 2 - must be 0 or >= 4
","no","LC",""
"8100050","Paspalum vaginatum",3709,"",,,,,"getDynamicAlphaHull failed: Error in (function (msg)  : 
  IllegalArgumentException: Invalid number of points in LinearRing found 2 - must be 0 or >= 4
","no","LC",""
"3034046","Persea americana",4753,"",,,,,"getDynamicAlphaHull failed: Error in (function (msg)  : 
  IllegalArgumentException: Invalid number of points in LinearRing found 2 - must be 0 or >= 4
","no","LC",""
"5341792","Physalis angulata",4775,"",,,,,"getDynamicAlphaHull failed: Error in (function (msg)  : 
  IllegalArgumentException: Invalid number of points in LinearRing found 2 - must be 0 or >= 4
","no","LC",""
"3169677","Plumeria obtusa",1359,"",,,,,"getDynamicAlphaHull failed: Error in (function (msg)  : 
  IllegalArgumentException: Invalid number of points in LinearRing found 2 - must be 0 or >= 4
","no","LC",""
"5350585","Rhynchosia minima",4462,"",,,,,"getDynamicAlphaHull failed: Error in (function (msg)  : 
  IllegalArgumentException: Invalid number of points in LinearRing found 2 - must be 0 or >= 4
","no","LC",""
"2864004","Ruppia maritima",3790,"",,,,,"getDynamicAlphaHull failed: Error in (function (msg)  : 
  IllegalArgumentException: Invalid number of points in LinearRing found 2 - must be 0 or >= 4
","no","LC",""
"8017915","Sapindus saponaria",3897,"",,,,,"getDynamicAlphaHull failed: Error in (function (msg)  : 
  IllegalArgumentException: Invalid number of points in LinearRing found 2 - must be 0 or >= 4
","no","LC",""
"5407597","Scaevola plumieri",2810,"",,,,,"getDynamicAlphaHull failed: Error in (function (msg)  : 
  IllegalArgumentException: Invalid number of points in LinearRing found 2 - must be 0 or >= 4
","no","LC",""
"8303121","Schizachyrium brevifolium",1976,"",,,,,"getDynamicAlphaHull failed: Error in UseMethod(""as_s2_geography"") : 
  no applicable method for 'as_s2_geography' applied to an object of class ""try-error""
","no","LC",""
"2712325","Scleria distans",,"",,,,,"GBIF fetch failed after retries","no","LC",""
"2712340","Scleria hirtella",,"",,,,,"GBIF fetch failed after retries","no","LC",""
"2712476","Scleria interrupta",,"",,,,,"GBIF fetch failed after retries","no","LC",""
"2712313","Scleria latifolia",,"",,,,,"GBIF fetch failed after retries","no","LC",""
"2712277","Scleria microcarpa",,"",,,,,"GBIF fetch failed after retries","no","LC",""
"2712617","Scleria mitis",,"",,,,,"GBIF fetch failed after retries","no","LC",""
"2712381","Scleria tenella",,"",,,,,"GBIF fetch failed after retries","no","LC",""
"2886942","Sideroxylon floribundum",,"",,,,,"GBIF fetch failed after retries","no","NT",""
"2886818","Sideroxylon salicifolium",,"",,,,,"GBIF fetch failed after retries","no","LC",""
"2887037","Sideroxylon stevensonii",,"",,,,,"GBIF fetch failed after retries","no","VU",""
"7720664","Simarouba amara",,"",,,,,"GBIF fetch failed after retries","no","LC",""
"5651127","Sloanea laurifolia",,"",,,,,"GBIF fetch failed after retries","no","LC",""
"7467979","Sloanea sinemariensis",,"",,,,,"GBIF fetch failed after retries","no","LC",""
"2929121","Solanum aturense",,"",,,,,"GBIF fetch failed after retries","no","LC",""
"2958970","Sophora tomentosa",4311,"",,,,,"getDynamicAlphaHull failed: Error in (function (msg)  : 
  IllegalArgumentException: Invalid number of points in LinearRing found 2 - must be 0 or >= 4
","no","LC",""
"3172574","Spathodea campanulata",4562,"",,,,,"getDynamicAlphaHull failed: Error in (function (msg)  : 
  IllegalArgumentException: Invalid number of points in LinearRing found 2 - must be 0 or >= 4
","no","LC",""
"8185571","Spondias mombin",1119,"",,,,,"getDynamicAlphaHull failed: Error in (function (msg)  : 
  IllegalArgumentException: Invalid number of points in LinearRing found 2 - must be 0 or >= 4
","no","LC",""
"2704757","Sporobolus indicus",4772,"",,,,,"getDynamicAlphaHull failed: Error in (function (msg)  : 
  IllegalArgumentException: Invalid number of points in LinearRing found 2 - must be 0 or >= 4
","no","LC",""
"2704745","Sporobolus virginicus",4300,"",,,,,"getDynamicAlphaHull failed: Error in (function (msg)  : 
  IllegalArgumentException: Invalid number of points in LinearRing found 2 - must be 0 or >= 4
","no","LC",""
"3169631","Tabernaemontana amygdalifolia",1534,"",,,,,"getDynamicAlphaHull failed: Error in (function (msg)  : 
  IllegalArgumentException: Invalid number of points in LinearRing found 2 - must be 0 or >= 4
","no","LC",""
"2925649","Tectona grandis",2768,"",,,,,"getDynamicAlphaHull failed: Error in (function (msg)  : 
  IllegalArgumentException: Invalid number of points in LinearRing found 2 - must be 0 or >= 4
","no","EN",""
"3152795","Thespesia populnea",4217,"",,,,,"getDynamicAlphaHull failed: Error in (function (msg)  : 
  IllegalArgumentException: Invalid number of points in LinearRing found 2 - must be 0 or >= 4
","no","LC",""
"7714203","Tournefortia gnaphalodes",2583,"",,,,,"getDynamicAlphaHull failed: Error in (function (msg)  : 
  IllegalArgumentException: Invalid number of points in LinearRing found 2 - must be 0 or >= 4
","no","LC",""
"2874852","Turnera ulmifolia",4890,"",,,,,"getDynamicAlphaHull failed: Error in (function (msg)  : 
  IllegalArgumentException: Invalid number of points in LinearRing found 2 - must be 0 or >= 4
","no","LC",""
"3172407","Utricularia gibba",4311,"",,,,,"getDynamicAlphaHull failed: Error in (function (msg)  : 
  IllegalArgumentException: Invalid number of points in LinearRing found 2 - must be 0 or >= 4
","no","LC",""
"2871376","Spirodela punctata",2459,,,,,,"getDynamicAlphaHull failed: Error in (function (msg)  : 
  IllegalArgumentException: Invalid number of points in LinearRing found 2 - must be 0 or >= 4
","no","LC",
"2962021","Canavalia rosea",4691,,,,,,"getDynamicAlphaHull failed: Error in (function (msg)  : 
  IllegalArgumentException: Invalid number of points in LinearRing found 2 - must be 0 or >= 4
","no","LC",
"2730590","Cyperus unioloides",555,,,,,,"getDynamicAlphaHull failed: Error in (function (msg)  : 
  IllegalArgumentException: Invalid number of points in LinearRing found 2 - must be 0 or >= 4
","no","LC",
"3190484","Swietenia macrophylla",2666,,,,,,"getDynamicAlphaHull failed: Error in (function (msg)  : 
  IllegalArgumentException: Invalid number of points in LinearRing found 2 - must be 0 or >= 4
","no","EN",
"3188585","Miconia calvescens",4694,,,,,,"getDynamicAlphaHull failed: Error in (function (msg)  : 
  IllegalArgumentException: Invalid number of points in LinearRing found 2 - must be 0 or >= 4
","no","LC",
"2715729","Cyperus iria",4139,,,,,,"getDynamicAlphaHull failed: Error in (function (msg)  : 
  IllegalArgumentException: Invalid number of points in LinearRing found 2 - must be 0 or >= 4
","no","LC",
"2981071","Acaciella angustissima",4100,,,,,,"getDynamicAlphaHull failed: Error in (function (msg)  : 
  IllegalArgumentException: Invalid number of points in LinearRing found 2 - must be 0 or >= 4
","no","LC",
"11171156","Miconia trichocalyx",782,,,,,,"getDynamicAlphaHull failed: Error in UseMethod(""as_s2_geography"") : 
  no applicable method for 'as_s2_geography' applied to an object of class ""try-error""
","no","LC",
"2957966","Senna occidentalis",4766,,,,,,"getDynamicAlphaHull failed: Error in UseMethod(""as_s2_geography"") : 
  no applicable method for 'as_s2_geography' applied to an object of class ""try-error""
","no","LC",
"2931461","Solanum erianthum",4360,,,,,,"getDynamicAlphaHull failed: Error in (function (msg)  : 
  IllegalArgumentException: Invalid number of points in LinearRing found 2 - must be 0 or >= 4
","no","LC",
"3795572","Vachellia cornigera",1792,,,,,,"getDynamicAlphaHull failed: Error in (function (msg)  : 
  IllegalArgumentException: Invalid number of points in LinearRing found 2 - must be 0 or >= 4
","no","LC",
"6686326","Melochia pyramidata",4359,,,,,,"getDynamicAlphaHull failed: Error in (function (msg)  : 
  IllegalArgumentException: Invalid number of points in LinearRing found 2 - must be 0 or >= 4
","no","LC",
"3069168","Euphorbia tithymaloides",1892,,,,,,"getDynamicAlphaHull failed: Error in (function (msg)  : 
  IllegalArgumentException: Invalid number of points in LinearRing found 2 - must be 0 or >= 4
","no","LC",
"5372914","Salix humboldtiana",2693,,,,,,"getDynamicAlphaHull failed: Error in (function (msg)  : 
  IllegalArgumentException: Invalid number of points in LinearRing found 2 - must be 0 or >= 4
","no","LC",
"2874863","Bixa orellana",4618,,,,,,"getDynamicAlphaHull failed: Error in (function (msg)  : 
  IllegalArgumentException: Invalid number of points in LinearRing found 2 - must be 0 or >= 4
","no","LC",
"2702901","Leersia hexandra",3909,,,,,,"getDynamicAlphaHull failed: Error in (function (msg)  : 
  IllegalArgumentException: Invalid number of points in LinearRing found 2 - must be 0 or >= 4
","no","LC",
"2950750","Hymenaea courbaril",4200,,,,,,"getDynamicAlphaHull failed: Error in (function (msg)  : 
  IllegalArgumentException: Invalid number of points in LinearRing found 2 - must be 0 or >= 4
","no","LC",
"3084036","Rhipsalis baccifera",3562,,,,,,"getDynamicAlphaHull failed: Error in (function (msg)  : 
  IllegalArgumentException: Invalid number of points in LinearRing found 2 - must be 0 or >= 4
","no","LC",
"6311944","Scleria gaertneri",2213,,,,,,"getDynamicAlphaHull failed: Error in (function (msg)  : 
  IllegalArgumentException: Invalid number of points in LinearRing found 2 - must be 0 or >= 4
","no","LC",
"2897385","Rogiera stenosiphon",251,,,,,,"getDynamicAlphaHull failed: Error in wk_handle.wk_wkb(wkb, s2_geography_writer(oriented = oriented,  : 
  Loop 0 is not valid: Edge 6 crosses edge 8
","no","LC",
"5421069","Calophyllum brasiliense",2702,,,,,,"getDynamicAlphaHull failed: Error in (function (msg)  : 
  IllegalArgumentException: Invalid number of points in LinearRing found 2 - must be 0 or >= 4
","no","LC",
"5407571","Annona mucosa",1716,,,,,,"getDynamicAlphaHull failed: Error in (function (msg)  : 
  IllegalArgumentException: Invalid number of points in LinearRing found 2 - must be 0 or >= 4
","no","LC",
"3086333","Piper amalago",3072,,,,,,"getDynamicAlphaHull failed: Error in (function (msg)  : 
  IllegalArgumentException: Invalid number of points in LinearRing found 2 - must be 0 or >= 4
","no","LC",
"2885158","Manilkara zapota",1469,,,,,,"getDynamicAlphaHull failed: Error in (function (msg)  : 
  IllegalArgumentException: Invalid number of points in LinearRing found 2 - must be 0 or >= 4
","no","LC",
"2708280","Fimbristylis autumnalis",3841,,,,,,"getDynamicAlphaHull failed: Error in (function (msg)  : 
  IllegalArgumentException: Invalid number of points in LinearRing found 2 - must be 0 or >= 4
","no","LC",
"2709108","Fimbristylis cymosa",3914,,,,,,"getDynamicAlphaHull failed: Error in (function (msg)  : 
  IllegalArgumentException: Invalid number of points in LinearRing found 2 - must be 0 or >= 4
","no","LC",
"3152666","Gossypium barbadense",1854,,,,,,"getDynamicAlphaHull failed: Error in (function (msg)  : 
  IllegalArgumentException: Invalid number of points in LinearRing found 2 - must be 0 or >= 4
","no","LC",
"3867434","Miconia dodecandra",2227,,,,,,"getDynamicAlphaHull failed: Error in (function (msg)  : 
  IllegalArgumentException: Invalid number of points in LinearRing found 2 - must be 0 or >= 4
","no","LC",
"2985082","Chrysobalanus icaco",4827,,,,,,"getDynamicAlphaHull failed: Error in (function (msg)  : 
  IllegalArgumentException: Invalid number of points in LinearRing found 2 - must be 0 or >= 4
","no","LC",
"2918667","Spermacoce remota",4727,,,,,,"getDynamicAlphaHull failed: Error in (function (msg)  : 
  IllegalArgumentException: Invalid number of points in LinearRing found 2 - must be 0 or >= 4
","no","LC",
"3169782","Rauvolfia tetraphylla",3849,,,,,,"getDynamicAlphaHull failed: Error in (function (msg)  : 
  IllegalArgumentException: Invalid number of points in LinearRing found 2 - must be 0 or >= 4
","no","LC",
"3152036","Muntingia calabura",4078,,,,,,"getDynamicAlphaHull failed: Error in (function (msg)  : 
  IllegalArgumentException: Invalid number of points in LinearRing found 2 - must be 0 or >= 4
","no","LC",
"2709087","Fimbristylis littoralis",3984,,,,,,"getDynamicAlphaHull failed: Error in (function (msg)  : 
  IllegalArgumentException: Invalid number of points in LinearRing found 2 - must be 0 or >= 4
","no","LC",
"5420987","Ludwigia octovalvis",4562,,,,,,"getDynamicAlphaHull failed: Error in (function (msg)  : 
  IllegalArgumentException: Invalid number of points in LinearRing found 2 - must be 0 or >= 4
","no","LC",
"3169674","Plumeria rubra",3678,,,,,,"getDynamicAlphaHull failed: Error in (function (msg)  : 
  IllegalArgumentException: Invalid number of points in LinearRing found 2 - must be 0 or >= 4
","no","LC",
"3084883","Sesuvium portulacastrum",4929,,,,,,"getDynamicAlphaHull failed: Error in (function (msg)  : 
  IllegalArgumentException: Invalid number of points in LinearRing found 2 - must be 0 or >= 4
","no","LC",
"5349581","Erythrina variegata",1645,,,,,,"getDynamicAlphaHull failed: Error in (function (msg)  : 
  IllegalArgumentException: Invalid number of points in LinearRing found 2 - must be 0 or >= 4
","no","LC",
"5289679","Setaria parviflora",4782,,,,,,"getDynamicAlphaHull failed: Error in (function (msg)  : 
  IllegalArgumentException: Invalid number of points in LinearRing found 2 - must be 0 or >= 4
","no","LC",
"5303044","Thalia geniculata",4365,,,,,,"getDynamicAlphaHull failed: Error in (function (msg)  : 
  IllegalArgumentException: Invalid number of points in LinearRing found 2 - must be 0 or >= 4
","no","LC",
"2962831","Pithecellobium dulce",4269,,,,,,"getDynamicAlphaHull failed: Error in UseMethod(""as_s2_geography"") : 
  no applicable method for 'as_s2_geography' applied to an object of class ""try-error""
","no","LC",
"3169652","Cascabela thevetia",3385,,,,,,"getDynamicAlphaHull failed: Error in (function (msg)  : 
  IllegalArgumentException: Invalid number of points in LinearRing found 2 - must be 0 or >= 4
","no","LC",
"2721536","Rhynchospora rugosa",1568,,,,,,"getDynamicAlphaHull failed: Error in (function (msg)  : 
  IllegalArgumentException: Invalid number of points in LinearRing found 2 - must be 0 or >= 4
","no","LC",
"2718992","Fuirena umbellata",3377,,,,,,"getDynamicAlphaHull failed: Error in (function (msg)  : 
  IllegalArgumentException: Invalid number of points in LinearRing found 2 - must be 0 or >= 4
","no","LC",
"2973215","Albizia lebbeck",2873,,,,,,"getDynamicAlphaHull failed: Error in UseMethod(""as_s2_geography"") : 
  no applicable method for 'as_s2_geography' applied to an object of class ""try-error""
","no","LC",
"5420380","Psidium guajava",2654,,,,,,"getDynamicAlphaHull failed: Error in (function (msg)  : 
  IllegalArgumentException: Invalid number of points in LinearRing found 2 - must be 0 or >= 4
","no","LC",
