"scientific_name","national_2020","national_2025","tree_global_iucn","common_name","gbif_lookup_name","dropped_after_2020","known_endemic","notes","gbif_id","kingdom","phylum","class","order","family","genus","species","unresolved"
"Accipiter bicolor","VU","VU",NA,"Bicolored Hawk","Accipiter bicolor",FALSE,FALSE,NA,"2480599","Animalia","Chordata","Aves","Accipitriformes","Accipitridae","Accipiter","Accipiter bicolor",FALSE
"Agalychnis moreletii",NA,"VU",NA,"Morelet's Treefrog","Agalychnis moreletii",FALSE,FALSE,NA,"2428196","Animalia","Chordata","Amphibia","Anura","Phyllomedusidae","Agalychnis","Agalychnis moreletii",FALSE
"Agamia agami","VU","VU",NA,"Agami Heron","Agamia agami",FALSE,FALSE,NA,"2480836","Animalia","Chordata","Aves","Pelecaniformes","Ardeidae","Agamia","Agamia agami",FALSE
"Agkistrodon bilineatus",NA,"EN",NA,"Cantil","Agkistrodon bilineatus",FALSE,FALSE,NA,"2444632","Animalia","Chordata","Squamata",NA,"Viperidae","Agkistrodon","Agkistrodon bilineatus",FALSE
"Aiouea areolata",NA,NA,"VU",NA,"Aiouea areolata",FALSE,FALSE,NA,"9706650","Plantae","Tracheophyta","Magnoliopsida","Laurales","Lauraceae","Aiouea","Aiouea areolata",FALSE
"Alouatta pigra",NA,"VU",NA,"Yucatan Black Howler Monkey","Alouatta pigra",FALSE,FALSE,NA,"2436653","Animalia","Chordata","Mammalia","Primates","Atelidae","Alouatta","Alouatta pigra",FALSE
"Amazona albifrons","NT/LC","Watch List (NT/LC/DD)",NA,"White-fronted Parrot","Amazona albifrons",FALSE,FALSE,NA,"2479618","Animalia","Chordata","Aves","Psittaciformes","Psittacidae","Amazona","Amazona albifrons",FALSE
"Amazona autumnalis","VU","VU",NA,"Red-lored Parrot","Amazona autumnalis",FALSE,FALSE,NA,"2479623","Animalia","Chordata","Aves","Psittaciformes","Psittacidae","Amazona","Amazona autumnalis",FALSE
"Amazona farinosa","EN","EN",NA,"Mealy Parrot","Amazona farinosa",FALSE,FALSE,NA,"2479606","Animalia","Chordata","Aves","Psittaciformes","Psittacidae","Amazona","Amazona farinosa",FALSE
"Amazona oratrix","CR","CR",NA,"Yellow-headed Parrot","Amazona oratrix",FALSE,FALSE,NA,"2479646","Animalia","Chordata","Aves","Psittaciformes","Psittacidae","Amazona","Amazona oratrix",FALSE
"Amazona xantholora","EN","EN",NA,"Yellow-lored Parrot","Amazona xantholora",FALSE,FALSE,NA,"2479622","Animalia","Chordata","Aves","Psittaciformes","Psittacidae","Amazona","Amazona xantholora",FALSE
"Ammodramus savannarum","VU","VU",NA,"Grasshopper Sparrow","Ammodramus savannarum",FALSE,FALSE,NA,"2491123","Animalia","Chordata","Aves","Passeriformes","Passerellidae","Ammodramus","Ammodramus savannarum",FALSE
"Amphitecna lundellii",NA,NA,"EN",NA,"Amphitecna lundellii",FALSE,FALSE,NA,"4094001","Plantae","Tracheophyta","Magnoliopsida","Lamiales","Bignoniaceae","Amphitecna","Amphitecna lundellii",FALSE
"Anous stolidus","CR","VU",NA,"Brown Noddy","Anous stolidus",FALSE,FALSE,NA,"9512459","Animalia","Chordata","Aves","Charadriiformes","Laridae","Anous","Anous stolidus",FALSE
"Ara macao","CR","CR",NA,"Scarlet Macaw","Ara macao",FALSE,FALSE,NA,"5959227","Animalia","Chordata","Aves","Psittaciformes","Psittacidae","Ara","Ara macao",FALSE
"Ardea alba","NT/LC","Watch List (NT/LC/DD)",NA,"Great Egret","Ardea alba",FALSE,FALSE,NA,"9752617","Animalia","Chordata","Aves","Pelecaniformes","Ardeidae","Ardea","Ardea alba",FALSE
"Asio stygius","VU","VU",NA,"Stygian Owl","Asio stygius",FALSE,FALSE,NA,"2497311","Animalia","Chordata","Aves","Strigiformes","Strigidae","Asio","Asio stygius",FALSE
"Ateles geoffroyi",NA,"EN",NA,"Central American Spider Monkey","Ateles geoffroyi",FALSE,FALSE,NA,"2436643","Animalia","Chordata","Mammalia","Primates","Atelidae","Ateles","Ateles geoffroyi",FALSE
"Balantiopteryx io",NA,"VU",NA,"Thomas's Sac-winged Bat","Balantiopteryx io",FALSE,FALSE,NA,"2433133","Animalia","Chordata","Mammalia","Chiroptera","Emballonuridae","Balantiopteryx","Balantiopteryx io",FALSE
"Bartholomaea sessiliflora",NA,NA,"EN",NA,"Bartholomaea sessiliflora",FALSE,FALSE,NA,"3879259","Plantae","Tracheophyta","Magnoliopsida","Malpighiales","Salicaceae","Bartholomaea","Bartholomaea sessiliflora",FALSE
"Bauhinia dipetala",NA,NA,"VU",NA,"Bauhinia dipetala",FALSE,FALSE,NA,"2953586","Plantae","Tracheophyta","Magnoliopsida","Fabales","Fabaceae","Bauhinia","Bauhinia dipetala",FALSE
"Blakea calycularis",NA,NA,"VU",NA,"Blakea calycularis",FALSE,FALSE,NA,"7798674","Plantae","Tracheophyta","Magnoliopsida","Myrtales","Melastomataceae","Blakea","Blakea calycularis",FALSE
"Bolitoglossa dofleini",NA,"VU",NA,"Alta Verapaz Salamander","Bolitoglossa dofleini",FALSE,FALSE,NA,"2431323","Animalia","Chordata","Amphibia","Caudata","Plethodontidae","Bolitoglossa","Bolitoglossa dofleini",FALSE
"Bolitoglossa yucatana",NA,"VU",NA,"Yucatan Mushroomtongue Salamander","Bolitoglossa yucatana",FALSE,FALSE,NA,"2431297","Animalia","Chordata","Amphibia","Caudata","Plethodontidae","Bolitoglossa","Bolitoglossa yucatana",FALSE
"Bothriechis schlegelii",NA,"Watch List (NT/LC/DD)",NA,"Eyelash Viper","Bothriechis schlegelii",FALSE,FALSE,NA,"2444681","Animalia","Chordata","Squamata",NA,"Viperidae","Bothriechis","Bothriechis schlegelii",FALSE
"Bravaisia grandiflora",NA,NA,"EN",NA,"Bravaisia grandiflora",FALSE,FALSE,NA,"3778585","Plantae","Tracheophyta","Magnoliopsida","Lamiales","Acanthaceae","Bravaisia","Bravaisia grandiflora",FALSE
"Bromeliohyla bromeliacia",NA,"EN",NA,"Bromeliad Treefrog","Bromeliohyla bromeliacia",FALSE,FALSE,NA,"2428203","Animalia","Chordata","Amphibia","Anura","Hylidae","Bromeliohyla","Bromeliohyla bromeliacia",FALSE
"Bubo virginianus","CR","CR",NA,"Great Horned Owl","Bubo virginianus",FALSE,FALSE,NA,"5959118","Animalia","Chordata","Aves","Strigiformes","Strigidae","Bubo","Bubo virginianus",FALSE
"Busarellus nigricollis","VU","VU",NA,"Black-collared Hawk","Busarellus nigricollis",FALSE,FALSE,NA,"2480692","Animalia","Chordata","Aves","Accipitriformes","Accipitridae","Busarellus","Busarellus nigricollis",FALSE
"Buteo jamaicensis","EN","EN",NA,"Red-tailed Hawk","Buteo jamaicensis",FALSE,FALSE,NA,"2480542","Animalia","Chordata","Aves","Accipitriformes","Accipitridae","Buteo","Buteo jamaicensis",FALSE
"Buteogallus anthracinus","VU","VU",NA,"Common Black Hawk","Buteogallus anthracinus",FALSE,FALSE,NA,"2480651","Animalia","Chordata","Aves","Accipitriformes","Accipitridae","Buteogallus","Buteogallus anthracinus",FALSE
"Buteogallus solitarius","CR","CR",NA,"Solitary Eagle","Buteogallus solitarius",FALSE,FALSE,NA,"2480374","Animalia","Chordata","Aves","Accipitriformes","Accipitridae","Harpyhaliaetus","Harpyhaliaetus solitarius",FALSE
"Cairina moschata","EN","CR",NA,"Muscovy Duck","Cairina moschata",FALSE,FALSE,NA,"9751099","Animalia","Chordata","Aves","Anseriformes","Anatidae","Cairina","Cairina moschata",FALSE
"Capparidastrum quiriguense",NA,NA,"NT",NA,"Capparidastrum quiriguense",FALSE,FALSE,NA,"7804464","Plantae","Tracheophyta","Magnoliopsida","Brassicales","Capparaceae","Capparidastrum","Capparidastrum quiriguense",FALSE
"Cedrela odorata",NA,NA,"VU",NA,"Cedrela odorata",FALSE,FALSE,NA,"3190511","Plantae","Tracheophyta","Magnoliopsida","Sapindales","Meliaceae","Cedrela","Cedrela odorata",FALSE
"Charadrius collaris","CR","EN",NA,"Collared Plover","Charadrius collaris",FALSE,FALSE,NA,"2480296","Animalia","Chordata","Aves","Charadriiformes","Charadriidae","Charadrius","Charadrius collaris",FALSE
"Charadrius wilsonia","VU","VU",NA,"Wilson's Plover","Charadrius wilsonia",FALSE,FALSE,NA,"2480302","Animalia","Chordata","Aves","Charadriiformes","Charadriidae","Charadrius","Charadrius wilsonia",FALSE
"Chelydra rossignonii",NA,"EN",NA,"Central American Snapping Turtle","Chelydra rossignonii",FALSE,FALSE,NA,"2441911","Animalia","Chordata","Testudines",NA,"Chelydridae","Chelydra","Chelydra rossignonii",FALSE
"Chiangiodendron mexicanum",NA,NA,"EN",NA,"Chiangiodendron mexicanum",FALSE,FALSE,NA,"3878304","Plantae","Tracheophyta","Magnoliopsida","Malpighiales","Achariaceae","Chiangiodendron","Chiangiodendron mexicanum",FALSE
"Chondrohierax uncinatus","VU","VU",NA,"Hook-billed Kite","Chondrohierax uncinatus",FALSE,FALSE,NA,"2480571","Animalia","Chordata","Aves","Accipitriformes","Accipitridae","Chondrohierax","Chondrohierax uncinatus",FALSE
"Cinnamomum bladenense",NA,NA,"EN",NA,"Cinnamomum bladenense",FALSE,FALSE,NA,"9656991","Plantae","Tracheophyta","Magnoliopsida","Laurales","Lauraceae","Aiouea","Aiouea bladenensia",FALSE
"Cistothorus platensis","VU","VU",NA,"Sedge Wren","Cistothorus platensis",FALSE,FALSE,NA,"2493890","Animalia","Chordata","Aves","Passeriformes","Troglodytidae","Cistothorus","Cistothorus platensis",FALSE
"Claudius angustatus",NA,"Watch List (NT/LC/DD)",NA,NA,"Claudius angustatus",FALSE,FALSE,NA,"5220399","Animalia","Chordata","Testudines",NA,"Kinosternidae","Claudius","Claudius angustatus",FALSE
"Cochlearius cochlearius","NT/LC","Watch List (NT/LC/DD)",NA,"Boat-billed Heron","Cochlearius cochlearius",FALSE,FALSE,NA,"2480833","Animalia","Chordata","Aves","Pelecaniformes","Ardeidae","Cochlearius","Cochlearius cochlearius",FALSE
"Colinus nigrogularis","VU","VU",NA,"Black-throated Bobwhite","Colinus nigrogularis",FALSE,FALSE,NA,"5228086","Animalia","Chordata","Aves","Galliformes","Odontophoridae","Colinus","Colinus nigrogularis",FALSE
"Contopus pertinax","CR","CR",NA,"Greater Pewee","Contopus pertinax",FALSE,FALSE,NA,"5229730","Animalia","Chordata","Aves","Passeriformes","Tyrannidae","Contopus","Contopus pertinax",FALSE
"Cosmocalyx spectabilis",NA,NA,"VU",NA,"Cosmocalyx spectabilis",FALSE,FALSE,NA,"2900980","Plantae","Tracheophyta","Magnoliopsida","Gentianales","Rubiaceae","Cosmocalyx","Cosmocalyx spectabilis",FALSE
"Cotinga amabilis","VU","VU",NA,"Lovely Cotinga","Cotinga amabilis",FALSE,FALSE,NA,"5230386","Animalia","Chordata","Aves","Passeriformes","Cotingidae","Cotinga","Cotinga amabilis",FALSE
"Coussapoa oligocephala",NA,NA,"VU",NA,"Coussapoa oligocephala",FALSE,FALSE,NA,"4013259","Plantae","Tracheophyta","Magnoliopsida","Rosales","Urticaceae","Coussapoa","Coussapoa oligocephala",FALSE
"Coussarea imitans",NA,NA,"EN",NA,"Coussarea imitans",FALSE,FALSE,NA,"2904787","Plantae","Tracheophyta","Magnoliopsida","Gentianales","Rubiaceae","Coussarea","Coussarea imitans",FALSE
"Craugastor alfredi",NA,"VU",NA,"Alfred's Rainfrog","Craugastor alfredi",FALSE,FALSE,NA,"2430635","Animalia","Chordata","Amphibia","Anura","Craugastoridae","Craugastor","Craugastor alfredi",FALSE
"Craugastor coffeus",NA,"EN",NA,"Coffee Rain Frog","Craugastor coffeus",FALSE,FALSE,NA,"2430683","Animalia","Chordata","Amphibia","Anura","Craugastoridae","Craugastor","Craugastor coffeus",FALSE
"Craugastor laticeps",NA,"VU",NA,"Broad-headed Cave Frog","Craugastor laticeps",FALSE,FALSE,NA,"2430588","Animalia","Chordata","Amphibia","Anura","Craugastoridae","Craugastor","Craugastor laticeps",FALSE
"Craugastor psephosypharus",NA,"VU",NA,"Limestone Rainfrog","Craugastor psephosypharus",FALSE,FALSE,NA,"2430817","Animalia","Chordata","Amphibia","Anura","Craugastoridae","Craugastor","Craugastor psephosypharus",FALSE
"Craugastor sabrinus",NA,"VU",NA,"Long-legged Streamfrog","Craugastor sabrinus",FALSE,FALSE,NA,"2430795","Animalia","Chordata","Amphibia","Anura","Craugastoridae","Craugastor","Craugastor sabrinus",FALSE
"Craugastor sandersoni",NA,"EN",NA,"Sanderson's Streamfrog","Craugastor sandersoni",FALSE,FALSE,NA,"2430713","Animalia","Chordata","Amphibia","Anura","Craugastoridae","Craugastor","Craugastor sandersoni",FALSE
"Crax rubra","EN","EN",NA,"Great Curassow","Crax rubra",FALSE,FALSE,NA,"2482168","Animalia","Chordata","Aves","Galliformes","Cracidae","Crax","Crax rubra",FALSE
"Crocodylus acutus",NA,"CR",NA,"American Crocodile","Crocodylus acutus",FALSE,FALSE,NA,"2441329","Animalia","Chordata","Crocodylia",NA,"Crocodylidae","Crocodylus","Crocodylus acutus",FALSE
"Crocodylus moreletii",NA,"VU",NA,"Morelet's Crocodile","Crocodylus moreletii",FALSE,FALSE,NA,"2441352","Animalia","Chordata","Crocodylia",NA,"Crocodylidae","Crocodylus","Crocodylus moreletii",FALSE
"Crotalus simus",NA,"EN",NA,"Middle American Rattlesnake","Crotalus simus",FALSE,FALSE,NA,"8421777","Animalia","Chordata","Squamata",NA,"Viperidae","Crotalus","Crotalus simus",FALSE
"Crotalus tzabcan",NA,"VU",NA,"Yucatan Neotropical Rattlesnake","Crotalus tzabcan",FALSE,FALSE,NA,"7512318","Animalia","Chordata","Squamata",NA,"Viperidae","Crotalus","Crotalus tzabcan",FALSE
"Cuniculus paca",NA,"Watch List (NT/LC/DD)",NA,"Paca","Cuniculus paca",FALSE,FALSE,NA,"4263039","Animalia","Chordata","Mammalia","Rodentia","Cuniculidae","Cuniculus","Cuniculus paca",FALSE
"Cupania spectabilis",NA,NA,"EN",NA,"Cupania spectabilis",FALSE,FALSE,NA,"3784516","Plantae","Tracheophyta","Magnoliopsida","Sapindales","Sapindaceae","Cupania","Cupania spectabilis",FALSE
"Dactylortyx thoracicus","VU","VU",NA,"Singing Quail","Dactylortyx thoracicus",FALSE,FALSE,NA,"2474238","Animalia","Chordata","Aves","Galliformes","Odontophoridae","Dactylortyx","Dactylortyx thoracicus",FALSE
"Dalbergia stevensonii",NA,NA,"CR","Honduran rosewood","Dalbergia stevensonii",FALSE,FALSE,NA,"2968917","Plantae","Tracheophyta","Magnoliopsida","Fabales","Fabaceae","Dalbergia","Dalbergia stevensonii",FALSE
"Dasypus novemcinctus",NA,"Watch List (NT/LC/DD)",NA,"Nine-banded Armadillo","Dasypus novemcinctus",FALSE,FALSE,NA,"2440779","Animalia","Chordata","Mammalia","Cingulata","Dasypodidae","Dasypus","Dasypus novemcinctus",FALSE
"Dendrocygna bicolor","NT/LC","Watch List (NT/LC/DD)",NA,"Fulvous Whistling-Duck","Dendrocygna bicolor",FALSE,FALSE,NA,"2498402","Animalia","Chordata","Aves","Anseriformes","Anatidae","Dendrocygna","Dendrocygna bicolor",FALSE
"Desmopsis erythrocarpa",NA,NA,"NT",NA,"Desmopsis erythrocarpa",FALSE,FALSE,NA,"3158123","Plantae","Tracheophyta","Magnoliopsida","Magnoliales","Annonaceae","Desmopsis","Desmopsis erythrocarpa",FALSE
"Ecnomiohyla minera",NA,"EN",NA,"Guatemalan Treefrog","Ecnomiohyla minera",FALSE,FALSE,NA,"2428651","Animalia","Chordata","Amphibia","Anura","Hylidae","Ecnomiohyla","Ecnomiohyla minera",FALSE
"Egretta rufescens","CR","CR",NA,"Reddish Egret","Egretta rufescens",FALSE,FALSE,NA,"2480888","Animalia","Chordata","Aves","Pelecaniformes","Ardeidae","Egretta","Egretta rufescens",FALSE
"Egretta tricolor","NT/LC","Watch List (NT/LC/DD)",NA,"Tricolored Heron","Egretta tricolor",FALSE,FALSE,NA,"2480881","Animalia","Chordata","Aves","Pelecaniformes","Ardeidae","Egretta","Egretta tricolor",FALSE
"Elanoides forficatus","VU","VU",NA,"Swallow-tailed Kite","Elanoides forficatus",FALSE,FALSE,NA,"2480461","Animalia","Chordata","Aves","Accipitriformes","Accipitridae","Elanoides","Elanoides forficatus",FALSE
"Electron carinatum","VU","VU",NA,"Keel-billed Motmot","Electron carinatum",FALSE,FALSE,NA,"2475320","Animalia","Chordata","Aves","Coraciiformes","Momotidae","Electron","Electron carinatum",FALSE
"Eleutherodactylus leprus",NA,"VU",NA,"Leprus Chirping Frog","Eleutherodactylus leprus",FALSE,FALSE,NA,"2424238","Animalia","Chordata","Amphibia","Anura","Eleutherodactylidae","Eleutherodactylus","Eleutherodactylus leprus",FALSE
"Eudocimus albus","NT/LC",NA,NA,"White Ibis","Eudocimus albus",TRUE,FALSE,"In 2020 avian list but absent from 2025 national list - kept in for now; confirm status later.","5229205","Animalia","Chordata","Aves","Pelecaniformes","Threskiornithidae","Eudocimus","Eudocimus albus",FALSE
"Eugenia chahalana",NA,NA,"EN",NA,"Eugenia chahalana",FALSE,FALSE,NA,"5417199","Plantae","Tracheophyta","Magnoliopsida","Myrtales","Myrtaceae","Eugenia","Eugenia chahalana",FALSE
"Eugenia izabalana",NA,NA,"EN",NA,"Eugenia izabalana",FALSE,FALSE,NA,"5416952","Plantae","Tracheophyta","Magnoliopsida","Myrtales","Myrtaceae","Eugenia","Eugenia izabalana",FALSE
"Falco deiroleucus","CR","CR",NA,"Orange-breasted Falcon","Falco deiroleucus",FALSE,FALSE,NA,"2481021","Animalia","Chordata","Aves","Falconiformes","Falconidae","Falco","Falco deiroleucus",FALSE
"Falco femoralis","NT/LC","Watch List (NT/LC/DD)",NA,"Aplomado Falcon","Falco femoralis",FALSE,FALSE,NA,"2481006","Animalia","Chordata","Aves","Falconiformes","Falconidae","Falco","Falco femoralis",FALSE
"Forestiera corollata",NA,NA,"EN",NA,"Forestiera corollata",FALSE,FALSE,NA,"3683454","Plantae","Tracheophyta","Magnoliopsida","Lamiales","Oleaceae","Forestiera","Forestiera corollata",FALSE
"Fregata magnificens","VU","VU",NA,"Magnificent Frigatebird","Fregata magnificens",FALSE,FALSE,NA,"2480189","Animalia","Chordata","Aves","Suliformes","Fregatidae","Fregata","Fregata magnificens",FALSE
"Gaussia maya",NA,NA,"VU",NA,"Gaussia maya",FALSE,FALSE,NA,"5293087","Plantae","Tracheophyta","Liliopsida","Arecales","Arecaceae","Gaussia","Gaussia maya",FALSE
"Guettarda tikalana",NA,NA,"VU",NA,"Guettarda tikalana",FALSE,FALSE,NA,"2894772","Plantae","Tracheophyta","Magnoliopsida","Gentianales","Rubiaceae","Guettarda","Guettarda tikalana",FALSE
"Gymnanthes belizensis",NA,NA,"CR",NA,"Gymnanthes belizensis",FALSE,TRUE,"Flagged as endemic in source report - if GBIF data is too sparse to build a hull, treat as near-100% Belize weight rather than dropping.","3061181","Plantae","Tracheophyta","Magnoliopsida","Malpighiales","Euphorbiaceae","Gymnanthes","Gymnanthes belizensis",FALSE
"Gymnopis syntrema",NA,"VU",NA,"West Forest Caecilian","Gymnopis syntrema",FALSE,FALSE,NA,"2430979","Animalia","Chordata","Amphibia","Gymnophiona","Dermophiidae","Gymnopis","Gymnopis syntrema",FALSE
"Handroanthus chrysanthus",NA,NA,"VU",NA,"Handroanthus chrysanthus",FALSE,FALSE,NA,"6401337","Plantae","Tracheophyta","Magnoliopsida","Lamiales","Bignoniaceae","Handroanthus","Handroanthus chrysanthus",FALSE
"Harpalyce torresii",NA,NA,"EN",NA,"Harpalyce torresii",FALSE,FALSE,"Uncertain ID in source report (Harpalyce rupicola / torresii) - flagged for taxonomic QA.","10670285","Plantae","Tracheophyta","Magnoliopsida","Fabales","Fabaceae","Harpalyce","Harpalyce torresii",FALSE
"Harpia harpyja","CR","CR",NA,"Harpy Eagle","Harpia harpyja",FALSE,FALSE,NA,"2480516","Animalia","Chordata","Aves","Accipitriformes","Accipitridae","Harpia","Harpia harpyja",FALSE
"Heisteria media",NA,NA,"EN",NA,"Heisteria media",FALSE,FALSE,NA,"8342183","Plantae","Tracheophyta","Magnoliopsida","Santalales","Erythropalaceae","Heisteria","Heisteria media",FALSE
"Ilex tectonica",NA,NA,"NT",NA,"Ilex tectonica",FALSE,FALSE,NA,"5533855","Plantae","Tracheophyta","Magnoliopsida","Aquifoliales","Aquifoliaceae","Ilex","Ilex tectonica",FALSE
"Imantodes tenuissimus",NA,"VU",NA,NA,"Imantodes tenuissimus",FALSE,FALSE,NA,"2458674","Animalia","Chordata","Squamata",NA,"Colubridae","Imantodes","Imantodes tenuissimus",FALSE
"Incilius campbelli",NA,"Watch List (NT/LC/DD)",NA,NA,"Incilius campbelli",FALSE,FALSE,NA,"2422442","Animalia","Chordata","Amphibia","Anura","Bufonidae","Incilius","Incilius campbelli",FALSE
"Inga davidsei",NA,NA,"VU",NA,"Inga davidsei",FALSE,FALSE,NA,"5357940","Plantae","Tracheophyta","Magnoliopsida","Fabales","Fabaceae","Inga","Inga davidsei",FALSE
"Jabiru mycteria","VU","VU",NA,"Jabiru","Jabiru mycteria",FALSE,FALSE,NA,"2481953","Animalia","Chordata","Aves","Ciconiiformes","Ciconiidae","Jabiru","Jabiru mycteria",FALSE
"Kinosternon acutum",NA,"Watch List (NT/LC/DD)",NA,"Tabasco Mud Turtle","Kinosternon acutum",FALSE,FALSE,NA,"2442388","Animalia","Chordata","Testudines",NA,"Kinosternidae","Kinosternon","Kinosternon acutum",FALSE
"Kinosternon leucostomum",NA,"Watch List (NT/LC/DD)",NA,NA,"Kinosternon leucostomum",FALSE,FALSE,NA,"2442350","Animalia","Chordata","Testudines",NA,"Kinosternidae","Kinosternon","Kinosternon leucostomum",FALSE
"Kinosternon scorpioides",NA,"Watch List (NT/LC/DD)",NA,NA,"Kinosternon scorpioides",FALSE,FALSE,NA,"2442361","Animalia","Chordata","Testudines",NA,"Kinosternidae","Kinosternon","Kinosternon scorpioides",FALSE
"Laemanctus longipes",NA,"VU",NA,NA,"Laemanctus longipes",FALSE,FALSE,NA,"2448651","Animalia","Chordata","Squamata",NA,"Corytophanidae","Laemanctus","Laemanctus longipes",FALSE
"Laemanctus serratus",NA,"VU",NA,NA,"Laemanctus serratus",FALSE,FALSE,NA,"2448652","Animalia","Chordata","Squamata",NA,"Corytophanidae","Laemanctus","Laemanctus serratus",FALSE
"Lanio aurantius","VU","VU",NA,"Black-throated Shrike-Tanager","Lanio aurantius",FALSE,FALSE,NA,"2488291","Animalia","Chordata","Aves","Passeriformes","Thraupidae","Lanio","Lanio aurantius",FALSE
"Laniocera rufescens","VU","VU",NA,"Speckled Mourner","Laniocera rufescens",FALSE,FALSE,NA,"2486353","Animalia","Chordata","Aves","Passeriformes","Cotingidae","Laniocera","Laniocera rufescens",FALSE
"Leopardus pardalis",NA,"VU",NA,"Ocelot","Leopardus pardalis",FALSE,FALSE,NA,"2434982","Animalia","Chordata","Mammalia","Carnivora","Felidae","Leopardus","Leopardus pardalis",FALSE
"Leopardus wiedii",NA,"VU",NA,"Margay","Leopardus wiedii",FALSE,FALSE,NA,"2434950","Animalia","Chordata","Mammalia","Carnivora","Felidae","Leopardus","Leopardus wiedii",FALSE
"Lepidophyma mayae",NA,"Watch List (NT/LC/DD)",NA,"Mayan Tropical Night Lizard","Lepidophyma mayae",FALSE,FALSE,NA,"2451768","Animalia","Chordata","Squamata",NA,"Xantusiidae","Lepidophyma","Lepidophyma mayae",FALSE
"Leptobalanus sparsipilis",NA,NA,"VU",NA,"Leptobalanus sparsipilis",FALSE,FALSE,NA,"10804288","Plantae","Tracheophyta","Magnoliopsida","Malpighiales","Chrysobalanaceae","Leptobalanus","Leptobalanus sparsipilis",FALSE
"Leptotila jamaicensis","VU","VU",NA,"Caribbean Dove","Leptotila jamaicensis",FALSE,FALSE,NA,"2496098","Animalia","Chordata","Aves","Columbiformes","Columbidae","Leptotila","Leptotila jamaicensis",FALSE
"Lithobates juliani",NA,"VU",NA,"Maya Mountains Frog","Lithobates juliani",FALSE,FALSE,NA,"2427116","Animalia","Chordata","Amphibia","Anura","Ranidae","Lithobates","Lithobates juliani",FALSE
"Lonchocarpus multifoliolatus",NA,NA,"EN",NA,"Lonchocarpus multifoliolatus",FALSE,FALSE,NA,"7413402","Plantae","Tracheophyta","Magnoliopsida","Fabales","Fabaceae","Lonchocarpus","Lonchocarpus multifoliolatus",FALSE
"Lontra longicaudis",NA,"VU",NA,"Neotropical River Otter","Lontra longicaudis",FALSE,FALSE,NA,"2433738","Animalia","Chordata","Mammalia","Carnivora","Mustelidae","Lontra","Lontra longicaudis",FALSE
"Lophostrix cristata","VU","VU",NA,"Crested Owl","Lophostrix cristata",FALSE,FALSE,NA,"2497873","Animalia","Chordata","Aves","Strigiformes","Strigidae","Lophostrix","Lophostrix cristata",FALSE
"Loxia curvirostra","CR","CR",NA,"Red Crossbill","Loxia curvirostra",FALSE,FALSE,NA,"9629160","Animalia","Chordata","Aves","Passeriformes","Fringillidae","Loxia","Loxia curvirostra",FALSE
"Lycianthes hypoleuca",NA,NA,"VU",NA,"Lycianthes hypoleuca",FALSE,FALSE,NA,"3799619","Plantae","Tracheophyta","Magnoliopsida","Solanales","Solanaceae","Lycianthes","Lycianthes hypoleuca",FALSE
"Mariosousa usumacintensis",NA,NA,"VU",NA,"Mariosousa usumacintensis",FALSE,FALSE,NA,"3795407","Plantae","Tracheophyta","Magnoliopsida","Fabales","Fabaceae","Mariosousa","Mariosousa usumacintensis",FALSE
"Mazama pandora",NA,"EN",NA,"Brown Brocket Deer","Mazama pandora",FALSE,FALSE,NA,"5706277","Animalia","Chordata","Mammalia","Artiodactyla","Cervidae","Mazama","Mazama pandora",FALSE
"Mazama temama",NA,"VU",NA,"Red Brocket Deer","Mazama temama",FALSE,FALSE,NA,"7261373","Animalia","Chordata","Mammalia","Artiodactyla","Cervidae","Mazama","Mazama temama",FALSE
"Melanoptila glabrirostris","NT/LC","Watch List (NT/LC/DD)",NA,"Black Catbird","Melanoptila glabrirostris",FALSE,FALSE,NA,"2494934","Animalia","Chordata","Aves","Passeriformes","Mimidae","Melanoptila","Melanoptila glabrirostris",FALSE
"Meleagris ocellata","CR","EN",NA,"Ocellated Turkey","Meleagris ocellata",FALSE,FALSE,NA,"5227755","Animalia","Chordata","Aves","Galliformes","Phasianidae","Meleagris","Meleagris ocellata",FALSE
"Mormoops megalophylla",NA,"Watch List (NT/LC/DD)",NA,"Wrinkled-bearded Bat","Mormoops megalophylla",FALSE,FALSE,NA,"2432759","Animalia","Chordata","Mammalia","Chiroptera","Mormoopidae","Mormoops","Mormoops megalophylla",FALSE
"Morphnus guianensis","CR","CR",NA,"Crested Eagle","Morphnus guianensis",FALSE,FALSE,NA,"2480576","Animalia","Chordata","Aves","Accipitriformes","Accipitridae","Morphnus","Morphnus guianensis",FALSE
"Mycteria americana","VU","VU",NA,"Wood Stork","Mycteria americana",FALSE,FALSE,NA,"2481937","Animalia","Chordata","Aves","Ciconiiformes","Ciconiidae","Mycteria","Mycteria americana",FALSE
"Myrcia petenensis",NA,NA,"EN",NA,"Myrcia petenensis",FALSE,FALSE,NA,"10721173","Plantae","Tracheophyta","Magnoliopsida","Myrtales","Myrtaceae","Myrcia","Myrcia petenensis",FALSE
"Nectandra belizensis",NA,NA,"VU",NA,"Nectandra belizensis",FALSE,FALSE,NA,"5685422","Plantae","Tracheophyta","Magnoliopsida","Laurales","Lauraceae","Nectandra","Nectandra belizensis",FALSE
"Odocoileus virginianus",NA,"Watch List (NT/LC/DD)",NA,"White-tailed Deer","Odocoileus virginianus",FALSE,FALSE,NA,"2440965","Animalia","Chordata","Mammalia","Artiodactyla","Cervidae","Odocoileus","Odocoileus virginianus",FALSE
"Oedipina elongata",NA,"Watch List (NT/LC/DD)",NA,"Central American Worm Salamander","Oedipina elongata",FALSE,FALSE,NA,"2431640","Animalia","Chordata","Amphibia","Caudata","Plethodontidae","Oedipina","Oedipina elongata",FALSE
"Onychoprion anaethetus","CR","EN",NA,"Bridled Tern","Onychoprion anaethetus",FALSE,FALSE,NA,"5789286","Animalia","Chordata","Aves","Charadriiformes","Laridae","Onychoprion","Onychoprion anaethetus",FALSE
"Onychoprion fuscatus","CR","CR",NA,"Sooty Tern","Onychoprion fuscatus",FALSE,FALSE,NA,"5789284","Animalia","Chordata","Aves","Charadriiformes","Laridae","Onychoprion","Onychoprion fuscatus",FALSE
"Oreopanax geminatus",NA,NA,"NT",NA,"Oreopanax geminatus",FALSE,FALSE,NA,"3036716","Plantae","Tracheophyta","Magnoliopsida","Apiales","Araliaceae","Oreopanax","Oreopanax geminatus",FALSE
"Ouratea insulae",NA,NA,"VU",NA,"Ouratea insulae",FALSE,FALSE,NA,"3696365","Plantae","Tracheophyta","Magnoliopsida","Malpighiales","Ochnaceae","Ouratea","Ouratea insulae",FALSE
"Oxandra maya",NA,NA,"VU",NA,"Oxandra maya",FALSE,FALSE,NA,"3154750","Plantae","Tracheophyta","Magnoliopsida","Magnoliales","Annonaceae","Oxandra","Oxandra maya",FALSE
"Pandion haliaetus","EN","EN",NA,"Osprey","Pandion haliaetus",FALSE,FALSE,NA,"2480726","Animalia","Chordata","Aves","Accipitriformes","Pandionidae","Pandion","Pandion haliaetus",FALSE
"Panthera onca",NA,"EN",NA,"Jaguar","Panthera onca",FALSE,FALSE,NA,"5219426","Animalia","Chordata","Mammalia","Carnivora","Felidae","Panthera","Panthera onca",FALSE
"Patagioenas leucocephala","VU","VU",NA,"White-crowned Pigeon","Patagioenas leucocephala",FALSE,FALSE,NA,"2495310","Animalia","Chordata","Aves","Columbiformes","Columbidae","Patagioenas","Patagioenas leucocephala",FALSE
"Pecari tajacu",NA,"VU",NA,"Collared Peccary","Pecari tajacu",FALSE,FALSE,NA,"2440995","Animalia","Chordata","Mammalia","Artiodactyla","Tayassuidae","Pecari","Pecari tajacu",FALSE
"Pelecanus occidentalis","VU","VU",NA,"Brown Pelican","Pelecanus occidentalis",FALSE,FALSE,NA,"5229158","Animalia","Chordata","Aves","Pelecaniformes","Pelecanidae","Pelecanus","Pelecanus occidentalis",FALSE
"Penelope purpurascens","EN","EN",NA,"Crested Guan","Penelope purpurascens",FALSE,FALSE,NA,"2482225","Animalia","Chordata","Aves","Galliformes","Cracidae","Penelope","Penelope purpurascens",FALSE
"Pera barbellata",NA,NA,"EN",NA,"Pera barbellata",FALSE,FALSE,NA,"5614970","Plantae","Tracheophyta","Magnoliopsida","Malpighiales","Peraceae","Pera","Pera barbellata",FALSE
"Persea schiedeana",NA,NA,"EN",NA,"Persea schiedeana",FALSE,FALSE,NA,"3034058","Plantae","Tracheophyta","Magnoliopsida","Laurales","Lauraceae","Persea","Persea schiedeana",FALSE
"Petenaea cordata",NA,NA,"EN",NA,"Petenaea cordata",FALSE,FALSE,NA,"4261454","Plantae","Tracheophyta","Magnoliopsida","Huerteales","Petenaeaceae","Petenaea","Petenaea cordata",FALSE
"Phyllodactylus insularis",NA,"EN",NA,"Belize Leaf-toed Gecko","Phyllodactylus insularis",FALSE,FALSE,NA,"5959855","Animalia","Chordata","Squamata",NA,"Phyllodactylidae","Phyllodactylus","Phyllodactylus insularis",FALSE
"Pinus tecunumanii",NA,NA,"VU",NA,"Pinus tecunumanii",FALSE,FALSE,NA,"5285629","Plantae","Tracheophyta","Pinopsida","Pinales","Pinaceae","Pinus","Pinus tecunumanii",FALSE
"Pionus senilis","VU","VU",NA,"White-crowned Parrot","Pionus senilis",FALSE,FALSE,NA,"2479906","Animalia","Chordata","Aves","Psittaciformes","Psittacidae","Pionus","Pionus senilis",FALSE
"Pithecellobium johansenii",NA,NA,"EN",NA,"Pithecellobium johansenii",FALSE,FALSE,NA,"2962817","Plantae","Tracheophyta","Magnoliopsida","Fabales","Fabaceae","Pithecellobium","Pithecellobium johansenii",FALSE
"Platalea ajaja","VU","VU",NA,"Roseate Spoonbill","Platalea ajaja",FALSE,FALSE,NA,"2480803","Animalia","Chordata","Aves","Pelecaniformes","Threskiornithidae","Platalea","Platalea ajaja",FALSE
"Porthidium nasutum",NA,"VU",NA,"Hognosed Pit Viper","Porthidium nasutum",FALSE,FALSE,NA,"2444260","Animalia","Chordata","Squamata",NA,"Viperidae","Porthidium","Porthidium nasutum",FALSE
"Pouteria amygdalina",NA,NA,"VU",NA,"Pouteria amygdalina",FALSE,FALSE,NA,"2884926","Plantae","Tracheophyta","Magnoliopsida","Ericales","Sapotaceae","Pouteria","Pouteria amygdalina",FALSE
"Pouteria belizensis",NA,NA,"VU",NA,"Pouteria belizensis",FALSE,FALSE,NA,"2884184","Plantae","Tracheophyta","Magnoliopsida","Ericales","Sapotaceae","Pouteria","Pouteria belizensis",FALSE
"Pouteria izabalensis",NA,NA,"NT",NA,"Pouteria izabalensis",FALSE,FALSE,NA,"2884530","Plantae","Tracheophyta","Magnoliopsida","Ericales","Sapotaceae","Pouteria","Pouteria izabalensis",FALSE
"Protium multiramiflorum",NA,NA,"VU",NA,"Protium multiramiflorum",FALSE,FALSE,NA,"3994238","Plantae","Tracheophyta","Magnoliopsida","Sapindales","Burseraceae","Protium","Protium multiramiflorum",FALSE
"Pseudophoenix sargentii",NA,NA,"VU",NA,"Pseudophoenix sargentii",FALSE,FALSE,NA,"2737019","Plantae","Tracheophyta","Liliopsida","Arecales","Arecaceae","Pseudophoenix","Pseudophoenix sargentii",FALSE
"Psychotria lundellii",NA,NA,"EN",NA,"Psychotria lundellii",FALSE,FALSE,NA,"2922848","Plantae","Tracheophyta","Magnoliopsida","Gentianales","Rubiaceae","Psychotria","Psychotria lundellii",FALSE
"Pterocarpus officinalis",NA,NA,"NT",NA,"Pterocarpus officinalis",FALSE,FALSE,NA,"5349333","Plantae","Tracheophyta","Magnoliopsida","Fabales","Fabaceae","Pterocarpus","Pterocarpus officinalis",FALSE
"Pteronotus gymnonotus",NA,"Watch List (NT/LC/DD)",NA,"Big Naked-backed Bat","Pteronotus gymnonotus",FALSE,FALSE,NA,"5218624","Animalia","Chordata","Mammalia","Chiroptera","Mormoopidae","Pteronotus","Pteronotus gymnonotus",FALSE
"Puma concolor",NA,"VU",NA,"Puma","Puma concolor",FALSE,FALSE,NA,"2435099","Animalia","Chordata","Mammalia","Carnivora","Felidae","Puma","Puma concolor",FALSE
"Pyrilia haematotis","VU","VU",NA,"Brown-hooded Parrot","Pyrilia haematotis",FALSE,FALSE,NA,"2479986","Animalia","Chordata","Aves","Psittaciformes","Psittacidae","Pionopsitta","Pionopsitta haematotis",FALSE
"Quercus acutifolia",NA,NA,"VU",NA,"Quercus acutifolia",FALSE,FALSE,NA,"2880727","Plantae","Tracheophyta","Magnoliopsida","Fagales","Fagaceae","Quercus","Quercus acutifolia",FALSE
"Quercus cortesii",NA,NA,"NT",NA,"Quercus cortesii",FALSE,FALSE,NA,"2879995","Plantae","Tracheophyta","Magnoliopsida","Fagales","Fagaceae","Quercus","Quercus cortesii",FALSE
"Quercus insignis",NA,NA,"EN",NA,"Quercus insignis",FALSE,FALSE,NA,"2880526","Plantae","Tracheophyta","Magnoliopsida","Fagales","Fagaceae","Quercus","Quercus insignis",FALSE
"Quercus oleoides",NA,NA,"NT",NA,"Quercus oleoides",FALSE,FALSE,NA,"2878086","Plantae","Tracheophyta","Magnoliopsida","Fagales","Fagaceae","Quercus","Quercus oleoides",FALSE
"Quercus purulhana",NA,NA,"NT",NA,"Quercus purulhana",FALSE,FALSE,NA,"2881673","Plantae","Tracheophyta","Magnoliopsida","Fagales","Fagaceae","Quercus","Quercus purulhana",FALSE
"Quercus skinneri",NA,NA,"NT",NA,"Quercus skinneri",FALSE,FALSE,NA,"2879011","Plantae","Tracheophyta","Magnoliopsida","Fagales","Fagaceae","Quercus","Quercus skinneri",FALSE
"Rhinoclemmys areolata",NA,"VU",NA,"Furrowed Wood Turtle","Rhinoclemmys areolata",FALSE,FALSE,NA,"2443675","Animalia","Chordata","Testudines",NA,"Geoemydidae","Rhinoclemmys","Rhinoclemmys areolata",FALSE
"Rondeletia belizensis",NA,NA,"VU",NA,"Rondeletia belizensis",FALSE,FALSE,NA,"5336125","Plantae","Tracheophyta","Magnoliopsida","Gentianales","Rubiaceae","Rondeletia","Rondeletia belizensis",FALSE
"Rostrhamus sociabilis","VU","VU",NA,"Snail Kite","Rostrhamus sociabilis",FALSE,FALSE,NA,"2480415","Animalia","Chordata","Aves","Accipitriformes","Accipitridae","Rostrhamus","Rostrhamus sociabilis",FALSE
"Sarcoramphus papa","VU","VU",NA,"King Vulture","Sarcoramphus papa",FALSE,FALSE,NA,"2481923","Animalia","Chordata","Aves","Accipitriformes","Cathartidae","Sarcoramphus","Sarcoramphus papa",FALSE
"Sceloporus lundelli",NA,"VU",NA,"Lundell's Spiny Lizard","Sceloporus lundelli",FALSE,FALSE,NA,"2451266","Animalia","Chordata","Squamata",NA,"Phrynosomatidae","Sceloporus","Sceloporus lundelli",FALSE
"Schippia concolor",NA,NA,"VU",NA,"Schippia concolor",FALSE,FALSE,NA,"2736314","Plantae","Tracheophyta","Liliopsida","Arecales","Arecaceae","Schippia","Schippia concolor",FALSE
"Sideroxylon stevensonii",NA,NA,"VU",NA,"Sideroxylon stevensonii",FALSE,FALSE,NA,"2887037","Plantae","Tracheophyta","Magnoliopsida","Ericales","Sapotaceae","Sideroxylon","Sideroxylon stevensonii",FALSE
"Sinclairia discolor",NA,NA,"NT",NA,"Sinclairia discolor",FALSE,FALSE,NA,"5389382","Plantae","Tracheophyta","Magnoliopsida","Asterales","Asteraceae","Sinclairia","Sinclairia discolor",FALSE
"Sloanea petenensis",NA,NA,"NT",NA,"Sloanea petenensis",FALSE,FALSE,NA,"5651319","Plantae","Tracheophyta","Magnoliopsida","Oxalidales","Elaeocarpaceae","Sloanea","Sloanea petenensis",FALSE
"Spizaetus melanoleucus","EN","EN",NA,"Black-and-white Hawk-Eagle","Spizaetus melanoleucus",FALSE,FALSE,NA,"5788513","Animalia","Chordata","Aves","Accipitriformes","Accipitridae","Spizaetus","Spizaetus melanoleucus",FALSE
"Spizaetus ornatus","EN","EN",NA,"Ornate Hawk-Eagle","Spizaetus ornatus",FALSE,FALSE,NA,"2480679","Animalia","Chordata","Aves","Accipitriformes","Accipitridae","Spizaetus","Spizaetus ornatus",FALSE
"Spizaetus tyrannus","VU","VU",NA,"Black Hawk-Eagle","Spizaetus tyrannus",FALSE,FALSE,NA,"2480672","Animalia","Chordata","Aves","Accipitriformes","Accipitridae","Spizaetus","Spizaetus tyrannus",FALSE
"Staurotypus triporcatus",NA,"EN",NA,"Northern Giant Musk Turtle","Staurotypus triporcatus",FALSE,FALSE,NA,"5960971","Animalia","Chordata","Testudines",NA,"Kinosternidae","Staurotypus","Staurotypus triporcatus",FALSE
"Sterna dougallii","CR",NA,NA,"Roseate Tern","Sterna dougallii",TRUE,FALSE,"In 2020 avian list but absent from 2025 national list - kept in for now; confirm status later.","5229249","Animalia","Chordata","Aves","Charadriiformes","Laridae","Sterna","Sterna dougallii",FALSE
"Sternula antillarum","CR","VU",NA,"Least Tern","Sternula antillarum",FALSE,FALSE,NA,"5789285","Animalia","Chordata","Aves","Charadriiformes","Laridae","Sternula","Sternula antillarum",FALSE
"Sula sula","EN","CR",NA,"Red-footed Booby","Sula sula",FALSE,FALSE,NA,"2480972","Animalia","Chordata","Aves","Suliformes","Sulidae","Sula","Sula sula",FALSE
"Swietenia macrophylla",NA,NA,"VU",NA,"Swietenia macrophylla",FALSE,FALSE,NA,"3190484","Plantae","Tracheophyta","Magnoliopsida","Sapindales","Meliaceae","Swietenia","Swietenia macrophylla",FALSE
"Sylvilagus gabbi",NA,"Watch List (NT/LC/DD)",NA,"Gabb's Cottontail","Sylvilagus gabbi",FALSE,FALSE,NA,"8450537","Animalia","Chordata","Mammalia","Lagomorpha","Leporidae","Sylvilagus","Sylvilagus gabbi",FALSE
"Symphimus mayae",NA,"VU",NA,NA,"Symphimus mayae",FALSE,FALSE,NA,"2452501","Animalia","Chordata","Squamata",NA,"Colubridae","Symphimus","Symphimus mayae",FALSE
"Synechanthus fibrosus",NA,NA,"VU",NA,"Synechanthus fibrosus",FALSE,FALSE,NA,"2736139","Plantae","Tracheophyta","Liliopsida","Arecales","Arecaceae","Synechanthus","Synechanthus fibrosus",FALSE
"Talisia floresii",NA,NA,"NT",NA,"Talisia floresii",FALSE,FALSE,NA,"3788320","Plantae","Tracheophyta","Magnoliopsida","Sapindales","Sapindaceae","Talisia","Talisia floresii",FALSE
"Tapirus bairdii",NA,"EN",NA,"Baird's Tapir","Tapirus bairdii",FALSE,FALSE,NA,"8395500","Animalia","Chordata","Mammalia","Perissodactyla","Tapiridae","Tapirella","Tapirella bairdii",FALSE
"Tayassu pecari",NA,"CR",NA,"White-lipped Peccary","Tayassu pecari",FALSE,FALSE,NA,"2440993","Animalia","Chordata","Mammalia","Artiodactyla","Tayassuidae","Tayassu","Tayassu pecari",FALSE
"Telanthophora cobanensis",NA,NA,"NT",NA,"Telanthophora cobanensis",FALSE,FALSE,NA,"3108806","Plantae","Tracheophyta","Magnoliopsida","Asterales","Asteraceae","Telanthophora","Telanthophora cobanensis",FALSE
"Thalasseus sandvicensis","CR","VU",NA,"Sandwich Tern","Thalasseus sandvicensis",FALSE,FALSE,NA,"2481240","Animalia","Chordata","Aves","Charadriiformes","Laridae","Thalasseus","Thalasseus sandvicensis",FALSE
"Thamnophis marcianus",NA,"VU",NA,NA,"Thamnophis marcianus",FALSE,FALSE,NA,"9342283","Animalia","Chordata","Squamata",NA,"Colubridae","Thamnophis","Thamnophis marcianus",FALSE
"Thyroptera tricolor",NA,"VU",NA,"White-mouthed Sucker Bat","Thyroptera tricolor",FALSE,FALSE,NA,"2432773","Animalia","Chordata","Mammalia","Chiroptera","Thyropteridae","Thyroptera","Thyroptera tricolor",FALSE
"Trachemys venusta",NA,"VU",NA,"Mesoamerican Slider","Trachemys venusta",FALSE,FALSE,NA,"2443040","Animalia","Chordata","Testudines",NA,"Emydidae","Trachemys","Trachemys venusta",FALSE
"Tretanorhinus nigroluteus",NA,"Watch List (NT/LC/DD)",NA,"Orangebelly Swamp Snake","Tretanorhinus nigroluteus",FALSE,FALSE,NA,"2452130","Animalia","Chordata","Squamata",NA,"Colubridae","Tretanorhinus","Tretanorhinus nigroluteus",FALSE
"Trichilia breviflora",NA,NA,"EN",NA,"Trichilia breviflora",FALSE,FALSE,NA,"3851765","Plantae","Tracheophyta","Magnoliopsida","Sapindales","Meliaceae","Trichilia","Trichilia breviflora",FALSE
"Trichilia erythrocarpa",NA,NA,"EN",NA,"Trichilia erythrocarpa",FALSE,FALSE,NA,"3850860","Plantae","Tracheophyta","Magnoliopsida","Sapindales","Meliaceae","Trichilia","Trichilia erythrocarpa",FALSE
"Trichilia minutiflora",NA,NA,"VU",NA,"Trichilia americana",FALSE,FALSE,"Resolved via accepted name 'Trichilia americana' for GBIF lookup.","3852074","Plantae","Tracheophyta","Magnoliopsida","Sapindales","Meliaceae","Trichilia","Trichilia americana",FALSE
"Triprion petasatus",NA,"Watch List (NT/LC/DD)",NA,"Yucatecan Casque-headed Treefrog","Triprion petasatus",FALSE,FALSE,NA,"2427667","Animalia","Chordata","Amphibia","Anura","Hylidae","Triprion","Triprion petasatus",FALSE
"Vatairea lundellii",NA,NA,"VU",NA,"Vatairea lundellii",FALSE,FALSE,NA,"7650790","Plantae","Tracheophyta","Magnoliopsida","Fabales","Fabaceae","Vatairea","Vatairea lundellii",FALSE
"Vireo magister","VU","VU",NA,"Yucatan Vireo","Vireo magister",FALSE,FALSE,NA,"2487440","Animalia","Chordata","Aves","Passeriformes","Vireonidae","Vireo","Vireo magister",FALSE
"Vireo plumbeus","VU","VU",NA,"Plumbeous Vireo","Vireo plumbeus",FALSE,FALSE,NA,"9353154","Animalia","Chordata","Aves","Passeriformes","Vireonidae","Vireo","Vireo plumbeus",FALSE
"Xiphocolaptes promeropirhynchus","VU","VU",NA,"Strong-billed Woodcreeper","Xiphocolaptes promeropirhynchus",FALSE,FALSE,NA,"2485461","Animalia","Chordata","Aves","Passeriformes","Furnariidae","Xiphocolaptes","Xiphocolaptes promeropirhynchus",FALSE
"Zygia confusa",NA,NA,"EN",NA,"Zygia confusa",FALSE,FALSE,NA,"5347439","Plantae","Tracheophyta","Magnoliopsida","Fabales","Fabaceae","Zygia","Zygia confusa",FALSE
"Lutjanus cyanopterus",NA,NA,NA,NA,"Lutjanus cyanopterus",FALSE,FALSE,"Added via direct IUCN Belize criterion-1 expansion (VU, not in the compiled source documents).","2385052","Animalia","Chordata",NA,"Perciformes","Lutjanidae","Lutjanus","Lutjanus cyanopterus",FALSE
"Carcharhinus acronotus",NA,NA,NA,NA,"Carcharhinus acronotus",FALSE,FALSE,"Added via direct IUCN Belize criterion-1 expansion (EN, not in the compiled source documents).","2418144","Animalia","Chordata","Elasmobranchii","Carcharhiniformes","Carcharhinidae","Carcharhinus","Carcharhinus acronotus",FALSE
"Myliobatis goodei",NA,NA,NA,NA,"Myliobatis goodei",FALSE,FALSE,"Added via direct IUCN Belize criterion-1 expansion (VU, not in the compiled source documents).","2419318","Animalia","Chordata","Elasmobranchii","Myliobatiformes","Myliobatidae","Myliobatis","Myliobatis goodei",FALSE
"Mustelus norrisi",NA,NA,NA,NA,"Mustelus norrisi",FALSE,FALSE,"Added via direct IUCN Belize criterion-1 expansion (NT, not in the compiled source documents).","2418366","Animalia","Chordata","Elasmobranchii","Carcharhiniformes","Triakidae","Mustelus","Mustelus norrisi",FALSE
"Alopias superciliosus",NA,NA,NA,NA,"Alopias superciliosus",FALSE,FALSE,"Added via direct IUCN Belize criterion-1 expansion (VU, not in the compiled source documents).","2420813","Animalia","Chordata","Elasmobranchii","Lamniformes","Alopiidae","Alopias","Alopias superciliosus",FALSE
"Pseudobatos lentiginosus",NA,NA,NA,NA,"Pseudobatos lentiginosus",FALSE,FALSE,"Added via direct IUCN Belize criterion-1 expansion (VU, not in the compiled source documents).","9451181","Animalia","Chordata","Elasmobranchii","Rhinopristiformes","Rhinobatidae","Pseudobatos","Pseudobatos lentiginosus",FALSE
"Diospyros bumelioides",NA,NA,NA,NA,"Diospyros bumelioides",FALSE,FALSE,"Added via direct IUCN Belize criterion-1 expansion (NT, not in the compiled source documents).","4070282","Plantae","Tracheophyta","Magnoliopsida","Ericales","Ebenaceae","Diospyros","Diospyros bumelioides",FALSE
"Coryphopterus thrix",NA,NA,NA,NA,"Coryphopterus thrix",FALSE,FALSE,"Added via direct IUCN Belize criterion-1 expansion (VU, not in the compiled source documents).","2377830","Animalia","Chordata",NA,"Perciformes","Gobiidae","Coryphopterus","Coryphopterus thrix",FALSE
"Coryphopterus eidolon",NA,NA,NA,NA,"Coryphopterus eidolon",FALSE,FALSE,"Added via direct IUCN Belize criterion-1 expansion (VU, not in the compiled source documents).","2377828","Animalia","Chordata",NA,"Perciformes","Gobiidae","Coryphopterus","Coryphopterus eidolon",FALSE
"Coryphopterus tortugae",NA,NA,NA,NA,"Coryphopterus tortugae",FALSE,FALSE,"Added via direct IUCN Belize criterion-1 expansion (VU, not in the compiled source documents).","2377818","Animalia","Chordata",NA,"Perciformes","Gobiidae","Coryphopterus","Coryphopterus tortugae",FALSE
"Coryphopterus venezuelae",NA,NA,NA,NA,"Coryphopterus venezuelae",FALSE,FALSE,"Added via direct IUCN Belize criterion-1 expansion (VU, not in the compiled source documents).","2377825","Animalia","Chordata",NA,"Perciformes","Gobiidae","Coryphopterus","Coryphopterus venezuelae",FALSE
"Coryphopterus lipernes",NA,NA,NA,NA,"Coryphopterus lipernes",FALSE,FALSE,"Added via direct IUCN Belize criterion-1 expansion (VU, not in the compiled source documents).","2377829","Animalia","Chordata",NA,"Perciformes","Gobiidae","Coryphopterus","Coryphopterus lipernes",FALSE
"Coryphopterus personatus",NA,NA,NA,NA,"Coryphopterus personatus",FALSE,FALSE,"Added via direct IUCN Belize criterion-1 expansion (VU, not in the compiled source documents).","2377831","Animalia","Chordata",NA,"Perciformes","Gobiidae","Coryphopterus","Coryphopterus personatus",FALSE
"Coryphopterus alloides",NA,NA,NA,NA,"Coryphopterus alloides",FALSE,FALSE,"Added via direct IUCN Belize criterion-1 expansion (VU, not in the compiled source documents).","2377827","Animalia","Chordata",NA,"Perciformes","Gobiidae","Coryphopterus","Coryphopterus alloides",FALSE
"Elacatinus prochilos",NA,NA,NA,NA,"Elacatinus prochilos",FALSE,FALSE,"Added via direct IUCN Belize criterion-1 expansion (VU, not in the compiled source documents).","2376691","Animalia","Chordata",NA,"Perciformes","Gobiidae","Elacatinus","Elacatinus prochilos",FALSE
"Emblemariopsis pricei",NA,NA,NA,NA,"Emblemariopsis pricei",FALSE,FALSE,"Added via direct IUCN Belize criterion-1 expansion (VU, not in the compiled source documents).","2381452","Animalia","Chordata",NA,"Perciformes","Chaenopsidae","Emblemariopsis","Emblemariopsis pricei",FALSE
"Guaiacum sanctum",NA,NA,NA,NA,"Guaiacum sanctum",FALSE,FALSE,"Added via direct IUCN Belize criterion-1 expansion (NT, not in the compiled source documents).","3189908","Plantae","Tracheophyta","Magnoliopsida","Zygophyllales","Zygophyllaceae","Guaiacum","Guaiacum sanctum",FALSE
"Swietenia humilis",NA,NA,NA,NA,"Swietenia humilis",FALSE,FALSE,"Added via direct IUCN Belize criterion-1 expansion (EN, not in the compiled source documents).","3849992","Plantae","Tracheophyta","Magnoliopsida","Sapindales","Meliaceae","Swietenia","Swietenia humilis",FALSE
"Coryphopterus hyalinus",NA,NA,NA,NA,"Coryphopterus hyalinus",FALSE,FALSE,"Added via direct IUCN Belize criterion-1 expansion (VU, not in the compiled source documents).","2377821","Animalia","Chordata",NA,"Perciformes","Gobiidae","Coryphopterus","Coryphopterus hyalinus",FALSE
"Epinephelus itajara",NA,NA,NA,NA,"Epinephelus itajara",FALSE,FALSE,"Added via direct IUCN Belize criterion-1 expansion (VU, not in the compiled source documents).","2388456","Animalia","Chordata",NA,"Perciformes","Serranidae","Epinephelus","Epinephelus itajara",FALSE
"Epinephelus morio",NA,NA,NA,NA,"Epinephelus morio",FALSE,FALSE,"Added via direct IUCN Belize criterion-1 expansion (VU, not in the compiled source documents).","2388373","Animalia","Chordata",NA,"Perciformes","Serranidae","Epinephelus","Epinephelus morio",FALSE
"Hyporthodus flavolimbatus",NA,NA,NA,NA,"Hyporthodus flavolimbatus",FALSE,FALSE,"Added via direct IUCN Belize criterion-1 expansion (VU, not in the compiled source documents).","5788226","Animalia","Chordata",NA,"Perciformes","Serranidae","Hyporthodus","Hyporthodus flavolimbatus",FALSE
"Hyporthodus niveatus",NA,NA,NA,NA,"Hyporthodus niveatus",FALSE,FALSE,"Added via direct IUCN Belize criterion-1 expansion (VU, not in the compiled source documents).","5788225","Animalia","Chordata",NA,"Perciformes","Serranidae","Hyporthodus","Hyporthodus niveatus",FALSE
"Mycteroperca bonaci",NA,NA,NA,NA,"Mycteroperca bonaci",FALSE,FALSE,"Added via direct IUCN Belize criterion-1 expansion (NT, not in the compiled source documents).","2389013","Animalia","Chordata",NA,"Perciformes","Serranidae","Mycteroperca","Mycteroperca bonaci",FALSE
"Mycteroperca interstitialis",NA,NA,NA,NA,"Mycteroperca interstitialis",FALSE,FALSE,"Added via direct IUCN Belize criterion-1 expansion (VU, not in the compiled source documents).","2389044","Animalia","Chordata",NA,"Perciformes","Serranidae","Mycteroperca","Mycteroperca interstitialis",FALSE
"Mycteroperca venenosa",NA,NA,NA,NA,"Mycteroperca venenosa",FALSE,FALSE,"Added via direct IUCN Belize criterion-1 expansion (NT, not in the compiled source documents).","2389034","Animalia","Chordata",NA,"Perciformes","Serranidae","Mycteroperca","Mycteroperca venenosa",FALSE
"Lachnolaimus maximus",NA,NA,NA,NA,"Lachnolaimus maximus",FALSE,FALSE,"Added via direct IUCN Belize criterion-1 expansion (VU, not in the compiled source documents).","2383618","Animalia","Chordata",NA,"Perciformes","Labridae","Lachnolaimus","Lachnolaimus maximus",FALSE
"Hippocampus erectus",NA,NA,NA,NA,"Hippocampus erectus",FALSE,FALSE,"Added via direct IUCN Belize criterion-1 expansion (VU, not in the compiled source documents).","5201075","Animalia","Chordata",NA,"Syngnathiformes","Syngnathidae","Hippocampus","Hippocampus erectus",FALSE
"Hippocampus reidi",NA,NA,NA,NA,"Hippocampus reidi",FALSE,FALSE,"Added via direct IUCN Belize criterion-1 expansion (NT, not in the compiled source documents).","5201123","Animalia","Chordata",NA,"Syngnathiformes","Syngnathidae","Hippocampus","Hippocampus reidi",FALSE
"Istiophorus platypterus",NA,NA,NA,NA,"Istiophorus platypterus",FALSE,FALSE,"Added via direct IUCN Belize criterion-1 expansion (VU, not in the compiled source documents).","5211984","Animalia","Chordata",NA,"Perciformes","Istiophoridae","Istiophorus","Istiophorus platypterus",FALSE
"Thunnus obesus",NA,NA,NA,NA,"Thunnus obesus",FALSE,FALSE,"Added via direct IUCN Belize criterion-1 expansion (VU, not in the compiled source documents).","2373996","Animalia","Chordata",NA,"Perciformes","Scombridae","Thunnus","Thunnus obesus",FALSE
"Seriola dumerili",NA,NA,NA,NA,"Seriola dumerili",FALSE,FALSE,"Added via direct IUCN Belize criterion-1 expansion (NT, not in the compiled source documents).","5961696","Animalia","Chordata",NA,"Perciformes","Carangidae","Seriola","Seriola dumerili",FALSE
"Hypoplectrus maya",NA,NA,NA,NA,"Hypoplectrus maya",FALSE,FALSE,"Added via direct IUCN Belize criterion-1 expansion (EN, not in the compiled source documents).","6169350","Animalia","Chordata",NA,"Perciformes","Serranidae","Hypoplectrus","Hypoplectrus maya",FALSE
"Xiphias gladius",NA,NA,NA,NA,"Xiphias gladius",FALSE,FALSE,"Added via direct IUCN Belize criterion-1 expansion (NT, not in the compiled source documents).","2397850","Animalia","Chordata",NA,"Perciformes","Xiphiidae","Xiphias","Xiphias gladius",FALSE
"Dermatemys mawii",NA,NA,NA,NA,"Dermatemys mawii",FALSE,FALSE,"Added via direct IUCN Belize criterion-1 expansion (CR, not in the compiled source documents).","2442495","Animalia","Chordata","Testudines",NA,"Dermatemydidae","Dermatemys","Dermatemys mawii",FALSE
"Mola mola",NA,NA,NA,NA,"Mola mola",FALSE,FALSE,"Added via direct IUCN Belize criterion-1 expansion (VU, not in the compiled source documents).","5213725","Animalia","Chordata",NA,"Tetraodontiformes","Molidae","Mola","Mola mola",FALSE
"Hypanus americanus",NA,NA,NA,NA,"Hypanus americanus",FALSE,FALSE,"Added via direct IUCN Belize criterion-1 expansion (NT, not in the compiled source documents).","9335213","Animalia","Chordata","Elasmobranchii","Myliobatiformes","Dasyatidae","Hypanus","Hypanus americanus",FALSE
"Fontitrygon geijskesi",NA,NA,NA,NA,"Fontitrygon geijskesi",FALSE,FALSE,"Added via direct IUCN Belize criterion-1 expansion (CR, not in the compiled source documents).","9456248","Animalia","Chordata","Elasmobranchii","Myliobatiformes","Dasyatidae","Fontitrygon","Fontitrygon geijskesi",FALSE
"Yucca lacandonica",NA,NA,NA,NA,"Yucca lacandonica",FALSE,FALSE,"Added via direct IUCN Belize criterion-1 expansion (EN, not in the compiled source documents).","2775702","Plantae","Tracheophyta","Liliopsida","Asparagales","Asparagaceae","Yucca","Yucca lacandonica",FALSE
"Caretta caretta",NA,NA,NA,NA,"Caretta caretta",FALSE,FALSE,"Added via direct IUCN Belize criterion-1 expansion (VU, not in the compiled source documents).","8894817","Animalia","Chordata","Testudines",NA,"Cheloniidae","Caretta","Caretta caretta",FALSE
"Hylocereus minutiflorus",NA,NA,NA,NA,"Selenicereus minutiflorus",FALSE,FALSE,"Added via direct IUCN Belize criterion-1 expansion (VU, not in the compiled source documents).","10832128","Plantae","Tracheophyta","Magnoliopsida","Caryophyllales","Cactaceae","Selenicereus","Selenicereus minutiflorus",FALSE
"Magnolia montebelloensis",NA,NA,NA,NA,"Magnolia montebelloensis",FALSE,FALSE,"Added via direct IUCN Belize criterion-1 expansion (CR, not in the compiled source documents).","10806897","Plantae","Tracheophyta","Magnoliopsida","Magnoliales","Magnoliaceae","Magnolia","Magnolia montebelloensis",FALSE
"Monteverdia belizensis",NA,NA,NA,NA,"Monteverdia belizensis",FALSE,FALSE,"Added via direct IUCN Belize criterion-1 expansion (VU, not in the compiled source documents).","9761743","Plantae","Tracheophyta","Magnoliopsida","Celastrales","Celastraceae","Monteverdia","Monteverdia belizensis",FALSE
"Quadrella calciphila",NA,NA,NA,NA,"Quadrella calciphila",FALSE,FALSE,"Added via direct IUCN Belize criterion-1 expansion (EN, not in the compiled source documents).","8094051","Plantae","Tracheophyta","Magnoliopsida","Brassicales","Capparaceae","Quadrella","Quadrella calciphila",FALSE
"Pleradenophora tikalana",NA,NA,NA,NA,"Pleradenophora tikalana",FALSE,FALSE,"Added via direct IUCN Belize criterion-1 expansion (VU, not in the compiled source documents).","9341540","Plantae","Tracheophyta","Magnoliopsida","Malpighiales","Euphorbiaceae","Pleradenophora","Pleradenophora tikalana",FALSE
"Guapira petenensis",NA,NA,NA,NA,"Guapira petenensis",FALSE,FALSE,"Added via direct IUCN Belize criterion-1 expansion (NT, not in the compiled source documents).","3700902","Plantae","Tracheophyta","Magnoliopsida","Caryophyllales","Nyctaginaceae","Guapira","Guapira petenensis",FALSE
"Alseis hondurensis",NA,NA,NA,NA,"Alseis hondurensis",FALSE,FALSE,"Added via direct IUCN Belize criterion-1 expansion (VU, not in the compiled source documents).","5334881","Plantae","Tracheophyta","Magnoliopsida","Gentianales","Rubiaceae","Alseis","Alseis hondurensis",FALSE
"Psychotria lorenciana",NA,NA,NA,NA,"Psychotria lorenciana",FALSE,FALSE,"Added via direct IUCN Belize criterion-1 expansion (EN, not in the compiled source documents).","2920103","Plantae","Tracheophyta","Magnoliopsida","Gentianales","Rubiaceae","Psychotria","Psychotria lorenciana",FALSE
"Randia genipifolia",NA,NA,NA,NA,"Randia genipifolia",FALSE,FALSE,"Added via direct IUCN Belize criterion-1 expansion (EN, not in the compiled source documents).","5339542","Plantae","Tracheophyta","Magnoliopsida","Gentianales","Rubiaceae","Randia","Randia genipifolia",FALSE
"Randia petenensis",NA,NA,NA,NA,"Randia petenensis",FALSE,FALSE,"Added via direct IUCN Belize criterion-1 expansion (VU, not in the compiled source documents).","5339458","Plantae","Tracheophyta","Magnoliopsida","Gentianales","Rubiaceae","Randia","Randia petenensis",FALSE
"Amyris attenuata",NA,NA,NA,NA,"Amyris attenuata",FALSE,FALSE,"Added via direct IUCN Belize criterion-1 expansion (VU, not in the compiled source documents).","5593114","Plantae","Tracheophyta","Magnoliopsida","Sapindales","Rutaceae","Amyris","Amyris attenuata",FALSE
"Rhincodon typus",NA,NA,NA,NA,"Rhincodon typus",FALSE,FALSE,"Added via direct IUCN Belize criterion-1 expansion (EN, not in the compiled source documents).","2417522","Animalia","Chordata","Elasmobranchii","Orectolobiformes","Rhincodontidae","Rhincodon","Rhincodon typus",FALSE
"Anguilla rostrata",NA,NA,NA,NA,"Anguilla rostrata",FALSE,FALSE,"Added via direct IUCN Belize criterion-1 expansion (EN, not in the compiled source documents).","5212956","Animalia","Chordata",NA,"Anguilliformes","Anguillidae","Anguilla","Anguilla rostrata",FALSE
"Dendrogyra cylindrus",NA,NA,NA,NA,"Dendrogyra cylindrus",FALSE,FALSE,"Added via direct IUCN Belize criterion-1 expansion (CR, not in the compiled source documents).","4944083","Animalia","Cnidaria","Anthozoa","Scleractinia","Meandrinidae","Dendrogyra","Dendrogyra cylindrus",FALSE
"Setophaga striata",NA,NA,NA,NA,"Setophaga striata",FALSE,FALSE,"Added via direct IUCN Belize criterion-1 expansion (NT, not in the compiled source documents).","6092935","Animalia","Chordata","Aves","Passeriformes","Parulidae","Setophaga","Setophaga striata",FALSE
"Chaetura pelagica",NA,NA,NA,NA,"Chaetura pelagica",FALSE,FALSE,"Added via direct IUCN Belize criterion-1 expansion (VU, not in the compiled source documents).","4409023","Animalia","Chordata","Aves","Apodiformes","Apodidae","Chaetura","Chaetura pelagica",FALSE
"Vermivora chrysoptera",NA,NA,NA,NA,"Vermivora chrysoptera",FALSE,FALSE,"Added via direct IUCN Belize criterion-1 expansion (NT, not in the compiled source documents).","5230811","Animalia","Chordata","Aves","Passeriformes","Parulidae","Vermivora","Vermivora chrysoptera",FALSE
"Hydrobates leucorhous",NA,NA,NA,NA,"Oceanodroma leucorhoa",FALSE,FALSE,"Added via direct IUCN Belize criterion-1 expansion (NT, not in the compiled source documents).","2482012","Animalia","Chordata","Aves","Procellariiformes","Hydrobatidae","Oceanodroma","Oceanodroma leucorhoa",FALSE
"Dolichonyx oryzivorus",NA,NA,NA,NA,"Dolichonyx oryzivorus",FALSE,FALSE,"Added via direct IUCN Belize criterion-1 expansion (NT, not in the compiled source documents).","2484417","Animalia","Chordata","Aves","Passeriformes","Icteridae","Dolichonyx","Dolichonyx oryzivorus",FALSE
"Crypturellus boucardi",NA,NA,NA,NA,"Crypturellus boucardi",FALSE,FALSE,"Added via direct IUCN Belize criterion-1 expansion (VU, not in the compiled source documents).","2477567","Animalia","Chordata","Aves","Tinamiformes","Tinamidae","Crypturellus","Crypturellus boucardi",FALSE
"Attilaea abalak",NA,NA,NA,NA,"Attilaea abalak",FALSE,FALSE,"Added via direct IUCN Belize criterion-1 expansion (EN, not in the compiled source documents).","3660099","Plantae","Tracheophyta","Magnoliopsida","Sapindales","Anacardiaceae","Attilaea","Attilaea abalak",FALSE
"Microcerculus philomela",NA,NA,NA,NA,"Microcerculus philomela",FALSE,FALSE,"Added via direct IUCN Belize criterion-1 expansion (NT, not in the compiled source documents).","2493835","Animalia","Chordata","Aves","Passeriformes","Troglodytidae","Microcerculus","Microcerculus philomela",FALSE
"Aliger gigas",NA,NA,NA,NA,"Aliger gigas",FALSE,FALSE,"Added via direct IUCN Belize criterion-1 expansion (NT, not in the compiled source documents).","10903982","Animalia","Mollusca","Gastropoda","Littorinimorpha","Strombidae","Aliger","Aliger gigas",FALSE
"Pseudorca crassidens",NA,NA,NA,NA,"Pseudorca crassidens",FALSE,FALSE,"Added via direct IUCN Belize criterion-1 expansion (NT, not in the compiled source documents).","2440440","Animalia","Chordata","Mammalia","Cetacea","Delphinidae","Pseudorca","Pseudorca crassidens",FALSE
"Deherainia smaragdina",NA,NA,NA,NA,"Deherainia smaragdina",FALSE,FALSE,"Added via direct IUCN Belize criterion-1 expansion (VU, not in the compiled source documents).","7313221","Plantae","Tracheophyta","Magnoliopsida","Ericales","Primulaceae","Deherainia","Deherainia smaragdina",FALSE
"Sterculia mexicana",NA,NA,NA,NA,"Sterculia mexicana",FALSE,FALSE,"Added via direct IUCN Belize criterion-1 expansion (VU, not in the compiled source documents).","8161227","Plantae","Tracheophyta","Magnoliopsida","Malvales","Malvaceae","Sterculia","Sterculia mexicana",FALSE
"Parasenegalia lundellii",NA,NA,NA,NA,"Parasenegalia lundellii",FALSE,FALSE,"Added via direct IUCN Belize criterion-1 expansion (EN, not in the compiled source documents).","9707340","Plantae","Tracheophyta","Magnoliopsida","Fabales","Fabaceae","Parasenegalia","Parasenegalia lundellii",FALSE
"Rhomboplites aurorubens",NA,NA,NA,NA,"Rhomboplites aurorubens",FALSE,FALSE,"Added via direct IUCN Belize criterion-1 expansion (VU, not in the compiled source documents).","2384721","Animalia","Chordata",NA,"Perciformes","Lutjanidae","Rhomboplites","Rhomboplites aurorubens",FALSE
"Poecilia teresae",NA,NA,NA,NA,"Poecilia teresae",FALSE,FALSE,"Added via direct IUCN Belize criterion-1 expansion (EN, not in the compiled source documents).","5203751","Animalia","Chordata",NA,"Cyprinodontiformes","Poeciliidae","Poecilia","Poecilia teresae",FALSE
"Lutjanus synagris",NA,NA,NA,NA,"Lutjanus synagris",FALSE,FALSE,"Added via direct IUCN Belize criterion-1 expansion (NT, not in the compiled source documents).","2384837","Animalia","Chordata",NA,"Perciformes","Lutjanidae","Lutjanus","Lutjanus synagris",FALSE
"Elacatinus lobeli",NA,NA,NA,NA,"Elacatinus lobeli",FALSE,FALSE,"Added via direct IUCN Belize criterion-1 expansion (NT, not in the compiled source documents).","2376751","Animalia","Chordata",NA,"Perciformes","Gobiidae","Elacatinus","Elacatinus lobeli",FALSE
"Anolis petersii",NA,NA,NA,NA,"Anolis petersii",FALSE,FALSE,"Added via direct IUCN Belize criterion-1 expansion (NT, not in the compiled source documents).","7547251","Animalia","Chordata","Squamata",NA,"Dactyloidae","Anolis","Anolis petersii",FALSE
"Mappia multiflora",NA,NA,NA,NA,"Mappia multiflora",FALSE,FALSE,"Added via direct IUCN Belize criterion-1 expansion (VU, not in the compiled source documents).","5529314","Plantae","Tracheophyta","Magnoliopsida","Icacinales","Icacinaceae","Mappia","Mappia multiflora",FALSE
"Mortoniodendron vestitum",NA,NA,NA,NA,"Mortoniodendron vestitum",FALSE,FALSE,"Added via direct IUCN Belize criterion-1 expansion (NT, not in the compiled source documents).","4261858","Plantae","Tracheophyta","Magnoliopsida","Malvales","Malvaceae","Mortoniodendron","Mortoniodendron vestitum",FALSE
"Mortoniella pittieri",NA,NA,NA,NA,"Mortoniella pittieri",FALSE,FALSE,"Added via direct IUCN Belize criterion-1 expansion (NT, not in the compiled source documents).","5536205","Plantae","Tracheophyta","Magnoliopsida","Gentianales","Apocynaceae","Mortoniella","Mortoniella pittieri",FALSE
"Dalbergia calycina",NA,NA,NA,NA,"Dalbergia calycina",FALSE,FALSE,"Added via direct IUCN Belize criterion-1 expansion (VU, not in the compiled source documents).","2968462","Plantae","Tracheophyta","Magnoliopsida","Fabales","Fabaceae","Dalbergia","Dalbergia calycina",FALSE
"Eugenia cayoana",NA,NA,NA,NA,"Eugenia cayoana",FALSE,FALSE,"Added via direct IUCN Belize criterion-1 expansion (NT, not in the compiled source documents).","5417508","Plantae","Tracheophyta","Magnoliopsida","Myrtales","Myrtaceae","Eugenia","Eugenia cayoana",FALSE
"Bonellia paludicola",NA,NA,NA,NA,"Bonellia paludicola",FALSE,FALSE,"Added via direct IUCN Belize criterion-1 expansion (NT, not in the compiled source documents).","5527302","Plantae","Tracheophyta","Magnoliopsida","Ericales","Primulaceae","Bonellia","Bonellia paludicola",FALSE
"Faramea belizensis",NA,NA,NA,NA,"Faramea belizensis",FALSE,FALSE,"Added via direct IUCN Belize criterion-1 expansion (NT, not in the compiled source documents).","2898102","Plantae","Tracheophyta","Magnoliopsida","Gentianales","Rubiaceae","Faramea","Faramea belizensis",FALSE
"Amyris rhomboidea",NA,NA,NA,NA,"Amyris rhomboidea",FALSE,FALSE,"Added via direct IUCN Belize criterion-1 expansion (EN, not in the compiled source documents).","5594751","Plantae","Tracheophyta","Magnoliopsida","Sapindales","Rutaceae","Amyris","Amyris rhomboidea",FALSE
"Bartholomaea mollis",NA,NA,NA,NA,"Bartholomaea mollis",FALSE,FALSE,"Added via direct IUCN Belize criterion-1 expansion (EN, not in the compiled source documents).","3879289","Plantae","Tracheophyta","Magnoliopsida","Malpighiales","Salicaceae","Bartholomaea","Bartholomaea mollis",FALSE
"Forestiera cartaginensis",NA,NA,NA,NA,"Forestiera cartaginensis",FALSE,FALSE,"Added via direct IUCN Belize criterion-1 expansion (NT, not in the compiled source documents).","3683498","Plantae","Tracheophyta","Magnoliopsida","Lamiales","Oleaceae","Forestiera","Forestiera cartaginensis",FALSE
"Coccoloba escuintlensis",NA,NA,NA,NA,"Coccoloba escuintlensis",FALSE,FALSE,"Added via direct IUCN Belize criterion-1 expansion (NT, not in the compiled source documents).","4032759","Plantae","Tracheophyta","Magnoliopsida","Caryophyllales","Polygonaceae","Coccoloba","Coccoloba escuintlensis",FALSE
"Neea stenophylla",NA,NA,NA,NA,"Neea stenophylla",FALSE,FALSE,"Added via direct IUCN Belize criterion-1 expansion (NT, not in the compiled source documents).","3700659","Plantae","Tracheophyta","Magnoliopsida","Caryophyllales","Nyctaginaceae","Neea","Neea stenophylla",FALSE
"Cincelichthys bocourti",NA,NA,NA,NA,"Cincelichthys bocourti",FALSE,FALSE,"Added via direct IUCN Belize criterion-1 expansion (NT, not in the compiled source documents).","9574362","Animalia","Chordata",NA,"Perciformes","Cichlidae","Cincelichthys","Cincelichthys bocourti",FALSE
"Antrostomus vociferus",NA,NA,NA,NA,"Antrostomus vociferus",FALSE,FALSE,"Added via direct IUCN Belize criterion-1 expansion (NT, not in the compiled source documents).","6101178","Animalia","Chordata","Aves","Caprimulgiformes","Caprimulgidae","Antrostomus","Antrostomus vociferus",FALSE
"Euglossa obtusa",NA,NA,NA,NA,"Euglossa obtusa",FALSE,FALSE,"Added via direct IUCN Belize criterion-1 expansion (NT, not in the compiled source documents).","1340655","Animalia","Arthropoda","Insecta","Hymenoptera","Apidae","Euglossa","Euglossa obtusa",FALSE
"Antrostomus carolinensis",NA,NA,NA,NA,"Antrostomus carolinensis",FALSE,FALSE,"Added via direct IUCN Belize criterion-1 expansion (NT, not in the compiled source documents).","6101173","Animalia","Chordata","Aves","Caprimulgiformes","Caprimulgidae","Antrostomus","Antrostomus carolinensis",FALSE
"Calidris canutus",NA,NA,NA,NA,"Calidris canutus",FALSE,FALSE,"Added via direct IUCN Belize criterion-1 expansion (NT, not in the compiled source documents).","2481765","Animalia","Chordata","Aves","Charadriiformes","Scolopacidae","Calidris","Calidris canutus",FALSE
"Ardisia schippii",NA,NA,NA,NA,"Ardisia schippii",FALSE,FALSE,"Added via direct IUCN Belize criterion-1 expansion (EN, not in the compiled source documents).","5557987","Plantae","Tracheophyta","Magnoliopsida","Ericales","Primulaceae","Ardisia","Ardisia schippii",FALSE
"Calatola uxpanapensis",NA,NA,NA,NA,"Calatola uxpanapensis",FALSE,FALSE,"Added via direct IUCN Belize criterion-1 expansion (EN, not in the compiled source documents).","3596937","Plantae","Tracheophyta","Magnoliopsida","Metteniusales","Metteniusaceae","Calatola","Calatola uxpanapensis",FALSE
"Calliandra belizensis",NA,NA,NA,NA,"Calliandra belizensis",FALSE,FALSE,"Added via direct IUCN Belize criterion-1 expansion (NT, not in the compiled source documents).","2981850","Plantae","Tracheophyta","Magnoliopsida","Fabales","Fabaceae","Calliandra","Calliandra belizensis",FALSE
"Myrcia megistophylla",NA,NA,NA,NA,"Myrcia megistophylla",FALSE,FALSE,"Added via direct IUCN Belize criterion-1 expansion (VU, not in the compiled source documents).","10704472","Plantae","Tracheophyta","Magnoliopsida","Myrtales","Myrtaceae","Myrcia","Myrcia megistophylla",FALSE
"Casearia bartlettii",NA,NA,NA,NA,"Casearia bartlettii",FALSE,FALSE,"Added via direct IUCN Belize criterion-1 expansion (NT, not in the compiled source documents).","8104403","Plantae","Tracheophyta","Magnoliopsida","Malpighiales","Salicaceae","Casearia","Casearia bartlettii",FALSE
"Chamguava gentlei",NA,NA,NA,NA,"Chamguava gentlei",FALSE,FALSE,"Added via direct IUCN Belize criterion-1 expansion (NT, not in the compiled source documents).","3186034","Plantae","Tracheophyta","Magnoliopsida","Myrtales","Myrtaceae","Chamguava","Chamguava gentlei",FALSE
"Chrysochlamys guatemaltecana",NA,NA,NA,NA,"Chrysochlamys guatemaltecana",FALSE,FALSE,"Added via direct IUCN Belize criterion-1 expansion (VU, not in the compiled source documents).","5555737","Plantae","Tracheophyta","Magnoliopsida","Malpighiales","Clusiaceae","Chrysochlamys","Chrysochlamys guatemaltecana",FALSE
"Comocladia mayana",NA,NA,NA,NA,"Comocladia mayana",FALSE,FALSE,"Added via direct IUCN Belize criterion-1 expansion (EN, not in the compiled source documents).","7507747","Plantae","Tracheophyta","Magnoliopsida","Sapindales","Anacardiaceae","Comocladia","Comocladia mayana",FALSE
"Miconia conoplumosa",NA,NA,NA,NA,"Miconia conoplumosa",FALSE,FALSE,"Added via direct IUCN Belize criterion-1 expansion (VU, not in the compiled source documents).","10852430","Plantae","Tracheophyta","Magnoliopsida","Myrtales","Melastomataceae","Miconia","Miconia conoplumosa",FALSE
"Ctenardisia amplifolia",NA,NA,NA,NA,"Ctenardisia amplifolia",FALSE,FALSE,"Added via direct IUCN Belize criterion-1 expansion (NT, not in the compiled source documents).","3719094","Plantae","Tracheophyta","Magnoliopsida","Ericales","Primulaceae","Ctenardisia","Ctenardisia amplifolia",FALSE
"Diphysa macrophylla",NA,NA,NA,NA,"Diphysa macrophylla",FALSE,FALSE,"Added via direct IUCN Belize criterion-1 expansion (NT, not in the compiled source documents).","5357266","Plantae","Tracheophyta","Magnoliopsida","Fabales","Fabaceae","Diphysa","Diphysa macrophylla",FALSE
"Eugenia bumelioides",NA,NA,NA,NA,"Eugenia bumelioides",FALSE,FALSE,"Added via direct IUCN Belize criterion-1 expansion (VU, not in the compiled source documents).","5416269","Plantae","Tracheophyta","Magnoliopsida","Myrtales","Myrtaceae","Eugenia","Eugenia bumelioides",FALSE
"Eugenia choapamensis",NA,NA,NA,NA,"Eugenia choapamensis",FALSE,FALSE,"Added via direct IUCN Belize criterion-1 expansion (NT, not in the compiled source documents).","5416820","Plantae","Tracheophyta","Magnoliopsida","Myrtales","Myrtaceae","Eugenia","Eugenia choapamensis",FALSE
"Eugenia flavoviridis",NA,NA,NA,NA,"Eugenia flavoviridis",FALSE,FALSE,"Added via direct IUCN Belize criterion-1 expansion (NT, not in the compiled source documents).","5418028","Plantae","Tracheophyta","Magnoliopsida","Myrtales","Myrtaceae","Eugenia","Eugenia flavoviridis",FALSE
"Eugenia percivalii",NA,NA,NA,NA,"Eugenia percivalii",FALSE,FALSE,"Added via direct IUCN Belize criterion-1 expansion (NT, not in the compiled source documents).","5416803","Plantae","Tracheophyta","Magnoliopsida","Myrtales","Myrtaceae","Eugenia","Eugenia percivalii",FALSE
"Eugenia toledinensis",NA,NA,NA,NA,"Eugenia toledinensis",FALSE,FALSE,"Added via direct IUCN Belize criterion-1 expansion (EN, not in the compiled source documents).","5416331","Plantae","Tracheophyta","Magnoliopsida","Myrtales","Myrtaceae","Eugenia","Eugenia toledinensis",FALSE
"Eugenia vacana",NA,NA,NA,NA,"Eugenia vacana",FALSE,FALSE,"Added via direct IUCN Belize criterion-1 expansion (NT, not in the compiled source documents).","5416275","Plantae","Tracheophyta","Magnoliopsida","Myrtales","Myrtaceae","Eugenia","Eugenia vacana",FALSE
"Faramea brachysiphon",NA,NA,NA,NA,"Faramea brachysiphon",FALSE,FALSE,"Added via direct IUCN Belize criterion-1 expansion (NT, not in the compiled source documents).","2898045","Plantae","Tracheophyta","Magnoliopsida","Gentianales","Rubiaceae","Faramea","Faramea brachysiphon",FALSE
"Graffenrieda gentlei",NA,NA,NA,NA,"Graffenrieda gentlei",FALSE,FALSE,"Added via direct IUCN Belize criterion-1 expansion (EN, not in the compiled source documents).","5600050","Plantae","Tracheophyta","Magnoliopsida","Myrtales","Melastomataceae","Graffenrieda","Graffenrieda gentlei",FALSE
"Inga mexicana",NA,NA,NA,NA,"Inga mexicana",FALSE,FALSE,"Added via direct IUCN Belize criterion-1 expansion (VU, not in the compiled source documents).","8171056","Plantae","Tracheophyta","Magnoliopsida","Fabales","Fabaceae","Inga","Inga mexicana",FALSE
"Malpighia macrocarpa",NA,NA,NA,NA,"Malpighia macrocarpa",FALSE,FALSE,"Added via direct IUCN Belize criterion-1 expansion (VU, not in the compiled source documents).","7528408","Plantae","Tracheophyta","Magnoliopsida","Malpighiales","Malpighiaceae","Malpighia","Malpighia macrocarpa",FALSE
"Parathesis rufa",NA,NA,NA,NA,"Parathesis rufa",FALSE,FALSE,"Added via direct IUCN Belize criterion-1 expansion (NT, not in the compiled source documents).","3722005","Plantae","Tracheophyta","Magnoliopsida","Ericales","Primulaceae","Parathesis","Parathesis rufa",FALSE
"Pithecellobium peckii",NA,NA,NA,NA,"Pithecellobium peckii",FALSE,FALSE,"Added via direct IUCN Belize criterion-1 expansion (EN, not in the compiled source documents).","2962767","Plantae","Tracheophyta","Magnoliopsida","Fabales","Fabaceae","Pithecellobium","Pithecellobium peckii",FALSE
"Bauhinia wunderlinii",NA,NA,NA,NA,"Bauhinia wunderlinii",FALSE,FALSE,"Added via direct IUCN Belize criterion-1 expansion (EN, not in the compiled source documents).","3931668","Plantae","Tracheophyta","Magnoliopsida","Fabales","Fabaceae","Bauhinia","Bauhinia wunderlinii",FALSE
"Rissa tridactyla",NA,NA,NA,NA,"Rissa tridactyla",FALSE,FALSE,"Added via direct IUCN Belize criterion-1 expansion (VU, not in the compiled source documents).","2481205","Animalia","Chordata","Aves","Charadriiformes","Laridae","Rissa","Rissa tridactyla",FALSE
"Lutjanus analis",NA,NA,NA,NA,"Lutjanus analis",FALSE,FALSE,"Added via direct IUCN Belize criterion-1 expansion (NT, not in the compiled source documents).","2384981","Animalia","Chordata",NA,"Perciformes","Lutjanidae","Lutjanus","Lutjanus analis",FALSE
"Kinosternon creaseri",NA,NA,NA,NA,"Kinosternon creaseri",FALSE,FALSE,"Added via direct IUCN Belize criterion-1 expansion (NT, not in the compiled source documents).","2442398","Animalia","Chordata","Testudines",NA,"Kinosternidae","Kinosternon","Kinosternon creaseri",FALSE
"Pithecellobium furcatum",NA,NA,NA,NA,"Pithecellobium furcatum",FALSE,FALSE,"Added via direct IUCN Belize criterion-1 expansion (NT, not in the compiled source documents).","2962812","Plantae","Tracheophyta","Magnoliopsida","Fabales","Fabaceae","Pithecellobium","Pithecellobium furcatum",FALSE
"Colpophyllia natans",NA,NA,NA,NA,"Colpophyllia natans",FALSE,FALSE,"Added via direct IUCN Belize criterion-1 expansion (VU, not in the compiled source documents).","2260043","Animalia","Cnidaria","Anthozoa","Scleractinia","Faviidae","Colpophyllia","Colpophyllia natans",FALSE
"Agaricia lamarcki",NA,NA,NA,NA,"Agaricia lamarcki",FALSE,FALSE,"Added via direct IUCN Belize criterion-1 expansion (CR, not in the compiled source documents).","2260504","Animalia","Cnidaria","Anthozoa","Scleractinia","Agariciidae","Agaricia","Agaricia lamarcki",FALSE
"Acropora palmata",NA,NA,NA,NA,"Acropora palmata",FALSE,FALSE,"Added via direct IUCN Belize criterion-1 expansion (CR, not in the compiled source documents).","5184657","Animalia","Cnidaria","Anthozoa","Scleractinia","Acroporidae","Acropora","Acropora palmata",FALSE
"Orbicella franksi",NA,NA,NA,NA,"Orbicella franksi",FALSE,FALSE,"Added via direct IUCN Belize criterion-1 expansion (NT, not in the compiled source documents).","7454567","Animalia","Cnidaria","Anthozoa","Scleractinia","Merulinidae","Orbicella","Orbicella franksi",FALSE
"Scolymia cubensis",NA,NA,NA,NA,"Scolymia cubensis",FALSE,FALSE,"Added via direct IUCN Belize criterion-1 expansion (CR, not in the compiled source documents).","2260337","Animalia","Cnidaria","Anthozoa","Scleractinia","Faviidae","Scolymia","Scolymia cubensis",FALSE
"Dichocoenia stokesii",NA,NA,NA,NA,"Dichocoenia stokesii",FALSE,FALSE,"Added via direct IUCN Belize criterion-1 expansion (VU, not in the compiled source documents).","5784766","Animalia","Cnidaria","Anthozoa","Scleractinia","Meandrinidae","Dichocoenia","Dichocoenia stokesii",FALSE
"Orbicella annularis",NA,NA,NA,NA,"Orbicella annularis",FALSE,FALSE,"Added via direct IUCN Belize criterion-1 expansion (EN, not in the compiled source documents).","7617481","Animalia","Cnidaria","Anthozoa","Scleractinia","Merulinidae","Orbicella","Orbicella annularis",FALSE
"Pseudodiploria strigosa",NA,NA,NA,NA,"Pseudodiploria strigosa",FALSE,FALSE,"Added via direct IUCN Belize criterion-1 expansion (CR, not in the compiled source documents).","7454555","Animalia","Cnidaria","Anthozoa","Scleractinia","Faviidae","Pseudodiploria","Pseudodiploria strigosa",FALSE
"Meandrina meandrites",NA,NA,NA,NA,"Meandrina meandrites",FALSE,FALSE,"Added via direct IUCN Belize criterion-1 expansion (CR, not in the compiled source documents).","2259752","Animalia","Cnidaria","Anthozoa","Scleractinia","Meandrinidae","Meandrina","Meandrina meandrites",FALSE
"Agaricia humilis",NA,NA,NA,NA,"Agaricia humilis",FALSE,FALSE,"Added via direct IUCN Belize criterion-1 expansion (CR, not in the compiled source documents).","2260507","Animalia","Cnidaria","Anthozoa","Scleractinia","Agariciidae","Agaricia","Agaricia humilis",FALSE
"Diploria labyrinthiformis",NA,NA,NA,NA,"Diploria labyrinthiformis",FALSE,FALSE,"Added via direct IUCN Belize criterion-1 expansion (CR, not in the compiled source documents).","2260167","Animalia","Cnidaria","Anthozoa","Scleractinia","Faviidae","Diploria","Diploria labyrinthiformis",FALSE
"Madracis formosa",NA,NA,NA,NA,"Madracis formosa",FALSE,FALSE,"Added via direct IUCN Belize criterion-1 expansion (NT, not in the compiled source documents).","2259482","Animalia","Cnidaria","Anthozoa","Scleractinia","Pocilloporidae","Madracis","Madracis formosa",FALSE
"Agaricia grahamae",NA,NA,NA,NA,"Agaricia grahamae",FALSE,FALSE,"Added via direct IUCN Belize criterion-1 expansion (NT, not in the compiled source documents).","2260505","Animalia","Cnidaria","Anthozoa","Scleractinia","Agariciidae","Agaricia","Agaricia grahamae",FALSE
"Mycetophyllia ferox",NA,NA,NA,NA,"Mycetophyllia ferox",FALSE,FALSE,"Added via direct IUCN Belize criterion-1 expansion (CR, not in the compiled source documents).","2260297","Animalia","Cnidaria","Anthozoa","Scleractinia","Faviidae","Mycetophyllia","Mycetophyllia ferox",FALSE
"Orbicella faveolata",NA,NA,NA,NA,"Orbicella faveolata",FALSE,FALSE,"Added via direct IUCN Belize criterion-1 expansion (EN, not in the compiled source documents).","8279523","Animalia","Cnidaria","Anthozoa","Scleractinia","Merulinidae","Orbicella","Orbicella faveolata",FALSE
"Pseudodiploria clivosa",NA,NA,NA,NA,"Pseudodiploria clivosa",FALSE,FALSE,"Added via direct IUCN Belize criterion-1 expansion (NT, not in the compiled source documents).","8377035","Animalia","Cnidaria","Anthozoa","Scleractinia","Faviidae","Pseudodiploria","Pseudodiploria clivosa",FALSE
"Acropora cervicornis",NA,NA,NA,NA,"Acropora cervicornis",FALSE,FALSE,"Added via direct IUCN Belize criterion-1 expansion (CR, not in the compiled source documents).","5184681","Animalia","Cnidaria","Anthozoa","Scleractinia","Acroporidae","Acropora","Acropora cervicornis",FALSE
"Siderastrea siderea",NA,NA,NA,NA,"Siderastrea siderea",FALSE,FALSE,"Added via direct IUCN Belize criterion-1 expansion (CR, not in the compiled source documents).","2258895","Animalia","Cnidaria","Anthozoa","Scleractinia","Rhizangiidae","Siderastrea","Siderastrea siderea",FALSE
"Eusmilia fastigiata",NA,NA,NA,NA,"Eusmilia fastigiata",FALSE,FALSE,"Added via direct IUCN Belize criterion-1 expansion (CR, not in the compiled source documents).","2259738","Animalia","Cnidaria","Anthozoa","Scleractinia","Meandrinidae","Eusmilia","Eusmilia fastigiata",FALSE
"Agaricia tenuifolia",NA,NA,NA,NA,"Agaricia tenuifolia",FALSE,FALSE,"Added via direct IUCN Belize criterion-1 expansion (CR, not in the compiled source documents).","2260502","Animalia","Cnidaria","Anthozoa","Scleractinia","Agariciidae","Agaricia","Agaricia tenuifolia",FALSE
"Mussa angulosa",NA,NA,NA,NA,"Mussa angulosa",FALSE,FALSE,"Added via direct IUCN Belize criterion-1 expansion (NT, not in the compiled source documents).","2260356","Animalia","Cnidaria","Anthozoa","Scleractinia","Faviidae","Mussa","Mussa angulosa",FALSE
"Mycetophyllia danaana",NA,NA,NA,NA,"Mycetophyllia danaana",FALSE,FALSE,"Added via direct IUCN Belize criterion-1 expansion (CR, not in the compiled source documents).","4880484","Animalia","Cnidaria","Anthozoa","Scleractinia","Faviidae","Mycetophyllia","Mycetophyllia danaana",FALSE
"Helioseris cucullata",NA,NA,NA,NA,"Helioseris cucullata",FALSE,FALSE,"Added via direct IUCN Belize criterion-1 expansion (CR, not in the compiled source documents).","2260491","Animalia","Cnidaria","Anthozoa","Scleractinia","Agariciidae","Helioseris","Helioseris cucullata",FALSE
"Agaricia agaricites",NA,NA,NA,NA,"Agaricia agaricites",FALSE,FALSE,"Added via direct IUCN Belize criterion-1 expansion (VU, not in the compiled source documents).","2260503","Animalia","Cnidaria","Anthozoa","Scleractinia","Agariciidae","Agaricia","Agaricia agaricites",FALSE
"Ramphastos sulfuratus",NA,NA,NA,NA,"Ramphastos sulfuratus",FALSE,FALSE,"Added via direct IUCN Belize criterion-1 expansion (NT, not in the compiled source documents).","2478771","Animalia","Chordata","Aves","Piciformes","Ramphastidae","Ramphastos","Ramphastos sulfuratus",FALSE
"Vanilla insignis",NA,NA,NA,NA,"Vanilla insignis",FALSE,FALSE,"Added via direct IUCN Belize criterion-1 expansion (EN, not in the compiled source documents).","2803377","Plantae","Tracheophyta","Liliopsida","Asparagales","Orchidaceae","Vanilla","Vanilla insignis",FALSE
"Vanilla hartii",NA,NA,NA,NA,"Vanilla hartii",FALSE,FALSE,"Added via direct IUCN Belize criterion-1 expansion (EN, not in the compiled source documents).","2803365","Plantae","Tracheophyta","Liliopsida","Asparagales","Orchidaceae","Vanilla","Vanilla hartii",FALSE
"Vanilla odorata",NA,NA,NA,NA,"Vanilla odorata",FALSE,FALSE,"Added via direct IUCN Belize criterion-1 expansion (EN, not in the compiled source documents).","2803371","Plantae","Tracheophyta","Liliopsida","Asparagales","Orchidaceae","Vanilla","Vanilla odorata",FALSE
"Setophaga cerulea",NA,NA,NA,NA,"Setophaga cerulea",FALSE,FALSE,"Added via direct IUCN Belize criterion-1 expansion (NT, not in the compiled source documents).","6093350","Animalia","Chordata","Aves","Passeriformes","Parulidae","Setophaga","Setophaga cerulea",FALSE
"Megalops atlanticus",NA,NA,NA,NA,"Megalops atlanticus",FALSE,FALSE,"Added via direct IUCN Belize criterion-1 expansion (VU, not in the compiled source documents).","5203123","Animalia","Chordata",NA,"Elopiformes","Megalopidae","Megalops","Megalops atlanticus",FALSE
"Vanilla inodora",NA,NA,NA,NA,"Vanilla inodora",FALSE,FALSE,"Added via direct IUCN Belize criterion-1 expansion (EN, not in the compiled source documents).","2803385","Plantae","Tracheophyta","Liliopsida","Asparagales","Orchidaceae","Vanilla","Vanilla inodora",FALSE
"Sanopus astrifer",NA,NA,NA,NA,"Sanopus astrifer",FALSE,FALSE,"Added via direct IUCN Belize criterion-1 expansion (VU, not in the compiled source documents).","2350867","Animalia","Chordata",NA,"Batrachoidiformes","Batrachoididae","Sanopus","Sanopus astrifer",FALSE
"Laterallus jamaicensis",NA,NA,NA,NA,"Laterallus jamaicensis",FALSE,FALSE,"Added via direct IUCN Belize criterion-1 expansion (EN, not in the compiled source documents).","2474590","Animalia","Chordata","Aves","Gruiformes","Rallidae","Laterallus","Laterallus jamaicensis",FALSE
"Amanita fuligineodisca",NA,NA,NA,NA,"Amanita fuligineodisca",FALSE,FALSE,"Added via direct IUCN Belize criterion-1 expansion (VU, not in the compiled source documents).","5452316","Fungi","Basidiomycota","Agaricomycetes","Agaricales","Amanitaceae","Amanita","Amanita fuligineodisca",FALSE
"Millepora complanata",NA,NA,NA,NA,"Millepora complanata",FALSE,FALSE,"Added via direct IUCN Belize criterion-1 expansion (CR, not in the compiled source documents).","2265096","Animalia","Cnidaria","Hydrozoa","Anthoathecata","Milleporidae","Millepora","Millepora complanata",FALSE
"Millepora striata",NA,NA,NA,NA,"Millepora striata",FALSE,FALSE,"Added via direct IUCN Belize criterion-1 expansion (VU, not in the compiled source documents).","2265088","Animalia","Cnidaria","Hydrozoa","Anthoathecata","Milleporidae","Millepora","Millepora striata",FALSE
"Progne sinaloae",NA,NA,NA,NA,"Progne sinaloae",FALSE,FALSE,"Added via direct IUCN Belize criterion-1 expansion (VU, not in the compiled source documents).","2489132","Animalia","Chordata","Aves","Passeriformes","Hirundinidae","Progne","Progne sinaloae",FALSE
"Sturnella magna",NA,NA,NA,NA,"Sturnella magna",FALSE,FALSE,"Added via direct IUCN Belize criterion-1 expansion (NT, not in the compiled source documents).","2484254","Animalia","Chordata","Aves","Passeriformes","Icteridae","Sturnella","Sturnella magna",FALSE
"Amazona auropalliata",NA,NA,NA,NA,"Amazona auropalliata",FALSE,FALSE,"Added via direct IUCN Belize criterion-1 expansion (CR, not in the compiled source documents).","2479631","Animalia","Chordata","Aves","Psittaciformes","Psittacidae","Amazona","Amazona auropalliata",FALSE
"Setophaga chrysoparia",NA,NA,NA,NA,"Setophaga chrysoparia",FALSE,FALSE,"Added via direct IUCN Belize criterion-1 expansion (EN, not in the compiled source documents).","6092637","Animalia","Chordata","Aves","Passeriformes","Parulidae","Setophaga","Setophaga chrysoparia",FALSE
"Licaria guatemalensis",NA,NA,NA,NA,"Licaria guatemalensis",FALSE,FALSE,"Added via direct IUCN Belize criterion-1 expansion (VU, not in the compiled source documents).","4182474","Plantae","Tracheophyta","Magnoliopsida","Laurales","Lauraceae","Licaria","Licaria guatemalensis",FALSE
"Machaerium conzattii",NA,NA,NA,NA,"Machaerium conzattii",FALSE,FALSE,"Added via direct IUCN Belize criterion-1 expansion (EN, not in the compiled source documents).","5354940","Plantae","Tracheophyta","Magnoliopsida","Fabales","Fabaceae","Machaerium","Machaerium conzattii",FALSE
"Cetorhinus maximus",NA,NA,NA,NA,"Cetorhinus maximus",FALSE,FALSE,"Added via direct IUCN Belize criterion-1 expansion (EN, not in the compiled source documents).","2420726","Animalia","Chordata","Elasmobranchii","Lamniformes","Cetorhinidae","Cetorhinus","Cetorhinus maximus",FALSE
"Justicia eburnea",NA,NA,NA,NA,"Justicia eburnea",FALSE,FALSE,"Added via direct IUCN Belize criterion-1 expansion (EN, not in the compiled source documents).","3780825","Plantae","Tracheophyta","Magnoliopsida","Lamiales","Acanthaceae","Justicia","Justicia eburnea",FALSE
"Louteridium donnell-smithii",NA,NA,NA,NA,"Louteridium donnell-smithii",FALSE,FALSE,"Added via direct IUCN Belize criterion-1 expansion (VU, not in the compiled source documents).","3774117","Plantae","Tracheophyta","Magnoliopsida","Lamiales","Acanthaceae","Louteridium","Louteridium donnell-smithii",FALSE
"Coulteria cubensis",NA,NA,NA,NA,"Coulteria cubensis",FALSE,FALSE,"Added via direct IUCN Belize criterion-1 expansion (NT, not in the compiled source documents).","10786450","Plantae","Tracheophyta","Magnoliopsida","Fabales","Fabaceae","Coulteria","Coulteria cubensis",FALSE
"Diphysa paucifoliolata",NA,NA,NA,NA,"Diphysa paucifoliolata",FALSE,FALSE,"Added via direct IUCN Belize criterion-1 expansion (VU, not in the compiled source documents).","5611458","Plantae","Tracheophyta","Magnoliopsida","Fabales","Fabaceae","Diphysa","Diphysa paucifoliolata",FALSE
"Haematoxylum calakmulense",NA,NA,NA,NA,"Haematoxylum calakmulense",FALSE,FALSE,"Added via direct IUCN Belize criterion-1 expansion (VU, not in the compiled source documents).","9413440","Plantae","Tracheophyta","Magnoliopsida","Fabales","Fabaceae","Haematoxylum","Haematoxylum calakmulense",FALSE
"Harpalyce rupicola",NA,NA,NA,NA,"Harpalyce rupicola",FALSE,FALSE,"Added via direct IUCN Belize criterion-1 expansion (EN, not in the compiled source documents).","5350024","Plantae","Tracheophyta","Magnoliopsida","Fabales","Fabaceae","Harpalyce","Harpalyce rupicola",FALSE
"Aetobatus narinari",NA,NA,NA,NA,"Aetobatus narinari",FALSE,FALSE,"Added via direct IUCN Belize criterion-1 expansion (EN, not in the compiled source documents).","2419231","Animalia","Chordata","Elasmobranchii","Myliobatiformes","Myliobatidae","Aetobatus","Aetobatus narinari",FALSE
"Coccoloba hirtella",NA,NA,NA,NA,"Coccoloba hirtella",FALSE,FALSE,"Added via direct IUCN Belize criterion-1 expansion (VU, not in the compiled source documents).","4038517","Plantae","Tracheophyta","Magnoliopsida","Caryophyllales","Polygonaceae","Coccoloba","Coccoloba hirtella",FALSE
"Eugenia savannarum",NA,NA,NA,NA,"Eugenia savannarum",FALSE,FALSE,"Added via direct IUCN Belize criterion-1 expansion (EN, not in the compiled source documents).","5416937","Plantae","Tracheophyta","Magnoliopsida","Myrtales","Myrtaceae","Eugenia","Eugenia savannarum",FALSE
"Sphyrna tiburo",NA,NA,NA,NA,"Sphyrna tiburo",FALSE,FALSE,"Added via direct IUCN Belize criterion-1 expansion (EN, not in the compiled source documents).","2418800","Animalia","Chordata","Elasmobranchii","Carcharhiniformes","Sphyrnidae","Sphyrna","Sphyrna tiburo",FALSE
"Tringa flavipes",NA,NA,NA,NA,"Tringa flavipes",FALSE,FALSE,"Added via direct IUCN Belize criterion-1 expansion (VU, not in the compiled source documents).","2481721","Animalia","Chordata","Aves","Charadriiformes","Scolopacidae","Tringa","Tringa flavipes",FALSE
"Ouratea pyramidalis",NA,NA,NA,NA,"Ouratea pyramidalis",FALSE,FALSE,"Added via direct IUCN Belize criterion-1 expansion (VU, not in the compiled source documents).","3695382","Plantae","Tracheophyta","Magnoliopsida","Malpighiales","Ochnaceae","Ouratea","Ouratea pyramidalis",FALSE
"Myrmecophaga tridactyla",NA,NA,NA,NA,"Myrmecophaga tridactyla",FALSE,FALSE,"Added via direct IUCN Belize criterion-1 expansion (VU, not in the compiled source documents).","2436346","Animalia","Chordata","Mammalia","Pilosa","Myrmecophagidae","Myrmecophaga","Myrmecophaga tridactyla",FALSE
"Carcharodon carcharias",NA,NA,NA,NA,"Carcharodon carcharias",FALSE,FALSE,"Added via direct IUCN Belize criterion-1 expansion (VU, not in the compiled source documents).","2420694","Animalia","Chordata","Elasmobranchii","Lamniformes","Lamnidae","Carcharodon","Carcharodon carcharias",FALSE
"Alopias vulpinus",NA,NA,NA,NA,"Alopias vulpinus",FALSE,FALSE,"Added via direct IUCN Belize criterion-1 expansion (VU, not in the compiled source documents).","2420797","Animalia","Chordata","Elasmobranchii","Lamniformes","Alopiidae","Alopias","Alopias vulpinus",FALSE
"Colpophyllia breviserialis",NA,NA,NA,NA,"Colpophyllia breviserialis",FALSE,FALSE,"Added via direct IUCN Belize criterion-1 expansion (CR, not in the compiled source documents).","2260044","Animalia","Cnidaria","Anthozoa","Scleractinia","Faviidae","Colpophyllia","Colpophyllia breviserialis",FALSE
"Mobula birostris",NA,NA,NA,NA,"Mobula birostris",FALSE,FALSE,"Added via direct IUCN Belize criterion-1 expansion (EN, not in the compiled source documents).","9548142","Animalia","Chordata","Elasmobranchii","Myliobatiformes","Myliobatidae","Mobula","Mobula birostris",FALSE
"Mobula hypostoma",NA,NA,NA,NA,"Mobula hypostoma",FALSE,FALSE,"Added via direct IUCN Belize criterion-1 expansion (EN, not in the compiled source documents).","2419210","Animalia","Chordata","Elasmobranchii","Myliobatiformes","Myliobatidae","Mobula","Mobula hypostoma",FALSE
"Eugenia chinajensis",NA,NA,NA,NA,"Eugenia chinajensis",FALSE,FALSE,"Added via direct IUCN Belize criterion-1 expansion (EN, not in the compiled source documents).","5417051","Plantae","Tracheophyta","Magnoliopsida","Myrtales","Myrtaceae","Eugenia","Eugenia chinajensis",FALSE
"Ceratozamia robusta",NA,NA,NA,NA,"Ceratozamia robusta",FALSE,FALSE,"Added via direct IUCN Belize criterion-1 expansion (EN, not in the compiled source documents).","2683625","Plantae","Tracheophyta","Cycadopsida","Cycadales","Zamiaceae","Ceratozamia","Ceratozamia robusta",FALSE
"Zamia decumbens",NA,NA,NA,NA,"Zamia decumbens",FALSE,FALSE,"Added via direct IUCN Belize criterion-1 expansion (EN, not in the compiled source documents).","8193350","Plantae","Tracheophyta","Cycadopsida","Cycadales","Zamiaceae","Zamia","Zamia decumbens",FALSE
"Zamia meermanii",NA,NA,NA,NA,"Zamia meermanii",FALSE,FALSE,"Added via direct IUCN Belize criterion-1 expansion (EN, not in the compiled source documents).","8090140","Plantae","Tracheophyta","Cycadopsida","Cycadales","Zamiaceae","Zamia","Zamia meermanii",FALSE
"Zamia variegata",NA,NA,NA,NA,"Zamia variegata",FALSE,FALSE,"Added via direct IUCN Belize criterion-1 expansion (EN, not in the compiled source documents).","5284084","Plantae","Tracheophyta","Cycadopsida","Cycadales","Zamiaceae","Zamia","Zamia variegata",FALSE
"Pristis pristis",NA,NA,NA,NA,"Pristis pristis",FALSE,FALSE,"Added via direct IUCN Belize criterion-1 expansion (CR, not in the compiled source documents).","5216276","Animalia","Chordata","Elasmobranchii","Rhinopristiformes","Pristidae","Pristis","Pristis pristis",FALSE
"Pristis pectinata",NA,NA,NA,NA,"Pristis pectinata",FALSE,FALSE,"Added via direct IUCN Belize criterion-1 expansion (CR, not in the compiled source documents).","5216292","Animalia","Chordata","Elasmobranchii","Rhinopristiformes","Pristidae","Pristis","Pristis pectinata",FALSE
"Millepora alcicornis",NA,NA,NA,NA,"Millepora alcicornis",FALSE,FALSE,"Added via direct IUCN Belize criterion-1 expansion (EN, not in the compiled source documents).","2265089","Animalia","Cnidaria","Hydrozoa","Anthoathecata","Milleporidae","Millepora","Millepora alcicornis",FALSE
"Mycetophyllia lamarckiana",NA,NA,NA,NA,"Mycetophyllia lamarckiana",FALSE,FALSE,"Added via direct IUCN Belize criterion-1 expansion (NT, not in the compiled source documents).","2260295","Animalia","Cnidaria","Anthozoa","Scleractinia","Faviidae","Mycetophyllia","Mycetophyllia lamarckiana",FALSE
"Pluvialis squatarola",NA,NA,NA,NA,"Pluvialis squatarola",FALSE,FALSE,"Added via direct IUCN Belize criterion-1 expansion (VU, not in the compiled source documents).","2480327","Animalia","Chordata","Aves","Charadriiformes","Charadriidae","Pluvialis","Pluvialis squatarola",FALSE
"Arenaria interpres",NA,NA,NA,NA,"Arenaria interpres",FALSE,FALSE,"Added via direct IUCN Belize criterion-1 expansion (NT, not in the compiled source documents).","2481776","Animalia","Chordata","Aves","Charadriiformes","Scolopacidae","Arenaria","Arenaria interpres",FALSE
"Centrophorus granulosus",NA,NA,NA,NA,"Centrophorus granulosus",FALSE,FALSE,"Added via direct IUCN Belize criterion-1 expansion (EN, not in the compiled source documents).","5216423","Animalia","Chordata","Elasmobranchii","Squaliformes","Centrophoridae","Centrophorus","Centrophorus granulosus",FALSE
"Centrophorus uyato",NA,NA,NA,NA,"Centrophorus uyato",FALSE,FALSE,"Added via direct IUCN Belize criterion-1 expansion (EN, not in the compiled source documents).","5216361","Animalia","Chordata","Elasmobranchii","Squaliformes","Centrophoridae","Centrophorus","Centrophorus uyato",FALSE
"Calidris himantopus",NA,NA,NA,NA,"Calidris himantopus",FALSE,FALSE,"Added via direct IUCN Belize criterion-1 expansion (NT, not in the compiled source documents).","5229400","Animalia","Chordata","Aves","Charadriiformes","Scolopacidae","Calidris","Calidris himantopus",FALSE
"Calidris fuscicollis",NA,NA,NA,NA,"Calidris fuscicollis",FALSE,FALSE,"Added via direct IUCN Belize criterion-1 expansion (VU, not in the compiled source documents).","2481756","Animalia","Chordata","Aves","Charadriiformes","Scolopacidae","Calidris","Calidris fuscicollis",FALSE
"Calidris pusilla",NA,NA,NA,NA,"Calidris pusilla",FALSE,FALSE,"Added via direct IUCN Belize criterion-1 expansion (NT, not in the compiled source documents).","2481764","Animalia","Chordata","Aves","Charadriiformes","Scolopacidae","Calidris","Calidris pusilla",FALSE
"Limosa haemastica",NA,NA,NA,NA,"Limosa haemastica",FALSE,FALSE,"Added via direct IUCN Belize criterion-1 expansion (VU, not in the compiled source documents).","2481680","Animalia","Chordata","Aves","Charadriiformes","Scolopacidae","Limosa","Limosa haemastica",FALSE
"Calidris alpina",NA,NA,NA,NA,"Calidris alpina",FALSE,FALSE,"Added via direct IUCN Belize criterion-1 expansion (NT, not in the compiled source documents).","2481759","Animalia","Chordata","Aves","Charadriiformes","Scolopacidae","Calidris","Calidris alpina",FALSE
"Charadrius vociferus",NA,NA,NA,NA,"Charadrius vociferus",FALSE,FALSE,"Added via direct IUCN Belize criterion-1 expansion (NT, not in the compiled source documents).","2480320","Animalia","Chordata","Aves","Charadriiformes","Charadriidae","Charadrius","Charadrius vociferus",FALSE
"Calidris subruficollis",NA,NA,NA,NA,"Calidris subruficollis",FALSE,FALSE,"Added via direct IUCN Belize criterion-1 expansion (VU, not in the compiled source documents).","8292425","Animalia","Chordata","Aves","Charadriiformes","Scolopacidae","Calidris","Calidris subruficollis",FALSE
"Limnodromus scolopaceus",NA,NA,NA,NA,"Limnodromus scolopaceus",FALSE,FALSE,"Added via direct IUCN Belize criterion-1 expansion (NT, not in the compiled source documents).","2481670","Animalia","Chordata","Aves","Charadriiformes","Scolopacidae","Limnodromus","Limnodromus scolopaceus",FALSE
"Limosa fedoa",NA,NA,NA,NA,"Limosa fedoa",FALSE,FALSE,"Added via direct IUCN Belize criterion-1 expansion (VU, not in the compiled source documents).","2481684","Animalia","Chordata","Aves","Charadriiformes","Scolopacidae","Limosa","Limosa fedoa",FALSE
"Limnodromus griseus",NA,NA,NA,NA,"Limnodromus griseus",FALSE,FALSE,"Added via direct IUCN Belize criterion-1 expansion (VU, not in the compiled source documents).","2481672","Animalia","Chordata","Aves","Charadriiformes","Scolopacidae","Limnodromus","Limnodromus griseus",FALSE
"Tringa melanoleuca",NA,NA,NA,NA,"Tringa melanoleuca",FALSE,FALSE,"Added via direct IUCN Belize criterion-1 expansion (NT, not in the compiled source documents).","2481720","Animalia","Chordata","Aves","Charadriiformes","Scolopacidae","Tringa","Tringa melanoleuca",FALSE
"Beaucarnea pliabilis",NA,NA,NA,NA,"Beaucarnea pliabilis",FALSE,FALSE,"Added via direct IUCN Belize criterion-1 expansion (VU, not in the compiled source documents).","2768042","Plantae","Tracheophyta","Liliopsida","Asparagales","Asparagaceae","Beaucarnea","Beaucarnea pliabilis",FALSE
"Madracis decactis",NA,NA,NA,NA,"Madracis decactis",FALSE,FALSE,"Added via direct IUCN Belize criterion-1 expansion (CR, not in the compiled source documents).","2259487","Animalia","Cnidaria","Anthozoa","Scleractinia","Pocilloporidae","Madracis","Madracis decactis",FALSE
"Mobula mobular",NA,NA,NA,NA,"Mobula mobular",FALSE,FALSE,"Added via direct IUCN Belize criterion-1 expansion (CR, not in the compiled source documents).","2419188","Animalia","Chordata","Elasmobranchii","Myliobatiformes","Myliobatidae","Mobula","Mobula mobular",FALSE
"Mobula tarapacana",NA,NA,NA,NA,"Mobula tarapacana",FALSE,FALSE,"Added via direct IUCN Belize criterion-1 expansion (CR, not in the compiled source documents).","2419179","Animalia","Chordata","Elasmobranchii","Myliobatiformes","Myliobatidae","Mobula","Mobula tarapacana",FALSE
"Mobula thurstoni",NA,NA,NA,NA,"Mobula thurstoni",FALSE,FALSE,"Added via direct IUCN Belize criterion-1 expansion (CR, not in the compiled source documents).","2419218","Animalia","Chordata","Elasmobranchii","Myliobatiformes","Myliobatidae","Mobula","Mobula thurstoni",FALSE
"Balistes capriscus",NA,NA,NA,NA,"Balistes capriscus",FALSE,FALSE,"Added via direct IUCN Belize criterion-1 expansion (NT, not in the compiled source documents).","2407107","Animalia","Chordata",NA,"Tetraodontiformes","Balistidae","Balistes","Balistes capriscus",FALSE
"Calidris minutilla",NA,NA,NA,NA,"Calidris minutilla",FALSE,FALSE,"Added via direct IUCN Belize criterion-1 expansion (NT, not in the compiled source documents).","2481745","Animalia","Chordata","Aves","Charadriiformes","Scolopacidae","Calidris","Calidris minutilla",FALSE
"Carcharhinus falciformis",NA,NA,NA,NA,"Carcharhinus falciformis",FALSE,FALSE,"Added via direct IUCN Belize criterion-1 expansion (VU, not in the compiled source documents).","2418095","Animalia","Chordata","Elasmobranchii","Carcharhiniformes","Carcharhinidae","Carcharhinus","Carcharhinus falciformis",FALSE
"Carcharhinus leucas",NA,NA,NA,NA,"Carcharhinus leucas",FALSE,FALSE,"Added via direct IUCN Belize criterion-1 expansion (VU, not in the compiled source documents).","2418036","Animalia","Chordata","Elasmobranchii","Carcharhiniformes","Carcharhinidae","Carcharhinus","Carcharhinus leucas",FALSE
"Carcharhinus limbatus",NA,NA,NA,NA,"Carcharhinus limbatus",FALSE,FALSE,"Added via direct IUCN Belize criterion-1 expansion (VU, not in the compiled source documents).","2417970","Animalia","Chordata","Elasmobranchii","Carcharhiniformes","Carcharhinidae","Carcharhinus","Carcharhinus limbatus",FALSE
"Carcharhinus perezi",NA,NA,NA,NA,"Carcharhinus perezii",FALSE,FALSE,"Added via direct IUCN Belize criterion-1 expansion (EN, not in the compiled source documents).","2418059","Animalia","Chordata","Elasmobranchii","Carcharhiniformes","Carcharhinidae","Carcharhinus","Carcharhinus perezii",FALSE
"Chamaedorea oblongata",NA,NA,NA,NA,"Chamaedorea oblongata",FALSE,FALSE,"Added via direct IUCN Belize criterion-1 expansion (VU, not in the compiled source documents).","2734422","Plantae","Tracheophyta","Liliopsida","Arecales","Arecaceae","Chamaedorea","Chamaedorea oblongata",FALSE
"Dalbergia retusa",NA,NA,NA,NA,"Dalbergia retusa",FALSE,FALSE,"Added via direct IUCN Belize criterion-1 expansion (CR, not in the compiled source documents).","2968539","Plantae","Tracheophyta","Magnoliopsida","Fabales","Fabaceae","Dalbergia","Dalbergia retusa",FALSE
"Dermochelys coriacea",NA,NA,NA,NA,"Dermochelys coriacea",FALSE,FALSE,"Added via direct IUCN Belize criterion-1 expansion (VU, not in the compiled source documents).","9789983","Animalia","Chordata","Testudines",NA,"Dermochelyidae","Dermochelys","Dermochelys coriacea",FALSE
"Epinephelus striatus",NA,NA,NA,NA,"Epinephelus striatus",FALSE,FALSE,"Added via direct IUCN Belize criterion-1 expansion (CR, not in the compiled source documents).","2388300","Animalia","Chordata",NA,"Perciformes","Serranidae","Epinephelus","Epinephelus striatus",FALSE
"Ginglymostoma cirratum",NA,NA,NA,NA,"Ginglymostoma cirratum",FALSE,FALSE,"Added via direct IUCN Belize criterion-1 expansion (VU, not in the compiled source documents).","2417495","Animalia","Chordata","Elasmobranchii","Orectolobiformes","Ginglymostomatidae","Ginglymostoma","Ginglymostoma cirratum",FALSE
"Makaira nigricans",NA,NA,NA,NA,"Makaira nigricans",FALSE,FALSE,"Added via direct IUCN Belize criterion-1 expansion (VU, not in the compiled source documents).","8098719","Animalia","Chordata",NA,"Perciformes","Istiophoridae","Makaira","Makaira nigricans",FALSE
"Scolymia lacera",NA,NA,NA,NA,"Scolymia lacera",FALSE,FALSE,"Added via direct IUCN Belize criterion-1 expansion (CR, not in the compiled source documents).","2260340","Animalia","Cnidaria","Anthozoa","Scleractinia","Faviidae","Scolymia","Scolymia lacera",FALSE
"Sideroxylon floribundum",NA,NA,NA,NA,"Sideroxylon floribundum",FALSE,FALSE,"Added via direct IUCN Belize criterion-1 expansion (NT, not in the compiled source documents).","2886942","Plantae","Tracheophyta","Magnoliopsida","Ericales","Sapotaceae","Sideroxylon","Sideroxylon floribundum",FALSE
"Stephanocoenia intersepta",NA,NA,NA,NA,"Stephanocoenia intersepta",FALSE,FALSE,"Added via direct IUCN Belize criterion-1 expansion (NT, not in the compiled source documents).","9705144","Animalia","Cnidaria","Anthozoa","Scleractinia","Astrocoeniidae","Stephanocoenia","Stephanocoenia intersepta",FALSE
"Tectona grandis",NA,NA,NA,NA,"Tectona grandis",FALSE,FALSE,"Added via direct IUCN Belize criterion-1 expansion (EN, not in the compiled source documents).","2925649","Plantae","Tracheophyta","Magnoliopsida","Lamiales","Lamiaceae","Tectona","Tectona grandis",FALSE
"Vanilla cribbiana",NA,NA,NA,NA,"Vanilla cribbiana",FALSE,FALSE,"Added via direct IUCN Belize criterion-1 expansion (CR, not in the compiled source documents).","6316071","Plantae","Tracheophyta","Liliopsida","Asparagales","Orchidaceae","Vanilla","Vanilla cribbiana",FALSE
"Vanilla planifolia",NA,NA,NA,NA,"Vanilla planifolia",FALSE,FALSE,"Added via direct IUCN Belize criterion-1 expansion (EN, not in the compiled source documents).","2803398","Plantae","Tracheophyta","Liliopsida","Asparagales","Orchidaceae","Vanilla","Vanilla planifolia",FALSE
"Magnolia yoroconte",NA,NA,NA,NA,"Magnolia yoroconte",FALSE,FALSE,"Added via direct IUCN Belize criterion-1 expansion (VU, not in the compiled source documents).","3153700","Plantae","Tracheophyta","Magnoliopsida","Magnoliales","Magnoliaceae","Magnolia","Magnolia yoroconte",FALSE
"Carcharhinus obscurus",NA,NA,NA,NA,"Carcharhinus obscurus",FALSE,FALSE,"Added via direct IUCN Belize criterion-1 expansion (EN, not in the compiled source documents).","2418005","Animalia","Chordata","Elasmobranchii","Carcharhiniformes","Carcharhinidae","Carcharhinus","Carcharhinus obscurus",FALSE
"Carcharhinus plumbeus",NA,NA,NA,NA,"Carcharhinus plumbeus",FALSE,FALSE,"Added via direct IUCN Belize criterion-1 expansion (EN, not in the compiled source documents).","2418009","Animalia","Chordata","Elasmobranchii","Carcharhiniformes","Carcharhinidae","Carcharhinus","Carcharhinus plumbeus",FALSE
"Isurus oxyrinchus",NA,NA,NA,NA,"Isurus oxyrinchus",FALSE,FALSE,"Added via direct IUCN Belize criterion-1 expansion (EN, not in the compiled source documents).","5216248","Animalia","Chordata","Elasmobranchii","Lamniformes","Lamnidae","Isurus","Isurus oxyrinchus",FALSE
"Carcharhinus brevipinna",NA,NA,NA,NA,"Carcharhinus brevipinna",FALSE,FALSE,"Added via direct IUCN Belize criterion-1 expansion (VU, not in the compiled source documents).","2417983","Animalia","Chordata","Elasmobranchii","Carcharhiniformes","Carcharhinidae","Carcharhinus","Carcharhinus brevipinna",FALSE
"Carcharhinus longimanus",NA,NA,NA,NA,"Carcharhinus longimanus",FALSE,FALSE,"Added via direct IUCN Belize criterion-1 expansion (CR, not in the compiled source documents).","2418052","Animalia","Chordata","Elasmobranchii","Carcharhiniformes","Carcharhinidae","Carcharhinus","Carcharhinus longimanus",FALSE
"Galeocerdo cuvier",NA,NA,NA,NA,"Galeocerdo cuvier",FALSE,FALSE,"Added via direct IUCN Belize criterion-1 expansion (NT, not in the compiled source documents).","2418234","Animalia","Chordata","Elasmobranchii","Carcharhiniformes","Carcharhinidae","Galeocerdo","Galeocerdo cuvier",FALSE
"Negaprion brevirostris",NA,NA,NA,NA,"Negaprion brevirostris",FALSE,FALSE,"Added via direct IUCN Belize criterion-1 expansion (VU, not in the compiled source documents).","2417919","Animalia","Chordata","Elasmobranchii","Carcharhiniformes","Carcharhinidae","Negaprion","Negaprion brevirostris",FALSE
"Prionace glauca",NA,NA,NA,NA,"Prionace glauca",FALSE,FALSE,"Added via direct IUCN Belize criterion-1 expansion (NT, not in the compiled source documents).","2417940","Animalia","Chordata","Elasmobranchii","Carcharhiniformes","Carcharhinidae","Prionace","Prionace glauca",FALSE
"Sphyrna lewini",NA,NA,NA,NA,"Sphyrna lewini",FALSE,FALSE,"Added via direct IUCN Belize criterion-1 expansion (CR, not in the compiled source documents).","2418789","Animalia","Chordata","Elasmobranchii","Carcharhiniformes","Sphyrnidae","Sphyrna","Sphyrna lewini",FALSE
"Sphyrna mokarran",NA,NA,NA,NA,"Sphyrna mokarran",FALSE,FALSE,"Added via direct IUCN Belize criterion-1 expansion (CR, not in the compiled source documents).","2418792","Animalia","Chordata","Elasmobranchii","Carcharhiniformes","Sphyrnidae","Sphyrna","Sphyrna mokarran",FALSE
"Heptranchias perlo",NA,NA,NA,NA,"Heptranchias perlo",FALSE,FALSE,"Added via direct IUCN Belize criterion-1 expansion (NT, not in the compiled source documents).","2420586","Animalia","Chordata","Elasmobranchii","Hexanchiformes","Hexanchidae","Heptranchias","Heptranchias perlo",FALSE
"Rhinoptera brasiliensis",NA,NA,NA,NA,"Rhinoptera brasiliensis",FALSE,FALSE,"Added via direct IUCN Belize criterion-1 expansion (VU, not in the compiled source documents).","5215785","Animalia","Chordata","Elasmobranchii","Myliobatiformes","Myliobatidae","Rhinoptera","Rhinoptera brasiliensis",FALSE
"Rhinoptera bonasus",NA,NA,NA,NA,"Rhinoptera bonasus",FALSE,FALSE,"Added via direct IUCN Belize criterion-1 expansion (VU, not in the compiled source documents).","5215777","Animalia","Chordata","Elasmobranchii","Myliobatiformes","Myliobatidae","Rhinoptera","Rhinoptera bonasus",FALSE
"Styracura schmardae",NA,NA,NA,NA,"Styracura schmardae",FALSE,FALSE,"Added via direct IUCN Belize criterion-1 expansion (EN, not in the compiled source documents).","8971927","Animalia","Chordata","Elasmobranchii","Myliobatiformes","Potamotrygonidae","Styracura","Styracura schmardae",FALSE
"Carcharhinus signatus",NA,NA,NA,NA,"Carcharhinus signatus",FALSE,FALSE,"Added via direct IUCN Belize criterion-1 expansion (EN, not in the compiled source documents).","2418077","Animalia","Chordata","Elasmobranchii","Carcharhiniformes","Carcharhinidae","Carcharhinus","Carcharhinus signatus",FALSE
"Carcharhinus porosus",NA,NA,NA,NA,"Carcharhinus porosus",FALSE,FALSE,"Added via direct IUCN Belize criterion-1 expansion (CR, not in the compiled source documents).","2418162","Animalia","Chordata","Elasmobranchii","Carcharhiniformes","Carcharhinidae","Carcharhinus","Carcharhinus porosus",FALSE
"Isurus paucus",NA,NA,NA,NA,"Isurus paucus",FALSE,FALSE,"Added via direct IUCN Belize criterion-1 expansion (EN, not in the compiled source documents).","5216258","Animalia","Chordata","Elasmobranchii","Lamniformes","Lamnidae","Isurus","Isurus paucus",FALSE
"Rhizoprionodon porosus",NA,NA,NA,NA,"Rhizoprionodon porosus",FALSE,FALSE,"Added via direct IUCN Belize criterion-1 expansion (VU, not in the compiled source documents).","2417889","Animalia","Chordata","Elasmobranchii","Carcharhiniformes","Carcharhinidae","Rhizoprionodon","Rhizoprionodon porosus",FALSE
"Gymnura altavela",NA,NA,NA,NA,"Gymnura altavela",FALSE,FALSE,"Added via direct IUCN Belize criterion-1 expansion (EN, not in the compiled source documents).","5216232","Animalia","Chordata","Elasmobranchii","Myliobatiformes","Gymnuridae","Gymnura","Gymnura altavela",FALSE
"Halophila baillonii",NA,NA,NA,NA,"Halophila baillonii",FALSE,FALSE,"Added via direct IUCN Belize criterion-1 expansion (VU, not in the compiled source documents).","5535318","Plantae","Tracheophyta","Liliopsida","Alismatales","Hydrocharitaceae","Halophila","Halophila baillonii",FALSE
"Fulfordianthus evansii",NA,NA,NA,NA,"Fulfordianthus evansii",FALSE,FALSE,"Added via direct IUCN Belize criterion-1 expansion (VU, not in the compiled source documents).","5793136","Plantae","Marchantiophyta","Jungermanniopsida","Porellales","Lejeuneaceae","Fulfordianthus","Fulfordianthus evansii",FALSE
"Epigomphus maya",NA,NA,NA,NA,"Epigomphus maya",FALSE,FALSE,"Added via direct IUCN Belize criterion-1 expansion (EN, not in the compiled source documents).","1425462","Animalia","Arthropoda","Insecta","Odonata","Gomphidae","Epigomphus","Epigomphus maya",FALSE
"Eretmochelys imbricata",NA,NA,NA,NA,"Eretmochelys imbricata",FALSE,FALSE,"Added via direct IUCN Belize criterion-1 expansion (CR, not in the compiled source documents).","8841716","Animalia","Chordata","Testudines",NA,"Cheloniidae","Eretmochelys","Eretmochelys imbricata",FALSE
"Hydrochorea leucocalyx",NA,NA,NA,NA,"Balizia leucocalyx",FALSE,FALSE,"Added via direct IUCN Belize criterion-1 expansion (NT, not in the compiled source documents).","2977400","Plantae","Tracheophyta","Magnoliopsida","Fabales","Fabaceae","Balizia","Balizia leucocalyx",FALSE
"Sanopus greenfieldorum",NA,NA,NA,NA,"Sanopus greenfieldorum",FALSE,FALSE,"Added via direct IUCN Belize criterion-1 expansion (VU, not in the compiled source documents).","2350872","Animalia","Chordata",NA,"Batrachoidiformes","Batrachoididae","Sanopus","Sanopus greenfieldorum",FALSE
"Sanopus splendidus",NA,NA,NA,NA,"Sanopus splendidus",FALSE,FALSE,"Added via direct IUCN Belize criterion-1 expansion (EN, not in the compiled source documents).","2350865","Animalia","Chordata",NA,"Batrachoidiformes","Batrachoididae","Sanopus","Sanopus splendidus",FALSE
"Scarus guacamaia",NA,NA,NA,NA,"Scarus guacamaia",FALSE,FALSE,"Added via direct IUCN Belize criterion-1 expansion (NT, not in the compiled source documents).","2393779","Animalia","Chordata",NA,"Perciformes","Scaridae","Scarus","Scarus guacamaia",FALSE
"Vladichthys gloverensis",NA,NA,NA,NA,"Vladichthys gloverensis",FALSE,FALSE,"Added via direct IUCN Belize criterion-1 expansion (VU, not in the compiled source documents).","2350924","Animalia","Chordata",NA,"Batrachoidiformes","Batrachoididae","Vladichthys","Vladichthys gloverensis",FALSE
"Vampyrum spectrum",NA,NA,NA,NA,"Vampyrum spectrum",FALSE,FALSE,"Added via direct IUCN Belize criterion-1 expansion (NT, not in the compiled source documents).","2433341","Animalia","Chordata","Mammalia","Chiroptera","Phyllostomidae","Vampyrum","Vampyrum spectrum",FALSE
"Perimyotis subflavus",NA,NA,NA,NA,"Perimyotis subflavus",FALSE,FALSE,"Added via direct IUCN Belize criterion-1 expansion (VU, not in the compiled source documents).","7665644","Animalia","Chordata","Mammalia","Chiroptera","Vespertilionidae","Perimyotis","Perimyotis subflavus",FALSE
"Bauerus dubiaquercus",NA,NA,NA,NA,"Bauerus dubiaquercus",FALSE,FALSE,"Added via direct IUCN Belize criterion-1 expansion (NT, not in the compiled source documents).","4265862","Animalia","Chordata","Mammalia","Chiroptera","Vespertilionidae","Bauerus","Bauerus dubiaquercus",FALSE
"Trichechus manatus",NA,NA,NA,NA,"Trichechus manatus",FALSE,FALSE,"Added via direct IUCN Belize criterion-1 expansion (VU, not in the compiled source documents).","2435296","Animalia","Chordata","Mammalia","Sirenia","Trichechidae","Trichechus","Trichechus manatus",FALSE
"Hyporthodus nigritus",NA,NA,NA,NA,"Hyporthodus nigritus",FALSE,FALSE,"Added via direct IUCN Belize criterion-1 expansion (NT, not in the compiled source documents).","5788220","Animalia","Chordata",NA,"Perciformes","Serranidae","Hyporthodus","Hyporthodus nigritus",FALSE
"Halichoeres socialis",NA,NA,NA,NA,"Halichoeres socialis",FALSE,FALSE,"Added via direct IUCN Belize criterion-1 expansion (EN, not in the compiled source documents).","2384066","Animalia","Chordata",NA,"Perciformes","Labridae","Halichoeres","Halichoeres socialis",FALSE
"Physeter macrocephalus",NA,NA,NA,NA,"Physeter macrocephalus",FALSE,FALSE,"Added via direct IUCN Belize criterion-1 expansion (VU, not in the compiled source documents).","8123917","Animalia","Chordata","Mammalia","Cetacea","Physeteridae","Physeter","Physeter macrocephalus",FALSE
"Chamaedorea adscendens",NA,NA,NA,NA,"Chamaedorea adscendens",FALSE,FALSE,"Added via direct IUCN Belize criterion-1 expansion (VU, not in the compiled source documents).","2734697","Plantae","Tracheophyta","Liliopsida","Arecales","Arecaceae","Chamaedorea","Chamaedorea adscendens",FALSE
